master_club_id,canonical_name,country,league
club_1e328148,Arsenal,England,Premier League
club_9d67c2fd,Aston Villa,England,Premier League
club_e2f1bb1e,Bournemouth,England,Premier League
club_4f5d50bb,Brentford,England,Premier League
club_d2d89a85,Brighton,England,Premier League
club_eb6e74d9,Burnley,England,Premier League
club_1f979dbb,Chelsea,England,Premier League
club_81565bf5,Crystal Palace,England,Premier League
club_7643b99d,Everton,England,Premier League
club_424e85c9,Fulham,England,Premier League
club_3bb25b7f,Liverpool,England,Premier League
club_57859e4d,Luton Town,England,Premier League
club_b218207a,Manchester City,England,Premier League
club_1c328863,Manchester United,England,Premier League
club_764f428a,Newcastle United,England,Premier League
club_f61de81b,Nottingham Forest,England,Premier League
club_6b195a60,Sheffield United,England,Premier League
club_b905ca11,Tottenham Hotspur,England,Premier League
club_091d674e,West Ham United,England,Premier League
club_e74223a2,Wolverhampton Wanderers,England,Premier League
club_f371ef16,Leicester,England,Premier League
club_957b15fc,Cardiff,England,Premier League
club_31f81526,Huddersfield,England,Premier League
club_3a46461b,Watford,England,Premier League
club_aabf7b31,Southampton,England,Premier League
club_aae864a7,Norwich,England,Premier League
club_68296972,Leeds,England,Premier League
club_7b03df78,West Brom,England,Premier League
