club_id,season_id,matches,wins,draws,losses,points,gf,ga,gd
club_78ab8ea7,2021_2022,28,9,6,13,33,31.0,39.0,-8.0
club_559decae,2021_2022,28,13,3,12,42,38.0,43.0,-5.0
club_48b91a73,2021_2022,28,5,9,14,24,24.0,40.0,-16.0
club_2be5211f,2021_2022,28,9,8,11,35,31.0,38.0,-7.0
club_1fcc1eb6,2021_2022,28,12,10,6,46,43.0,26.0,17.0
club_28c2f5a2,2021_2022,28,7,11,10,32,34.0,36.0,-2.0
club_95b443a0,2021_2022,28,9,5,14,32,30.0,50.0,-20.0
club_bd02f4b3,2021_2022,28,10,6,12,36,37.0,40.0,-3.0
club_59f02300,2021_2022,28,14,4,10,46,44.0,32.0,12.0
club_b361f3db,2021_2022,28,21,4,3,67,63.0,20.0,43.0
club_58eca956,2021_2022,28,19,8,1,65,64.0,23.0,41.0
club_3cbb9e40,2021_2022,28,8,4,16,28,34.0,45.0,-11.0
club_d7cb711a,2021_2022,28,10,3,15,33,22.0,35.0,-13.0
club_c15a9332,2021_2022,28,7,3,18,24,27.0,52.0,-25.0
club_1001aa76,2021_2022,28,12,6,10,42,38.0,41.0,-3.0
club_28c2f5a2,2022_2023,32,6,11,15,29,28.0,46.0,-18.0
club_559decae,2022_2023,32,22,4,6,70,74.0,36.0,38.0
club_17e261c8,2022_2023,32,9,7,16,34,40.0,46.0,-6.0
club_58eca956,2022_2023,32,15,9,8,54,56.0,38.0,18.0
club_990c6e40,2022_2023,32,7,6,19,27,26.0,64.0,-38.0
club_3cbb9e40,2022_2023,32,14,6,12,48,43.0,40.0,3.0
club_95b443a0,2022_2023,32,16,11,5,59,56.0,29.0,27.0
club_fe87899a,2022_2023,32,5,11,16,26,29.0,59.0,-30.0
club_c15a9332,2022_2023,32,6,10,16,28,27.0,49.0,-22.0
club_1fcc1eb6,2022_2023,32,8,11,13,35,31.0,39.0,-8.0
club_1001aa76,2022_2023,32,19,4,9,61,49.0,41.0,8.0
club_2be5211f,2022_2023,32,14,6,12,48,56.0,45.0,11.0
club_bd02f4b3,2022_2023,32,9,5,18,32,34.0,47.0,-13.0
club_b361f3db,2022_2023,32,22,5,5,71,77.0,29.0,48.0
club_d7cb711a,2022_2023,32,9,8,15,35,24.0,45.0,-21.0
club_78ab8ea7,2022_2023,32,12,11,9,47,45.0,41.0,4.0
club_59f02300,2022_2023,32,14,5,13,47,48.0,49.0,-1.0
club_48b91a73,2023_2024,38,5,9,24,24,41.0,78.0,-37.0
club_b361f3db,2023_2024,38,28,7,3,91,96.0,34.0,62.0
club_559decae,2023_2024,38,28,5,5,89,91.0,29.0,62.0
club_fe87899a,2023_2024,38,9,9,20,36,49.0,67.0,-18.0
club_990c6e40,2023_2024,38,13,9,16,48,54.0,67.0,-13.0
club_bd02f4b3,2023_2024,38,14,10,14,52,60.0,74.0,-14.0
club_2be5211f,2023_2024,38,12,12,14,48,55.0,62.0,-7.0
club_0df311c9,2023_2024,38,6,8,24,26,52.0,85.0,-33.0
club_c15a9332,2023_2024,38,13,9,16,48,40.0,51.0,-11.0
club_17e261c8,2023_2024,38,13,8,17,47,55.0,61.0,-6.0
club_f8e1b223,2023_2024,38,3,7,28,16,35.0,104.0,-69.0
club_28c2f5a2,2023_2024,38,13,10,15,49,57.0,58.0,-1.0
club_95b443a0,2023_2024,38,18,6,14,60,85.0,62.0,23.0
club_3cbb9e40,2023_2024,38,20,8,10,68,76.0,61.0,15.0
club_78ab8ea7,2023_2024,38,10,9,19,39,56.0,65.0,-9.0
club_59f02300,2023_2024,38,20,6,12,66,74.0,61.0,13.0
club_1fcc1eb6,2023_2024,38,18,9,11,63,77.0,63.0,14.0
club_58eca956,2023_2024,38,24,10,4,82,86.0,41.0,45.0
club_1001aa76,2023_2024,38,18,6,14,60,57.0,58.0,-1.0
club_d7cb711a,2023_2024,38,13,7,18,46,50.0,65.0,-15.0
