transfer_id,master_player_id,season_id,transfer_date,fee_gbp,log_fee_gbp,age_at_transfer,age_squared,position,position_raw,nationality,selling_club_id,prev_season_points,prev_season_points_per_match,prev_season_gd,prev_season_minutes,low_minutes_flag,prev_season_goals,prev_season_goals_per90,prev_season_xg_per90,fee_band,predicted_fee,absolute_error,signed_error
f07942f6-f39,plr_92cc17a7,2023,2023-07-01,100159400.0,18.4223,24.0,576.0,MIDFIELDER,Central Midfield,England,club_559decae,,,,,UNKNOWN,,,,VERY_HIGH,15666694.107034694,84492705.8929653,-84492705.8929653
3bf4f474-0dd,plr_4dccb5ef,2023,2023-07-01,64425000.0,17.981,24.0,576.0,FORWARD,Centre-Forward,Germany,club_559decae,,,,,UNKNOWN,,,,VERY_HIGH,11402580.494022703,53022419.505977295,-53022419.505977295
de4975a6-80d,plr_2a8fa7d4,2023,2023-07-01,34360000.0,17.3524,22.0,484.0,DEFENDER,Right-Back,Netherlands,UNKNOWN,,,,,UNKNOWN,,,,VERY_HIGH,8272885.390016456,26087114.609983545,-26087114.609983545
b3f52f5d-bc9,plr_2f273f97,2023,2023-07-01,12885000.0,16.3716,30.0,900.0,MIDFIELDER,Defensive Midfield,Switzerland,UNKNOWN,,,,,UNKNOWN,,,,HIGH,8724960.678274808,4160039.3217251915,-4160039.3217251915
f5416e78-39e,plr_37424213,2023,2023-07-01,7000850.0,15.7615,29.0,841.0,GOALKEEPER,Goalkeeper,United States,club_559decae,,,,,UNKNOWN,,,,MEDIUM,13776272.42510127,6775422.425101271,6775422.425101271
39d59925-994,plr_4ffb3b78,2023,2023-07-01,4982200.0,15.4214,24.0,576.0,DEFENDER,Centre-Back,United States,club_559decae,,,,,UNKNOWN,,,,MEDIUM,11625336.31755532,6643136.3175553195,6643136.3175553195
f621b9fa-ae2,plr_6db50417,2023,2023-07-01,1030800.0,13.8458,27.0,729.0,DEFENDER,Centre-Back,England,club_559decae,,,,,UNKNOWN,,,,LOW,24249722.99914393,23218922.99914393,23218922.99914393
059f0b95-d48,plr_d957e627,2023,2023-07-01,47245000.0,17.6709,24.0,576.0,FORWARD,Right Winger,France,UNKNOWN,,,,,UNKNOWN,,,,VERY_HIGH,16728749.11907302,30516250.88092698,-30516250.88092698
98871582-ffc,plr_754b9491,2023,2023-07-01,28347000.0,17.16,21.0,441.0,MIDFIELDER,Attacking Midfield,England,UNKNOWN,,,,,UNKNOWN,,,,VERY_HIGH,12676936.194341594,15670063.805658406,-15670063.805658406
c91ae815-915,plr_8c0e66a9,2023,2023-07-01,28347000.0,17.16,26.0,676.0,DEFENDER,Centre-Back,Spain,UNKNOWN,,,,,UNKNOWN,,,,VERY_HIGH,20789517.72123035,7557482.27876965,-7557482.27876965
fc583ee3-533,plr_23298e97,2023,2023-07-01,6528400.0,15.6917,18.0,324.0,DEFENDER,Right-Back,Serbia,UNKNOWN,,,,,UNKNOWN,,,,MEDIUM,7829212.254089064,1300812.254089064,1300812.254089064
ecbd1d06-688,plr_da75d646,2023,2023-07-01,1288500.0,14.069,23.0,529.0,GOALKEEPER,Goalkeeper,Australia,club_95b443a0,,,,,UNKNOWN,,,,LOW,8463913.819356058,7175413.819356058,7175413.819356058
ae1d6962-1fb,plr_6b18b25c,2023,2023-07-01,18511450.0,16.7339,21.0,441.0,FORWARD,Centre-Forward,England,club_3cbb9e40,,,,,UNKNOWN,,,,VERY_HIGH,19417176.06386091,905726.0638609082,905726.0638609082
b8d2dd7f-f96,plr_e7e8fb9f,2023,2023-07-01,4982200.0,15.4214,21.0,441.0,FORWARD,Left Winger,England,club_464350c5,,,,,UNKNOWN,,,,MEDIUM,19417176.06386091,14434976.063860908,14434976.063860908
0594abd9-938,plr_2de731b9,2023,2023-07-01,2491100.0,14.7282,29.0,841.0,MIDFIELDER,Defensive Midfield,Zimbabwe,club_3cbb9e40,,,,,UNKNOWN,,,,LOW,14209209.982733598,11718109.982733598,11718109.982733598
f577b344-336,plr_ed563351,2023,2023-07-01,1975700.0,14.4964,25.0,625.0,FORWARD,Centre-Forward,England,UNKNOWN,,,,,UNKNOWN,,,,LOW,23504602.250270303,21528902.250270303,21528902.250270303
f17536f5-07f,plr_ebe00fad,2023,2023-07-01,23107100.0,16.9557,24.0,576.0,MIDFIELDER,Defensive Midfield,United States,club_d970dbec,,,,,UNKNOWN,,,,VERY_HIGH,6486935.700822871,16620164.299177129,-16620164.299177129
783f2046-ea1,plr_e46371bb,2023,2023-07-01,22007580.0,16.9069,23.0,529.0,FORWARD,Left Winger,Cote d'Ivoire,UNKNOWN,,,,,UNKNOWN,,,,VERY_HIGH,12254946.254733946,9752633.745266054,-9752633.745266054
e19b66e6-ca8,plr_95a7f520,2023,2023-07-01,19757000.0,16.799,19.0,361.0,MIDFIELDER,Central Midfield,England,UNKNOWN,,,,,UNKNOWN,,,,VERY_HIGH,10936470.009592688,8820529.990407312,-8820529.990407312
5c535bba-c5f,plr_b5fc3b52,2023,2023-07-01,17583730.0,16.6825,19.0,361.0,DEFENDER,Left-Back,Hungary,UNKNOWN,,,,,UNKNOWN,,,,VERY_HIGH,4299583.7173003275,13284146.282699673,-13284146.282699673
4884d367-761,plr_9029bacd,2023,2023-07-01,12885000.0,16.3716,25.0,625.0,MIDFIELDER,Attacking Midfield,France,UNKNOWN,,,,,UNKNOWN,,,,HIGH,11086177.523270005,1798822.4767299946,-1798822.4767299946
a11109c0-2e6,plr_0d2e1c82,2023,2023-07-01,9277200.0,16.0431,24.0,576.0,MIDFIELDER,Attacking Midfield,Netherlands,UNKNOWN,,,,,UNKNOWN,,,,MEDIUM,5178197.866488706,4099002.1335112937,-4099002.1335112937
7f8b6a65-b4e,plr_0c5d5e48,2023,2023-07-01,6957900.0,15.7554,23.0,529.0,DEFENDER,Right-Back,England,UNKNOWN,,,,,UNKNOWN,,,,MEDIUM,19757967.601460144,12800067.601460144,12800067.601460144
100463ff-79e,plr_0c621202,2023,2023-07-01,1288500.0,14.069,28.0,784.0,MIDFIELDER,Defensive Midfield,England,club_b361f3db,,,,,UNKNOWN,,,,LOW,20360614.110355675,19072114.110355675,19072114.110355675
5a631d53-2f6,plr_71160be8,2023,2023-07-01,23064150.0,16.9538,22.0,484.0,DEFENDER,Centre-Back,Ireland,club_78ab8ea7,,,,,UNKNOWN,,,,VERY_HIGH,11733533.131517569,11330616.868482431,-11330616.868482431
c77f256c-2f3,plr_6558a172,2023,2023-07-01,21475000.0,16.8824,21.0,441.0,FORWARD,Left Winger,Germany,UNKNOWN,,,,,UNKNOWN,,,,VERY_HIGH,8412822.581329605,13062177.418670395,-13062177.418670395
89c94303-e39,plr_64fc4378,2023,2023-07-01,11167000.0,16.2285,30.0,900.0,GOALKEEPER,Goalkeeper,Netherlands,UNKNOWN,,,,,UNKNOWN,,,,HIGH,13817908.6215299,2650908.6215298995,2650908.6215298995
369da357-6f4,plr_629610b7,2023,2023-07-01,3865500.0,15.1676,18.0,324.0,MIDFIELDER,Defensive Midfield,Türkiye,UNKNOWN,,,,,UNKNOWN,,,,LOW,2690811.6373566156,1174688.3626433844,-1174688.3626433844
064e8ba8-588,plr_c8c0c305,2023,2023-07-01,2577000.0,14.7621,22.0,484.0,GOALKEEPER,Goalkeeper,Iceland,UNKNOWN,,,,,UNKNOWN,,,,LOW,7467327.848458357,4890327.848458357,4890327.848458357
c98bfeb8-de3,plr_13c77bdd,2023,2023-07-01,429500.0,12.9704,23.0,529.0,FORWARD,Centre-Forward,Türkiye,UNKNOWN,,,,,UNKNOWN,,,,LOW,13908569.84727144,13479069.84727144,13479069.84727144
7b6bce4f-3b6,plr_1dfc1298,2023,2023-07-01,29377800.0,17.1957,21.0,441.0,FORWARD,Centre-Forward,Brazil,club_78ab8ea7,,,,,UNKNOWN,,,,VERY_HIGH,10435242.702257505,18942557.297742493,-18942557.297742493
0b5c64ab-a6f,plr_e48ec7e8,2023,2023-07-01,23193000.0,16.9594,19.0,361.0,MIDFIELDER,Defensive Midfield,Cameroon,UNKNOWN,,,,,UNKNOWN,,,,VERY_HIGH,3485233.0026171207,19707766.99738288,-19707766.99738288
557d0752-1ff,plr_13740610,2023,2023-07-01,17180000.0,16.6593,20.0,400.0,GOALKEEPER,Goalkeeper,Netherlands,UNKNOWN,,,,,UNKNOWN,,,,VERY_HIGH,2588520.127320433,14591479.872679567,-14591479.872679567
75e6c0de-513,plr_8d1b3359,2023,2023-07-01,14173500.0,16.4669,25.0,625.0,DEFENDER,Centre-Back,Brazil,UNKNOWN,,,,,UNKNOWN,,,,HIGH,12920829.635880036,1252670.3641199637,-1252670.3641199637
74d75744-494,plr_4cb0ff62,2023,2023-07-01,7859850.0,15.8773,19.0,361.0,MIDFIELDER,Central Midfield,Argentina,UNKNOWN,,,,,UNKNOWN,,,,MEDIUM,6044635.242973659,1815214.7570263408,-1815214.7570263408
927d363d-bc4,plr_e3f9c5b6,2023,2023-07-01,99644000.0,18.4171,21.0,441.0,MIDFIELDER,Defensive Midfield,Ecuador,club_2be5211f,,,,,UNKNOWN,,,,VERY_HIGH,361782.75129779987,99282217.2487022,-99282217.2487022
92c68bc9-b50,plr_3238b13b,2023,2023-07-01,36078000.0,17.4012,24.0,576.0,MIDFIELDER,Central Midfield,Argentina,club_2be5211f,,,,,UNKNOWN,,,,VERY_HIGH,10774859.340415666,25303140.659584336,-25303140.659584336
4e3de709-0ac,plr_a9b3e452,2023,2023-07-01,19757000.0,16.799,25.0,625.0,GOALKEEPER,Goalkeeper,Spain,club_2be5211f,,,,,UNKNOWN,,,,VERY_HIGH,15798491.520976234,3958508.479023766,-3958508.479023766
298f0b13-022,plr_bcfffb31,2023,2023-07-01,1159650.0,13.9636,23.0,529.0,FORWARD,Centre-Forward,Ireland,club_464350c5,,,,,UNKNOWN,,,,LOW,14331958.355202131,13172308.355202131,13172308.355202131
3e9f28ca-9f4,plr_77a249d2,2023,2023-07-01,15977400.0,16.5867,22.0,484.0,FORWARD,Centre-Forward,Switzerland,club_559decae,,,,,UNKNOWN,,,,VERY_HIGH,6077360.54115216,9900039.45884784,-9900039.45884784
89b5b76c-9d7,plr_6f459aa1,2023,2023-07-01,14860700.0,16.5142,20.0,400.0,GOALKEEPER,Goalkeeper,England,club_48b91a73,,,,,UNKNOWN,,,,HIGH,13077016.367866421,1783683.6321335789,-1783683.6321335789
9132882a-b65,plr_9bb18cac,2023,2023-07-01,14130550.0,16.4638,20.0,400.0,MIDFIELDER,Attacking Midfield,England,club_3cbb9e40,,,,,UNKNOWN,,,,HIGH,11781432.526262492,2349117.473737508,-2349117.473737508
ac66b315-50f,plr_249105b5,2023,2023-07-01,12885000.0,16.3716,23.0,529.0,DEFENDER,Centre-Back,Germany,UNKNOWN,,,,,UNKNOWN,,,,HIGH,8753614.11892884,4131385.8810711596,-4131385.8810711596
f66566b9-0ee,plr_218df882,2023,2023-07-01,11940100.0,16.2954,25.0,625.0,MIDFIELDER,Defensive Midfield,Norway,club_48b91a73,,,,,UNKNOWN,,,,HIGH,9313125.373775424,2626974.6262245756,-2626974.6262245756
3f812091-a3e,plr_1391ea77,2023,2023-07-01,10308000.0,16.1484,18.0,324.0,FORWARD,Left Winger,France,UNKNOWN,,,,,UNKNOWN,,,,HIGH,11204103.65637051,896103.6563705094,896103.6563705094
0928c6c2-33e,plr_9f70d005,2023,2023-07-01,6700200.0,15.7176,24.0,576.0,DEFENDER,Centre-Back,Ireland,UNKNOWN,,,,,UNKNOWN,,,,MEDIUM,13777246.224722266,7077046.224722266,7077046.224722266
11ad572a-5b7,plr_7f380ded,2023,2023-07-01,3436000.0,15.0498,23.0,529.0,FORWARD,Centre-Forward,Ireland,UNKNOWN,,,,,UNKNOWN,,,,LOW,14331958.355202131,10895958.355202131,10895958.355202131
57178725-f05,plr_d48dd460,2023,2023-07-01,2577000.0,14.7621,24.0,576.0,DEFENDER,Centre-Back,Haiti,UNKNOWN,,,,,UNKNOWN,,,,LOW,13353857.716791574,10776857.716791574,10776857.716791574
f5e42ad3-a79,plr_2c948b59,2023,2023-07-01,2577000.0,14.7621,18.0,324.0,FORWARD,Right Winger,Italy,UNKNOWN,,,,,UNKNOWN,,,,LOW,18061486.760398947,15484486.760398947,15484486.760398947
96724570-d3f,plr_6365b590,2023,2023-07-01,1975700.0,14.4964,22.0,484.0,DEFENDER,Centre-Back,England,club_e086bfa1,,,,,UNKNOWN,,,,LOW,18761381.630562443,16785681.630562443,16785681.630562443
c0f8072b-bfc,plr_cb9955d4,2023,2023-07-01,53343900.0,17.7923,19.0,361.0,MIDFIELDER,Defensive Midfield,Belgium,UNKNOWN,,,,,UNKNOWN,,,,VERY_HIGH,21012837.084003285,32331062.915996715,-32331062.915996715
5788095b-60e,plr_388d98dd,2023,2023-07-01,51540000.0,17.7579,25.0,625.0,FORWARD,Centre-Forward,France,UNKNOWN,,,,,UNKNOWN,,,,VERY_HIGH,17826417.39278932,33713582.60721068,-33713582.60721068
ac77ad59-10e,plr_cb9c7245,2023,2023-07-01,40373000.0,17.5137,21.0,441.0,MIDFIELDER,Attacking Midfield,England,club_1fcc1eb6,,,,,UNKNOWN,,,,VERY_HIGH,12676936.194341594,27696063.805658408,-27696063.805658408
e27bc3d0-c75,plr_4f1320bb,2023,2023-07-01,38655000.0,17.4702,25.0,625.0,DEFENDER,Centre-Back,France,UNKNOWN,,,,,UNKNOWN,,,,VERY_HIGH,16224578.140002454,22430421.85999755,-22430421.85999755
653f301b-b9e,plr_33b7c509,2023,2023-07-01,31783000.0,17.2744,22.0,484.0,FORWARD,Centre-Forward,Senegal,UNKNOWN,,,,,UNKNOWN,,,,VERY_HIGH,16140905.475971349,15642094.524028651,-15642094.524028651
5e6b4db7-e4e,plr_ef576cd5,2023,2023-07-01,23193000.0,16.9594,19.0,361.0,MIDFIELDER,Defensive Midfield,France,UNKNOWN,,,,,UNKNOWN,,,,VERY_HIGH,5258285.152111703,17934714.8478883,-17934714.8478883
74d8fa9f-757,plr_17657716,2023,2023-07-01,13744000.0,16.4361,23.0,529.0,GOALKEEPER,Goalkeeper,Serbia,UNKNOWN,,,,,UNKNOWN,,,,HIGH,8463913.819356058,5280086.180643942,-5280086.180643942
86f7b7ae-19a,plr_7f2ffafa,2023,2023-07-01,12885000.0,16.3716,18.0,324.0,FORWARD,Right Winger,Brazil,UNKNOWN,,,,,UNKNOWN,,,,HIGH,7900355.152248092,4984644.847751908,-4984644.847751908
b286fefd-6ed,plr_637cffd7,2023,2023-07-01,58154300.0,17.8786,24.0,576.0,MIDFIELDER,Attacking Midfield,England,club_1fcc1eb6,,,,,UNKNOWN,,,,VERY_HIGH,15666694.107034694,42487605.8929653,-42487605.8929653
ad5ab5da-6c1,plr_4b7ba546,2023,2023-07-01,24996900.0,17.0343,29.0,841.0,MIDFIELDER,Central Midfield,Croatia,club_1fcc1eb6,,,,,UNKNOWN,,,,VERY_HIGH,23495044.993857544,1501855.006142456,-1501855.006142456
82648137-1f8,plr_bfb02edb,2023,2023-07-01,19757000.0,16.799,32.0,1024.0,DEFENDER,Centre-Back,Senegal,UNKNOWN,,,,,UNKNOWN,,,,VERY_HIGH,26779277.745579924,7022277.745579924,7022277.745579924
97dc83f6-503,plr_6382eea3,2023,2023-07-01,17867200.0,16.6985,24.0,576.0,FORWARD,Right Winger,United States,UNKNOWN,,,,,UNKNOWN,,,,VERY_HIGH,13227175.570342183,4640024.429657817,-4640024.429657817
aad1f2ef-1a3,plr_f0a0fe53,2023,2023-07-01,16235100.0,16.6027,27.0,729.0,MIDFIELDER,Central Midfield,England,UNKNOWN,,,,,UNKNOWN,,,,VERY_HIGH,19111322.38241148,2876222.38241148,2876222.38241148
7bbb21c9-ec7,plr_13d84101,2023,2023-07-01,15891500.0,16.5813,31.0,961.0,GOALKEEPER,Goalkeeper,Senegal,UNKNOWN,,,,,UNKNOWN,,,,VERY_HIGH,21485004.636870015,5593504.636870015,5593504.636870015
3857026c-1d0,plr_ad9fe8a5,2023,2023-07-01,18124900.0,16.7128,19.0,361.0,MIDFIELDER,Defensive Midfield,England,UNKNOWN,,,,,UNKNOWN,,,,VERY_HIGH,10936470.009592688,7188429.990407312,-7188429.990407312
8457147e-75e,plr_1e0af882,2023,2023-07-01,17180000.0,16.6593,19.0,361.0,FORWARD,Second Striker,Brazil,UNKNOWN,,,,,UNKNOWN,,,,VERY_HIGH,8694776.517508598,8485223.482491402,-8485223.482491402
4dfc6262-844,plr_b50ea4e2,2023,2023-07-01,15032500.0,16.5257,26.0,676.0,GOALKEEPER,Goalkeeper,England,club_28c2f5a2,,,,,UNKNOWN,,,,HIGH,19208155.647480514,4175655.647480514,4175655.647480514
df5d16f8-ad1,plr_864b35a4,2023,2023-07-01,6872000.0,15.743,27.0,729.0,DEFENDER,Right-Back,Colombia,UNKNOWN,,,,,UNKNOWN,,,,MEDIUM,17651630.664404757,10779630.664404757,10779630.664404757
4dc6edaa-400,plr_51d21893,2023,2023-07-01,21475000.0,16.8824,25.0,625.0,FORWARD,Centre-Forward,Guinea-Bissau,UNKNOWN,,,,,UNKNOWN,,,,VERY_HIGH,16053365.243294736,5421634.756705264,-5421634.756705264
4f7f165a-ed5,plr_4ea224fa,2023,2023-07-01,10737500.0,16.1893,19.0,361.0,FORWARD,Centre-Forward,Portugal,UNKNOWN,,,,,UNKNOWN,,,,HIGH,15448476.684385462,4710976.684385462,4710976.684385462
06d8e23d-020,plr_dfa00273,2023,2023-07-01,22076300.0,16.91,27.0,729.0,MIDFIELDER,Defensive Midfield,Nigeria,club_c15a9332,,,,,UNKNOWN,,,,VERY_HIGH,7068969.823797478,15007330.17620252,-15007330.17620252
fa37e9f5-174,plr_c14e8a2b,2023,2023-07-01,7988700.0,15.8935,27.0,729.0,FORWARD,Left Winger,Jamaica,UNKNOWN,,,,,UNKNOWN,,,,MEDIUM,13153266.284738112,5164566.284738112,5164566.284738112
df555090-39c,plr_39fe690b,2023,2023-07-01,7559200.0,15.8383,20.0,400.0,FORWARD,Centre-Forward,Ireland,UNKNOWN,,,,,UNKNOWN,,,,MEDIUM,11493823.89673693,3934623.896736929,3934623.896736929
e3aee6df-c5c,plr_405fe593,2023,2023-07-01,6013000.0,15.6094,22.0,484.0,FORWARD,Centre-Forward,England,club_e086bfa1,,,,,UNKNOWN,,,,MEDIUM,20363220.883349307,14350220.883349307,14350220.883349307
0ebb715e-a15,plr_0fb15eee,2023,2023-07-01,19327500.0,16.777,23.0,529.0,DEFENDER,Centre-Back,Nigeria,UNKNOWN,,,,,UNKNOWN,,,,VERY_HIGH,7715615.04284614,11611884.95715386,-11611884.95715386
aabcbabe-a79,plr_2b5cdf13,2023,2023-07-01,11167000.0,16.2285,27.0,729.0,DEFENDER,Right-Back,Belgium,UNKNOWN,,,,,UNKNOWN,,,,HIGH,34326090.07355452,23159090.073554523,23159090.073554523
f70d8eb3-e7e,plr_b25117aa,2023,2023-07-01,5497600.0,15.5198,32.0,1024.0,FORWARD,Centre-Forward,Mexico,club_17e261c8,,,,,UNKNOWN,,,,MEDIUM,25152195.398769177,19654595.398769177,19654595.398769177
3b77e3a7-59b,plr_093c3e0d,2023,2023-07-01,747330.0,13.5243,24.0,576.0,GOALKEEPER,Goalkeeper,Germany,UNKNOWN,,,,,UNKNOWN,,,,LOW,5957924.46610732,5210594.46610732,5210594.46610732
c11d25e8-163,plr_38fec590,2023,2023-07-01,45183400.0,17.6262,28.0,784.0,FORWARD,Centre-Forward,Serbia,UNKNOWN,,,,,UNKNOWN,,,,VERY_HIGH,19649616.97289942,25533783.02710058,-25533783.02710058
1fb51a00-527,plr_6f8855bd,2023,2023-07-01,60130000.0,17.912,22.0,484.0,MIDFIELDER,Attacking Midfield,Hungary,UNKNOWN,,,,,UNKNOWN,,,,VERY_HIGH,1847694.1048051864,58282305.89519481,-58282305.89519481
e794160d-eea,plr_a85e719b,2023,2023-07-01,34360000.0,17.3524,21.0,441.0,MIDFIELDER,Defensive Midfield,Netherlands,UNKNOWN,,,,,UNKNOWN,,,,VERY_HIGH,2188439.953795608,32171560.046204392,-32171560.046204392
d4f1923d-a9f,plr_f4669e41,2023,2023-07-01,17180000.0,16.6593,30.0,900.0,MIDFIELDER,Defensive Midfield,Japan,UNKNOWN,,,,,UNKNOWN,,,,VERY_HIGH,10586316.614045871,6593683.385954129,-6593683.385954129
e66be7a1-7d3,plr_52fc3484,2023,2023-07-01,40115300.0,17.5073,29.0,841.0,MIDFIELDER,Defensive Midfield,Brazil,UNKNOWN,,,,,UNKNOWN,,,,VERY_HIGH,12678513.628105763,27436786.371894237,-27436786.371894237
2b775896-7db,plr_b807fd65,2023,2023-07-01,12026000.0,16.3026,33.0,1089.0,MIDFIELDER,Central Midfield,England,UNKNOWN,,,,,UNKNOWN,,,,HIGH,27365190.021216117,15339190.021216117,15339190.021216117
c2e83d56-428,plr_941baab7,2023,2023-07-01,5025150.0,15.43,22.0,484.0,FORWARD,Left Winger,Spain,UNKNOWN,,,,,UNKNOWN,,,,MEDIUM,18101766.181970622,13076616.181970622,13076616.181970622
07402c6f-1b0,plr_f7b10493,2023,2023-07-01,4037300.0,15.2111,23.0,529.0,MIDFIELDER,Attacking Midfield,Curacao,UNKNOWN,,,,,UNKNOWN,,,,LOW,4834082.974324914,796782.9743249137,796782.9743249137
ae2b268f-151,plr_a430bb9d,2023,2023-07-01,3006500.0,14.9163,25.0,625.0,DEFENDER,Centre-Back,Denmark,club_48b91a73,,,,,UNKNOWN,,,,LOW,14451525.99050787,11445025.99050787,11445025.99050787
c59ea3a6-a8a,plr_aa04a897,2023,2023-07-01,2491100.0,14.7282,25.0,625.0,FORWARD,Centre-Forward,Scotland,club_b361f3db,,,,,UNKNOWN,,,,LOW,16053365.243294736,13562265.243294736,13562265.243294736
536f88bc-806,plr_69b32dac,2023,2023-07-01,2491100.0,14.7282,30.0,900.0,GOALKEEPER,Goalkeeper,Belgium,UNKNOWN,,,,,UNKNOWN,,,,LOW,34382771.93648648,31891671.936486483,31891671.936486483
9731130c-b16,plr_8afd61a5,2023,2023-07-01,1718000.0,14.3567,24.0,576.0,DEFENDER,Right-Back,Japan,UNKNOWN,,,,,UNKNOWN,,,,LOW,8380590.317341057,6662590.317341057,6662590.317341057
1bfab133-6bf,plr_b5ad4ccb,2023,2023-07-01,987850.0,13.8033,23.0,529.0,DEFENDER,Centre-Back,England,UNKNOWN,,,,,UNKNOWN,,,,LOW,19757967.601460144,18770117.601460144,18770117.601460144
4b7ea051-4cb,plr_9f703434,2023,2023-07-01,257700.0,12.4596,24.0,576.0,FORWARD,Right Winger,Guinea-Bissau,UNKNOWN,,,,,UNKNOWN,,,,LOW,14955696.96957844,14697996.96957844,14697996.96957844
ce59fbce-56a,plr_046464c6,2023,2023-07-01,77310000.0,18.1633,21.0,441.0,DEFENDER,Centre-Back,Croatia,UNKNOWN,,,,,UNKNOWN,,,,VERY_HIGH,19649934.81522242,57660065.18477758,-57660065.18477758
00c50f34-1b7,plr_9210b7c6,2023,2023-07-01,53258000.0,17.7907,25.0,625.0,DEFENDER,Right-Back,Portugal,club_b361f3db,,,,,UNKNOWN,,,,VERY_HIGH,19674529.802756898,33583470.1972431,-33583470.1972431
19afd1f1-179,plr_9d7d2bf6,2023,2023-07-01,51540000.0,17.7579,21.0,441.0,FORWARD,Left Winger,Belgium,UNKNOWN,,,,,UNKNOWN,,,,VERY_HIGH,29493543.138271503,22046456.861728497,-22046456.861728497
63c95697-971,plr_b277a08a,2023,2023-07-01,15891500.0,16.5813,18.0,324.0,MIDFIELDER,Attacking Midfield,Argentina,UNKNOWN,,,,,UNKNOWN,,,,VERY_HIGH,5250213.877713154,10641286.122286845,-10641286.122286845
32b0747f-047,plr_55b9d557,2023,2023-07-01,30065000.0,17.2189,32.0,1024.0,FORWARD,Right Winger,Algeria,UNKNOWN,,,,,UNKNOWN,,,,VERY_HIGH,25152195.398769177,4912804.6012308225,-4912804.6012308225
b4e67910-2ed,plr_55d2e664,2023,2023-07-01,23622500.0,16.9777,29.0,841.0,DEFENDER,Centre-Back,Spain,UNKNOWN,,,,,UNKNOWN,,,,VERY_HIGH,24537392.90506293,914892.9050629288,914892.9050629288
54a7c189-7eb,plr_50f9d46f,2023,2023-07-01,68548200.0,18.043,20.0,400.0,FORWARD,Centre-Forward,Denmark,UNKNOWN,,,,,UNKNOWN,,,,VERY_HIGH,11070435.388806239,57477764.61119376,-57477764.61119376
575c040f-fd5,plr_97778d6f,2023,2023-07-01,43121800.0,17.5795,27.0,729.0,GOALKEEPER,Goalkeeper,Cameroon,UNKNOWN,,,,,UNKNOWN,,,,VERY_HIGH,12955669.217039842,30166130.782960158,-30166130.782960158
4d0e500b-496,plr_83f0c09d,2023,2023-07-01,4295000.0,15.273,25.0,625.0,GOALKEEPER,Goalkeeper,Türkiye,UNKNOWN,,,,,UNKNOWN,,,,MEDIUM,10608709.215379352,6313709.215379352,6313709.215379352
aef1d0f1-940,plr_4047166b,2023,2023-07-01,19696870.0,16.796,21.0,441.0,FORWARD,Right Winger,Sweden,UNKNOWN,,,,,UNKNOWN,,,,VERY_HIGH,11941322.555576779,7755547.444423221,-7755547.444423221
5535986f-79b,plr_4147f713,2023,2023-07-01,8366660.0,15.9398,30.0,900.0,MIDFIELDER,Central Midfield,Brazil,UNKNOWN,,,,,UNKNOWN,,,,MEDIUM,14028887.658868555,5662227.658868555,5662227.658868555
79ba77c4-eed,plr_23d629e4,2023,2023-07-01,859000.0,13.6635,20.0,400.0,MIDFIELDER,Central Midfield,Iraq,UNKNOWN,,,,,UNKNOWN,,,,LOW,4330195.519286925,3471195.519286925,3471195.519286925
242197e2-34f,plr_af533806,2023,2023-07-01,57638900.0,17.8697,23.0,529.0,MIDFIELDER,Defensive Midfield,Italy,UNKNOWN,,,,,UNKNOWN,,,,VERY_HIGH,15798765.231275145,41840134.76872486,-41840134.76872486
c2510bc3-ecb,plr_5cf41944,2023,2023-07-01,37796000.0,17.4477,25.0,625.0,FORWARD,Left Winger,England,UNKNOWN,,,,,UNKNOWN,,,,VERY_HIGH,23504602.250270303,14291397.749729697,-14291397.749729697
708f2de9-89c,plr_5b461e8a,2023,2023-07-01,31954800.0,17.2798,20.0,400.0,DEFENDER,Right-Back,England,UNKNOWN,,,,,UNKNOWN,,,,VERY_HIGH,16919833.14299494,15034966.85700506,-15034966.85700506
8d1a0e70-2f0,plr_da4360a5,2023,2023-07-01,6872000.0,15.743,18.0,324.0,FORWARD,Right Winger,The Gambia,UNKNOWN,,,,,UNKNOWN,,,,MEDIUM,9431051.506875928,2559051.5068759285,2559051.5068759285
a862e5b1-b81,plr_8488e4d6,2023,2023-07-01,23364800.0,16.9667,26.0,676.0,FORWARD,Left Winger,France,UNKNOWN,,,,,UNKNOWN,,,,VERY_HIGH,18974626.817914914,4390173.182085086,-4390173.182085086
5540c22a-81b,plr_e15da7ab,2023,2023-07-01,343600.0,12.7472,32.0,1024.0,GOALKEEPER,Goalkeeper,Wales,club_d970dbec,,,,,UNKNOWN,,,,LOW,13725876.375599854,13382276.375599854,13382276.375599854
a6dd40c9-b4d,plr_c9a5aa44,2023,2023-07-01,30065000.0,17.2189,25.0,625.0,MIDFIELDER,Defensive Midfield,Cote d'Ivoire,UNKNOWN,,,,,UNKNOWN,,,,VERY_HIGH,7659501.78123793,22405498.21876207,-22405498.21876207
85a07316-cd0,plr_57cd2581,2023,2023-07-01,11038150.0,16.2169,21.0,441.0,DEFENDER,Centre-Back,Ireland,UNKNOWN,,,,,UNKNOWN,,,,HIGH,10787488.312029168,250661.687970832,-250661.687970832
7a3ab7dd-1fc,plr_e0180d5f,2023,2023-07-01,10308000.0,16.1484,21.0,441.0,DEFENDER,Centre-Back,Brazil,UNKNOWN,,,,,UNKNOWN,,,,HIGH,8833403.44947064,1474596.5505293608,-1474596.5505293608
009730e1-dfc,plr_485d31f1,2023,2023-07-01,5712350.0,15.5581,25.0,625.0,MIDFIELDER,Central Midfield,Argentina,UNKNOWN,,,,,UNKNOWN,,,,MEDIUM,11872527.614131961,6160177.614131961,6160177.614131961
93690fe1-2d3,plr_b7edbba9,2023,2023-07-01,5583500.0,15.5353,31.0,961.0,GOALKEEPER,Goalkeeper,Belgium,UNKNOWN,,,,,UNKNOWN,,,,MEDIUM,35783687.11865857,30200187.118658572,30200187.118658572
9e0960d9-9a9,plr_d60456cb,2023,2023-07-01,4209100.0,15.2528,29.0,841.0,GOALKEEPER,Goalkeeper,Greece,UNKNOWN,,,,,UNKNOWN,,,,LOW,15504793.824337527,11295693.824337527,11295693.824337527
3f1ce6fc-a30,plr_6b87f341,2023,2023-07-01,47245000.0,17.6709,22.0,484.0,FORWARD,Right Winger,Wales,club_fe87899a,,,,,UNKNOWN,,,,VERY_HIGH,6930320.881119798,40314679.118880205,-40314679.118880205
96d93624-7b8,plr_60028ad9,2023,2023-07-01,4982200.0,15.4214,24.0,576.0,FORWARD,Centre-Forward,England,UNKNOWN,,,,,UNKNOWN,,,,MEDIUM,22406933.976554006,17424733.976554006,17424733.976554006
4c777a20-8c7,plr_9dbfaf8c,2023,2023-07-01,3092400.0,14.9445,23.0,529.0,MIDFIELDER,Defensive Midfield,Paraguay,club_28c2f5a2,,,,,UNKNOWN,,,,LOW,7168329.977752129,4075929.9777521286,4075929.9777521286
5cbf7a66-b91,plr_c55733b8,2023,2023-07-01,85900.0,11.361,31.0,961.0,DEFENDER,Right-Back,Cote d'Ivoire,UNKNOWN,,,,,UNKNOWN,,,,LOW,20445276.219863433,20359376.219863433,20359376.219863433
3e193199-7cd,plr_18fb12f0,2023,2023-07-01,14860700.0,16.5142,26.0,676.0,MIDFIELDER,Central Midfield,Netherlands,club_e086bfa1,,,,,UNKNOWN,,,,HIGH,7424075.565330599,7436624.434669401,-7436624.434669401
a3945170-0be,plr_e32d3595,2023,2023-07-01,10737500.0,16.1893,24.0,576.0,MIDFIELDER,Defensive Midfield,Brazil,UNKNOWN,,,,,UNKNOWN,,,,HIGH,6684760.745431291,4052739.254568709,-4052739.254568709
0e68cdbc-78a,plr_cb48d7d0,2023,2023-07-01,3951400.0,15.1896,21.0,441.0,FORWARD,Left Winger,Cote d'Ivoire,UNKNOWN,,,,,UNKNOWN,,,,LOW,10312315.464347847,6360915.464347847,6360915.464347847
1a66eba3-166,plr_bccfb951,2023,2023-07-01,2319300.0,14.6568,22.0,484.0,MIDFIELDER,Attacking Midfield,Tunisia,UNKNOWN,,,,,UNKNOWN,,,,LOW,6171744.006854428,3852444.006854428,3852444.006854428
ee81ba2b-fc8,plr_67295785,2023,2023-07-01,2147500.0,14.5798,28.0,784.0,GOALKEEPER,Goalkeeper,Croatia,UNKNOWN,,,,,UNKNOWN,,,,LOW,23490795.956107978,21343295.956107978,21343295.956107978
10df408d-131,plr_44f9fb5c,2023,2023-07-01,14603000.0,16.4967,23.0,529.0,FORWARD,Left Winger,Senegal,club_559decae,,,,,UNKNOWN,,,,HIGH,17137491.44686905,2534491.446869049,2534491.446869049
48494252-ddb,plr_901fe80d,2023,2023-07-01,39771700.0,17.4987,26.0,676.0,MIDFIELDER,Attacking Midfield,England,UNKNOWN,,,,,UNKNOWN,,,,VERY_HIGH,17912571.805876587,21859128.194123413,-21859128.194123413
778c8ebe-dd1,plr_212bfe1f,2023,2023-07-01,34360000.0,17.3524,22.0,484.0,DEFENDER,Centre-Back,Netherlands,UNKNOWN,,,,,UNKNOWN,,,,VERY_HIGH,8272885.390016456,26087114.609983545,-26087114.609983545
23a5e05c-cd5,plr_842d3ba4,2023,2023-07-01,34360000.0,17.3524,23.0,529.0,DEFENDER,Right-Back,Spain,UNKNOWN,,,,,UNKNOWN,,,,VERY_HIGH,17496512.90008146,16863487.09991854,-16863487.09991854
379e804e-fb3,plr_a3010a44,2023,2023-07-01,25770000.0,17.0647,23.0,529.0,MIDFIELDER,Attacking Midfield,Sweden,UNKNOWN,,,,,UNKNOWN,,,,VERY_HIGH,7143713.476443566,18626286.523556434,-18626286.523556434
3744ec1f-940,plr_b46dc6d7,2023,2023-07-01,24052000.0,16.9957,21.0,441.0,DEFENDER,Centre-Back,Romania,UNKNOWN,,,,,UNKNOWN,,,,VERY_HIGH,10364099.804098476,13687900.195901524,-13687900.195901524
cb0915f9-d58,plr_cd17d787,2023,2023-07-01,15891500.0,16.5813,26.0,676.0,GOALKEEPER,Goalkeeper,Italy,UNKNOWN,,,,,UNKNOWN,,,,VERY_HIGH,20387353.894027963,4495853.894027963,4495853.894027963
87e9ddbc-7b8,plr_693aaf28,2023,2023-07-01,12885000.0,16.3716,20.0,400.0,FORWARD,Centre-Forward,Argentina,UNKNOWN,,,,,UNKNOWN,,,,HIGH,13629837.629162777,744837.6291627772,744837.6291627772
4c14534f-5c3,plr_f8f939a9,2023,2023-07-01,1975700.0,14.4964,18.0,324.0,DEFENDER,Centre-Back,England,UNKNOWN,,,,,UNKNOWN,,,,LOW,15280449.26106463,13304749.26106463,13304749.26106463
d07ef547-6ae,plr_8eb0bb19,2023,2023-07-01,81605000.0,18.2174,30.0,900.0,FORWARD,Centre-Forward,England,UNKNOWN,,,,,UNKNOWN,,,,VERY_HIGH,29751060.88999127,51853939.11000873,-51853939.11000873
48de4795-0de,plr_11a69670,2023,2023-07-01,8160500.0,15.9148,27.0,729.0,DEFENDER,Centre-Back,Colombia,UNKNOWN,,,,,UNKNOWN,,,,MEDIUM,17651630.664404757,9491130.664404757,9491130.664404757
62db7b1f-acc,plr_655a21e1,2023,2023-07-01,36937000.0,17.4247,23.0,529.0,FORWARD,Right Winger,Ghana,UNKNOWN,,,,,UNKNOWN,,,,VERY_HIGH,13908569.84727144,23028430.152728558,-23028430.152728558
5af3ac16-50e,plr_8373bb64,2023,2023-07-01,32642000.0,17.3011,25.0,625.0,MIDFIELDER,Defensive Midfield,Mexico,UNKNOWN,,,,,UNKNOWN,,,,VERY_HIGH,9313125.373775424,23328874.626224577,-23328874.626224577
adcb8166-eb2,plr_ca21714d,2023,2023-07-01,29893200.0,17.2131,28.0,784.0,MIDFIELDER,Central Midfield,England,UNKNOWN,,,,,UNKNOWN,,,,VERY_HIGH,20360614.110355675,9532585.889644325,-9532585.889644325
046dddd2-ae2,plr_aa1bc266,2023,2023-07-01,17180000.0,16.6593,25.0,625.0,DEFENDER,Centre-Back,Greece,UNKNOWN,,,,,UNKNOWN,,,,VERY_HIGH,14451525.99050787,2728474.009492129,-2728474.009492129
00de185f-948,plr_537016a9,2023,2023-07-01,1503250.0,14.2231,23.0,529.0,MIDFIELDER,Central Midfield,Scotland,UNKNOWN,,,,,UNKNOWN,,,,LOW,7168329.977752129,5665079.977752129,5665079.977752129
e50619b0-977,plr_f10d6756,2023,2023-07-01,24052000.0,16.9957,24.0,576.0,FORWARD,Centre-Forward,Italy,UNKNOWN,,,,,UNKNOWN,,,,VERY_HIGH,23586132.223101456,465867.7768985443,-465867.7768985443
2c78fdd8-b85,plr_9d39ada1,2023,2023-07-01,6872000.0,15.743,27.0,729.0,MIDFIELDER,Central Midfield,Spain,UNKNOWN,,,,,UNKNOWN,,,,MEDIUM,16849867.681032795,9977867.681032795,9977867.681032795
edf2f984-c56,plr_33306427,2023,2023-07-01,996440.0,13.8119,23.0,529.0,MIDFIELDER,Defensive Midfield,Ireland,UNKNOWN,,,,,UNKNOWN,,,,LOW,7591718.48568282,6595278.48568282,6595278.48568282
503a343e-a95,plr_cf45ba4c,2023,2023-07-01,42950000.0,17.5755,24.0,576.0,FORWARD,Centre-Forward,Brazil,UNKNOWN,,,,,UNKNOWN,,,,VERY_HIGH,13425000.614950603,29524999.385049395,-29524999.385049395
035cbaf9-c5e,plr_5f9e44c6,2023,2023-07-01,12885000.0,16.3716,25.0,625.0,MIDFIELDER,Central Midfield,Haiti,UNKNOWN,,,,,UNKNOWN,,,,HIGH,9313125.373775424,3571874.6262245756,-3571874.6262245756
0dc736ef-efd,plr_79a2bc2d,2023,2023-07-01,10308000.0,16.1484,24.0,576.0,DEFENDER,Centre-Back,Uruguay,UNKNOWN,,,,,UNKNOWN,,,,HIGH,13353857.716791574,3045857.716791574,3045857.716791574
80f26175-c71,plr_0c7249ff,2023,2023-07-01,9449000.0,16.0614,21.0,441.0,MIDFIELDER,Defensive Midfield,Mali,UNKNOWN,,,,,UNKNOWN,,,,MEDIUM,5225699.187366027,4223300.812633973,-4223300.812633973
bd8ee1a3-ca3,plr_3f2c8aec,2023,2023-07-01,5154000.0,15.4553,18.0,324.0,FORWARD,Left Winger,Paraguay,UNKNOWN,,,,,UNKNOWN,,,,MEDIUM,9431051.506875928,4277051.5068759285,4277051.5068759285
57238177-a34,plr_6edc17bd,2023,2023-07-01,47245000.0,17.6709,26.0,676.0,MIDFIELDER,Defensive Midfield,Portugal,UNKNOWN,,,,,UNKNOWN,,,,VERY_HIGH,15684338.611150049,31560661.38884995,-31560661.38884995
75303a49-3d8,plr_01a61434,2023,2023-07-01,1202600.0,14.0,26.0,676.0,GOALKEEPER,Goalkeeper,Montenegro,UNKNOWN,,,,,UNKNOWN,,,,LOW,11756918.640504949,10554318.640504949,10554318.640504949
eb9594f2-e84,plr_92cc17a7,2023_2024,2023-07-01,100159400.0,18.4223,24.0,576.0,MIDFIELDER,Central Midfield,England,club_559decae,70.0,2.188,38.0,,UNKNOWN,,,,VERY_HIGH,33452372.58722923,66707027.41277077,-66707027.41277077
06948f6a-006,plr_4dccb5ef,2023_2024,2023-07-01,64425000.0,17.981,24.0,576.0,FORWARD,Centre-Forward,Germany,club_559decae,70.0,2.188,38.0,,UNKNOWN,,,,VERY_HIGH,29188258.97421724,35236741.025782764,-35236741.025782764
41d42c25-dac,plr_2a8fa7d4,2023_2024,2023-07-01,34360000.0,17.3524,22.0,484.0,DEFENDER,Right-Back,Netherlands,UNKNOWN,,,,,UNKNOWN,,,,VERY_HIGH,8272885.390016456,26087114.609983545,-26087114.609983545
679eb3c5-cff,plr_2f273f97,2023_2024,2023-07-01,12885000.0,16.3716,30.0,900.0,MIDFIELDER,Defensive Midfield,Switzerland,UNKNOWN,,,,,UNKNOWN,,,,HIGH,8724960.678274808,4160039.3217251915,-4160039.3217251915
24ee9b41-f43,plr_37424213,2023_2024,2023-07-01,7000850.0,15.7615,29.0,841.0,GOALKEEPER,Goalkeeper,United States,club_559decae,70.0,2.188,38.0,,UNKNOWN,,,,MEDIUM,31561950.905295804,24561100.905295804,24561100.905295804
f19b9fd7-333,plr_4ffb3b78,2023_2024,2023-07-01,4982200.0,15.4214,24.0,576.0,DEFENDER,Centre-Back,United States,club_559decae,70.0,2.188,38.0,,UNKNOWN,,,,MEDIUM,29411014.797749855,24428814.797749855,24428814.797749855
31eb51bc-155,plr_6db50417,2023_2024,2023-07-01,1030800.0,13.8458,27.0,729.0,DEFENDER,Centre-Back,England,club_559decae,70.0,2.188,38.0,,UNKNOWN,,,,LOW,42035401.47933846,41004601.47933846,41004601.47933846
83847f1e-216,plr_d957e627,2023_2024,2023-07-01,47245000.0,17.6709,24.0,576.0,FORWARD,Right Winger,France,UNKNOWN,,,,,UNKNOWN,,,,VERY_HIGH,16728749.11907302,30516250.88092698,-30516250.88092698
ff746d09-5aa,plr_754b9491,2023_2024,2023-07-01,28347000.0,17.16,21.0,441.0,MIDFIELDER,Attacking Midfield,England,UNKNOWN,,,,,UNKNOWN,,,,VERY_HIGH,12676936.194341594,15670063.805658406,-15670063.805658406
d296b201-fd7,plr_8c0e66a9,2023_2024,2023-07-01,28347000.0,17.16,26.0,676.0,DEFENDER,Centre-Back,Spain,UNKNOWN,,,,,UNKNOWN,,,,VERY_HIGH,20789517.72123035,7557482.27876965,-7557482.27876965
b97b6df0-a11,plr_23298e97,2023_2024,2023-07-01,6528400.0,15.6917,18.0,324.0,DEFENDER,Right-Back,Serbia,UNKNOWN,,,,,UNKNOWN,,,,MEDIUM,7829212.254089064,1300812.254089064,1300812.254089064
e26bb897-67d,plr_da75d646,2023_2024,2023-07-01,1288500.0,14.069,23.0,529.0,GOALKEEPER,Goalkeeper,Australia,club_95b443a0,59.0,1.844,27.0,,UNKNOWN,,,,LOW,24491687.473803543,23203187.473803543,23203187.473803543
3767e665-680,plr_6b18b25c,2023_2024,2023-07-01,18511450.0,16.7339,21.0,441.0,FORWARD,Centre-Forward,England,club_3cbb9e40,48.0,1.5,3.0,,UNKNOWN,,,,VERY_HIGH,20648410.598360896,2136960.598360896,2136960.598360896
f0b999ff-65d,plr_e7e8fb9f,2023_2024,2023-07-01,4982200.0,15.4214,21.0,441.0,FORWARD,Left Winger,England,club_464350c5,,,,,UNKNOWN,,,,MEDIUM,19417176.06386091,14434976.063860908,14434976.063860908
03ab4610-98b,plr_2de731b9,2023_2024,2023-07-01,2491100.0,14.7282,29.0,841.0,MIDFIELDER,Defensive Midfield,Zimbabwe,club_3cbb9e40,48.0,1.5,3.0,,UNKNOWN,,,,LOW,15440444.51723359,12949344.51723359,12949344.51723359
daebd4df-cee,plr_ed563351,2023_2024,2023-07-01,1975700.0,14.4964,25.0,625.0,FORWARD,Centre-Forward,England,UNKNOWN,,,,,UNKNOWN,,,,LOW,23504602.250270303,21528902.250270303,21528902.250270303
3edc9516-697,plr_ebe00fad,2023_2024,2023-07-01,23107100.0,16.9557,24.0,576.0,MIDFIELDER,Defensive Midfield,United States,club_d970dbec,,,,,UNKNOWN,,,,VERY_HIGH,6486935.700822871,16620164.299177129,-16620164.299177129
81d92e99-874,plr_e46371bb,2023_2024,2023-07-01,22007580.0,16.9069,23.0,529.0,FORWARD,Left Winger,Cote d'Ivoire,UNKNOWN,,,,,UNKNOWN,,,,VERY_HIGH,12254946.254733946,9752633.745266054,-9752633.745266054
11178282-f96,plr_95a7f520,2023_2024,2023-07-01,19757000.0,16.799,19.0,361.0,MIDFIELDER,Central Midfield,England,UNKNOWN,,,,,UNKNOWN,,,,VERY_HIGH,10936470.009592688,8820529.990407312,-8820529.990407312
305a8408-c66,plr_b5fc3b52,2023_2024,2023-07-01,17583730.0,16.6825,19.0,361.0,DEFENDER,Left-Back,Hungary,UNKNOWN,,,,,UNKNOWN,,,,VERY_HIGH,4299583.7173003275,13284146.282699673,-13284146.282699673
316a9644-f5a,plr_9029bacd,2023_2024,2023-07-01,12885000.0,16.3716,25.0,625.0,MIDFIELDER,Attacking Midfield,France,UNKNOWN,,,,,UNKNOWN,,,,HIGH,11086177.523270005,1798822.4767299946,-1798822.4767299946
d0e66a40-3d8,plr_0d2e1c82,2023_2024,2023-07-01,9277200.0,16.0431,24.0,576.0,MIDFIELDER,Attacking Midfield,Netherlands,UNKNOWN,,,,,UNKNOWN,,,,MEDIUM,5178197.866488706,4099002.1335112937,-4099002.1335112937
c74bede9-d99,plr_0c5d5e48,2023_2024,2023-07-01,6957900.0,15.7554,23.0,529.0,DEFENDER,Right-Back,England,UNKNOWN,,,,,UNKNOWN,,,,MEDIUM,19757967.601460144,12800067.601460144,12800067.601460144
856b526e-70c,plr_0c621202,2023_2024,2023-07-01,1288500.0,14.069,28.0,784.0,MIDFIELDER,Defensive Midfield,England,club_b361f3db,71.0,2.219,48.0,,UNKNOWN,,,,LOW,47336148.569478415,46047648.569478415,46047648.569478415
7a6a5f72-5fa,plr_71160be8,2023_2024,2023-07-01,23064150.0,16.9538,22.0,484.0,DEFENDER,Centre-Back,Ireland,club_78ab8ea7,47.0,1.469,4.0,,UNKNOWN,,,,VERY_HIGH,14807602.243720504,8256547.7562794965,-8256547.7562794965
b0d34ec3-2d2,plr_6558a172,2023_2024,2023-07-01,21475000.0,16.8824,21.0,441.0,FORWARD,Left Winger,Germany,UNKNOWN,,,,,UNKNOWN,,,,VERY_HIGH,8412822.581329605,13062177.418670395,-13062177.418670395
324e174c-efe,plr_64fc4378,2023_2024,2023-07-01,11167000.0,16.2285,30.0,900.0,GOALKEEPER,Goalkeeper,Netherlands,UNKNOWN,,,,,UNKNOWN,,,,HIGH,13817908.6215299,2650908.6215298995,2650908.6215298995
0f3d7146-616,plr_629610b7,2023_2024,2023-07-01,3865500.0,15.1676,18.0,324.0,MIDFIELDER,Defensive Midfield,Türkiye,UNKNOWN,,,,,UNKNOWN,,,,LOW,2690811.6373566156,1174688.3626433844,-1174688.3626433844
4751c9ff-2e2,plr_c8c0c305,2023_2024,2023-07-01,2577000.0,14.7621,22.0,484.0,GOALKEEPER,Goalkeeper,Iceland,UNKNOWN,,,,,UNKNOWN,,,,LOW,7467327.848458357,4890327.848458357,4890327.848458357
819ea7cc-3f0,plr_13c77bdd,2023_2024,2023-07-01,429500.0,12.9704,23.0,529.0,FORWARD,Centre-Forward,Türkiye,UNKNOWN,,,,,UNKNOWN,,,,LOW,13908569.84727144,13479069.84727144,13479069.84727144
faeb3398-3b5,plr_1dfc1298,2023_2024,2023-07-01,29377800.0,17.1957,21.0,441.0,FORWARD,Centre-Forward,Brazil,club_78ab8ea7,47.0,1.469,4.0,,UNKNOWN,,,,VERY_HIGH,13509311.81446044,15868488.18553956,-15868488.18553956
827bdf64-0d2,plr_e48ec7e8,2023_2024,2023-07-01,23193000.0,16.9594,19.0,361.0,MIDFIELDER,Defensive Midfield,Cameroon,UNKNOWN,,,,,UNKNOWN,,,,VERY_HIGH,3485233.0026171207,19707766.99738288,-19707766.99738288
3b03c098-466,plr_13740610,2023_2024,2023-07-01,17180000.0,16.6593,20.0,400.0,GOALKEEPER,Goalkeeper,Netherlands,UNKNOWN,,,,,UNKNOWN,,,,VERY_HIGH,2588520.127320433,14591479.872679567,-14591479.872679567
32fa0fa0-f2c,plr_8d1b3359,2023_2024,2023-07-01,14173500.0,16.4669,25.0,625.0,DEFENDER,Centre-Back,Brazil,UNKNOWN,,,,,UNKNOWN,,,,HIGH,12920829.635880036,1252670.3641199637,-1252670.3641199637
fdbf510e-5ae,plr_4cb0ff62,2023_2024,2023-07-01,7859850.0,15.8773,19.0,361.0,MIDFIELDER,Central Midfield,Argentina,UNKNOWN,,,,,UNKNOWN,,,,MEDIUM,6044635.242973659,1815214.7570263408,-1815214.7570263408
e036a1b2-c86,plr_e3f9c5b6,2023_2024,2023-07-01,99644000.0,18.4171,21.0,441.0,MIDFIELDER,Defensive Midfield,Ecuador,club_2be5211f,48.0,1.5,11.0,,UNKNOWN,,,,VERY_HIGH,9616792.236074999,90027207.763925,-90027207.763925
82bf14ce-e38,plr_3238b13b,2023_2024,2023-07-01,36078000.0,17.4012,24.0,576.0,MIDFIELDER,Central Midfield,Argentina,club_2be5211f,48.0,1.5,11.0,,UNKNOWN,,,,VERY_HIGH,20029868.82519286,16048131.174807139,-16048131.174807139
c684052c-3e9,plr_a9b3e452,2023_2024,2023-07-01,19757000.0,16.799,25.0,625.0,GOALKEEPER,Goalkeeper,Spain,club_2be5211f,48.0,1.5,11.0,,UNKNOWN,,,,VERY_HIGH,25053501.005753428,5296501.005753428,5296501.005753428
6e862aca-353,plr_bcfffb31,2023_2024,2023-07-01,1159650.0,13.9636,23.0,529.0,FORWARD,Centre-Forward,Ireland,club_464350c5,,,,,UNKNOWN,,,,LOW,14331958.355202131,13172308.355202131,13172308.355202131
537120ba-8ac,plr_77a249d2,2023_2024,2023-07-01,15977400.0,16.5867,22.0,484.0,FORWARD,Centre-Forward,Switzerland,club_559decae,70.0,2.188,38.0,,UNKNOWN,,,,VERY_HIGH,23863039.021346692,7885639.021346692,7885639.021346692
cb873a38-db3,plr_6f459aa1,2023_2024,2023-07-01,14860700.0,16.5142,20.0,400.0,GOALKEEPER,Goalkeeper,England,club_48b91a73,,,,,UNKNOWN,,,,HIGH,13077016.367866421,1783683.6321335789,-1783683.6321335789
df90cc88-eaf,plr_9bb18cac,2023_2024,2023-07-01,14130550.0,16.4638,20.0,400.0,MIDFIELDER,Attacking Midfield,England,club_3cbb9e40,48.0,1.5,3.0,,UNKNOWN,,,,HIGH,13012667.060762484,1117882.9392375164,-1117882.9392375164
b9c67b8d-483,plr_249105b5,2023_2024,2023-07-01,12885000.0,16.3716,23.0,529.0,DEFENDER,Centre-Back,Germany,UNKNOWN,,,,,UNKNOWN,,,,HIGH,8753614.11892884,4131385.8810711596,-4131385.8810711596
a860c2d7-1dd,plr_218df882,2023_2024,2023-07-01,11940100.0,16.2954,25.0,625.0,MIDFIELDER,Defensive Midfield,Norway,club_48b91a73,,,,,UNKNOWN,,,,HIGH,9313125.373775424,2626974.6262245756,-2626974.6262245756
e4d2bfd8-442,plr_1391ea77,2023_2024,2023-07-01,10308000.0,16.1484,18.0,324.0,FORWARD,Left Winger,France,UNKNOWN,,,,,UNKNOWN,,,,HIGH,11204103.65637051,896103.6563705094,896103.6563705094
53e28e41-800,plr_9f70d005,2023_2024,2023-07-01,6700200.0,15.7176,24.0,576.0,DEFENDER,Centre-Back,Ireland,UNKNOWN,,,,,UNKNOWN,,,,MEDIUM,13777246.224722266,7077046.224722266,7077046.224722266
0332ff65-4b5,plr_7f380ded,2023_2024,2023-07-01,3436000.0,15.0498,23.0,529.0,FORWARD,Centre-Forward,Ireland,UNKNOWN,,,,,UNKNOWN,,,,LOW,14331958.355202131,10895958.355202131,10895958.355202131
bdea45e5-824,plr_d48dd460,2023_2024,2023-07-01,2577000.0,14.7621,24.0,576.0,DEFENDER,Centre-Back,Haiti,UNKNOWN,,,,,UNKNOWN,,,,LOW,13353857.716791574,10776857.716791574,10776857.716791574
3f9b6721-d6a,plr_2c948b59,2023_2024,2023-07-01,2577000.0,14.7621,18.0,324.0,FORWARD,Right Winger,Italy,UNKNOWN,,,,,UNKNOWN,,,,LOW,18061486.760398947,15484486.760398947,15484486.760398947
12ea02be-586,plr_6365b590,2023_2024,2023-07-01,1975700.0,14.4964,22.0,484.0,DEFENDER,Centre-Back,England,club_e086bfa1,,,,,UNKNOWN,,,,LOW,18761381.630562443,16785681.630562443,16785681.630562443
23e58400-fd4,plr_cb9955d4,2023_2024,2023-07-01,53343900.0,17.7923,19.0,361.0,MIDFIELDER,Defensive Midfield,Belgium,UNKNOWN,,,,,UNKNOWN,,,,VERY_HIGH,21012837.084003285,32331062.915996715,-32331062.915996715
d430104c-000,plr_388d98dd,2023_2024,2023-07-01,51540000.0,17.7579,25.0,625.0,FORWARD,Centre-Forward,France,UNKNOWN,,,,,UNKNOWN,,,,VERY_HIGH,17826417.39278932,33713582.60721068,-33713582.60721068
4204421c-ec3,plr_cb9c7245,2023_2024,2023-07-01,40373000.0,17.5137,21.0,441.0,MIDFIELDER,Attacking Midfield,England,club_1fcc1eb6,35.0,1.094,-8.0,,UNKNOWN,,,,VERY_HIGH,13829991.32093113,26543008.67906887,-26543008.67906887
e8e1a821-38d,plr_4f1320bb,2023_2024,2023-07-01,38655000.0,17.4702,25.0,625.0,DEFENDER,Centre-Back,France,UNKNOWN,,,,,UNKNOWN,,,,VERY_HIGH,16224578.140002454,22430421.85999755,-22430421.85999755
f17f9070-c0c,plr_33b7c509,2023_2024,2023-07-01,31783000.0,17.2744,22.0,484.0,FORWARD,Centre-Forward,Senegal,UNKNOWN,,,,,UNKNOWN,,,,VERY_HIGH,16140905.475971349,15642094.524028651,-15642094.524028651
7d83f38e-26d,plr_ef576cd5,2023_2024,2023-07-01,23193000.0,16.9594,19.0,361.0,MIDFIELDER,Defensive Midfield,France,UNKNOWN,,,,,UNKNOWN,,,,VERY_HIGH,5258285.152111703,17934714.8478883,-17934714.8478883
0cd123f7-3c8,plr_17657716,2023_2024,2023-07-01,13744000.0,16.4361,23.0,529.0,GOALKEEPER,Goalkeeper,Serbia,UNKNOWN,,,,,UNKNOWN,,,,HIGH,8463913.819356058,5280086.180643942,-5280086.180643942
dbfa41b5-7a7,plr_7f2ffafa,2023_2024,2023-07-01,12885000.0,16.3716,18.0,324.0,FORWARD,Right Winger,Brazil,UNKNOWN,,,,,UNKNOWN,,,,HIGH,7900355.152248092,4984644.847751908,-4984644.847751908
258c6260-bf4,plr_637cffd7,2023_2024,2023-07-01,58154300.0,17.8786,24.0,576.0,MIDFIELDER,Attacking Midfield,England,club_1fcc1eb6,35.0,1.094,-8.0,,UNKNOWN,,,,VERY_HIGH,16819749.233624227,41334550.76637577,-41334550.76637577
f4148257-cad,plr_4b7ba546,2023_2024,2023-07-01,24996900.0,17.0343,29.0,841.0,MIDFIELDER,Central Midfield,Croatia,club_1fcc1eb6,35.0,1.094,-8.0,,UNKNOWN,,,,VERY_HIGH,24648100.120447077,348799.87955292314,-348799.87955292314
4e221667-0e8,plr_bfb02edb,2023_2024,2023-07-01,19757000.0,16.799,32.0,1024.0,DEFENDER,Centre-Back,Senegal,UNKNOWN,,,,,UNKNOWN,,,,VERY_HIGH,26779277.745579924,7022277.745579924,7022277.745579924
9a854da1-643,plr_6382eea3,2023_2024,2023-07-01,17867200.0,16.6985,24.0,576.0,FORWARD,Right Winger,United States,UNKNOWN,,,,,UNKNOWN,,,,VERY_HIGH,13227175.570342183,4640024.429657817,-4640024.429657817
385af624-cca,plr_f0a0fe53,2023_2024,2023-07-01,16235100.0,16.6027,27.0,729.0,MIDFIELDER,Central Midfield,England,UNKNOWN,,,,,UNKNOWN,,,,VERY_HIGH,19111322.38241148,2876222.38241148,2876222.38241148
7fe53c20-a85,plr_13d84101,2023_2024,2023-07-01,15891500.0,16.5813,31.0,961.0,GOALKEEPER,Goalkeeper,Senegal,UNKNOWN,,,,,UNKNOWN,,,,VERY_HIGH,21485004.636870015,5593504.636870015,5593504.636870015
745dd121-74f,plr_ad9fe8a5,2023_2024,2023-07-01,18124900.0,16.7128,19.0,361.0,MIDFIELDER,Defensive Midfield,England,UNKNOWN,,,,,UNKNOWN,,,,VERY_HIGH,10936470.009592688,7188429.990407312,-7188429.990407312
bbcb6e93-670,plr_1e0af882,2023_2024,2023-07-01,17180000.0,16.6593,19.0,361.0,FORWARD,Second Striker,Brazil,UNKNOWN,,,,,UNKNOWN,,,,VERY_HIGH,8694776.517508598,8485223.482491402,-8485223.482491402
956a15a8-f76,plr_b50ea4e2,2023_2024,2023-07-01,15032500.0,16.5257,26.0,676.0,GOALKEEPER,Goalkeeper,England,club_28c2f5a2,29.0,0.906,-18.0,,UNKNOWN,,,,HIGH,15394865.628255228,362365.6282552276,362365.6282552276
3268cb61-211,plr_864b35a4,2023_2024,2023-07-01,6872000.0,15.743,27.0,729.0,DEFENDER,Right-Back,Colombia,UNKNOWN,,,,,UNKNOWN,,,,MEDIUM,17651630.664404757,10779630.664404757,10779630.664404757
7e7bc716-002,plr_51d21893,2023_2024,2023-07-01,21475000.0,16.8824,25.0,625.0,FORWARD,Centre-Forward,Guinea-Bissau,UNKNOWN,,,,,UNKNOWN,,,,VERY_HIGH,16053365.243294736,5421634.756705264,-5421634.756705264
d165a589-ccd,plr_4ea224fa,2023_2024,2023-07-01,10737500.0,16.1893,19.0,361.0,FORWARD,Centre-Forward,Portugal,UNKNOWN,,,,,UNKNOWN,,,,HIGH,15448476.684385462,4710976.684385462,4710976.684385462
a1cb1d86-fbc,plr_dfa00273,2023_2024,2023-07-01,22076300.0,16.91,27.0,729.0,MIDFIELDER,Defensive Midfield,Nigeria,club_c15a9332,28.0,0.875,-22.0,,UNKNOWN,,,,VERY_HIGH,83655.03835188225,21992644.961648118,-21992644.961648118
8b65a6b9-508,plr_c14e8a2b,2023_2024,2023-07-01,7988700.0,15.8935,27.0,729.0,FORWARD,Left Winger,Jamaica,UNKNOWN,,,,,UNKNOWN,,,,MEDIUM,13153266.284738112,5164566.284738112,5164566.284738112
5b6a044a-787,plr_39fe690b,2023_2024,2023-07-01,7559200.0,15.8383,20.0,400.0,FORWARD,Centre-Forward,Ireland,UNKNOWN,,,,,UNKNOWN,,,,MEDIUM,11493823.89673693,3934623.896736929,3934623.896736929
b97e39f6-930,plr_405fe593,2023_2024,2023-07-01,6013000.0,15.6094,22.0,484.0,FORWARD,Centre-Forward,England,club_e086bfa1,,,,,UNKNOWN,,,,MEDIUM,20363220.883349307,14350220.883349307,14350220.883349307
802a2bcf-575,plr_0fb15eee,2023_2024,2023-07-01,19327500.0,16.777,23.0,529.0,DEFENDER,Centre-Back,Nigeria,UNKNOWN,,,,,UNKNOWN,,,,VERY_HIGH,7715615.04284614,11611884.95715386,-11611884.95715386
9efc6d18-d04,plr_2b5cdf13,2023_2024,2023-07-01,11167000.0,16.2285,27.0,729.0,DEFENDER,Right-Back,Belgium,UNKNOWN,,,,,UNKNOWN,,,,HIGH,34326090.07355452,23159090.073554523,23159090.073554523
4a3d523a-c6c,plr_b25117aa,2023_2024,2023-07-01,5497600.0,15.5198,32.0,1024.0,FORWARD,Centre-Forward,Mexico,club_17e261c8,34.0,1.062,-6.0,,UNKNOWN,,,,MEDIUM,29163155.616107263,23665555.616107263,23665555.616107263
6d1ffbd7-4ae,plr_093c3e0d,2023_2024,2023-07-01,747330.0,13.5243,24.0,576.0,GOALKEEPER,Goalkeeper,Germany,UNKNOWN,,,,,UNKNOWN,,,,LOW,5957924.46610732,5210594.46610732,5210594.46610732
0e9bb4ec-1c2,plr_38fec590,2023_2024,2023-07-01,45183400.0,17.6262,28.0,784.0,FORWARD,Centre-Forward,Serbia,UNKNOWN,,,,,UNKNOWN,,,,VERY_HIGH,19649616.97289942,25533783.02710058,-25533783.02710058
1b1f10f7-4e9,plr_6f8855bd,2023_2024,2023-07-01,60130000.0,17.912,22.0,484.0,MIDFIELDER,Attacking Midfield,Hungary,UNKNOWN,,,,,UNKNOWN,,,,VERY_HIGH,1847694.1048051864,58282305.89519481,-58282305.89519481
05bdd19b-415,plr_a85e719b,2023_2024,2023-07-01,34360000.0,17.3524,21.0,441.0,MIDFIELDER,Defensive Midfield,Netherlands,UNKNOWN,,,,,UNKNOWN,,,,VERY_HIGH,2188439.953795608,32171560.046204392,-32171560.046204392
a8a0e0cf-79e,plr_f4669e41,2023_2024,2023-07-01,17180000.0,16.6593,30.0,900.0,MIDFIELDER,Defensive Midfield,Japan,UNKNOWN,,,,,UNKNOWN,,,,VERY_HIGH,10586316.614045871,6593683.385954129,-6593683.385954129
1abe0f15-348,plr_52fc3484,2023_2024,2023-07-01,40115300.0,17.5073,29.0,841.0,MIDFIELDER,Defensive Midfield,Brazil,UNKNOWN,,,,,UNKNOWN,,,,VERY_HIGH,12678513.628105763,27436786.371894237,-27436786.371894237
97272648-f11,plr_b807fd65,2023_2024,2023-07-01,12026000.0,16.3026,33.0,1089.0,MIDFIELDER,Central Midfield,England,UNKNOWN,,,,,UNKNOWN,,,,HIGH,27365190.021216117,15339190.021216117,15339190.021216117
99771e73-acb,plr_941baab7,2023_2024,2023-07-01,5025150.0,15.43,22.0,484.0,FORWARD,Left Winger,Spain,UNKNOWN,,,,,UNKNOWN,,,,MEDIUM,18101766.181970622,13076616.181970622,13076616.181970622
bed06dfc-0c5,plr_f7b10493,2023_2024,2023-07-01,4037300.0,15.2111,23.0,529.0,MIDFIELDER,Attacking Midfield,Curacao,UNKNOWN,,,,,UNKNOWN,,,,LOW,4834082.974324914,796782.9743249137,796782.9743249137
57422ee2-6f8,plr_a430bb9d,2023_2024,2023-07-01,3006500.0,14.9163,25.0,625.0,DEFENDER,Centre-Back,Denmark,club_48b91a73,,,,,UNKNOWN,,,,LOW,14451525.99050787,11445025.99050787,11445025.99050787
76d9a227-fd7,plr_aa04a897,2023_2024,2023-07-01,2491100.0,14.7282,25.0,625.0,FORWARD,Centre-Forward,Scotland,club_b361f3db,71.0,2.219,48.0,,UNKNOWN,,,,LOW,43028899.70241748,40537799.70241748,40537799.70241748
52a8c99c-38c,plr_69b32dac,2023_2024,2023-07-01,2491100.0,14.7282,30.0,900.0,GOALKEEPER,Goalkeeper,Belgium,UNKNOWN,,,,,UNKNOWN,,,,LOW,34382771.93648648,31891671.936486483,31891671.936486483
9644e986-0c6,plr_8afd61a5,2023_2024,2023-07-01,1718000.0,14.3567,24.0,576.0,DEFENDER,Right-Back,Japan,UNKNOWN,,,,,UNKNOWN,,,,LOW,8380590.317341057,6662590.317341057,6662590.317341057
560e7bf4-d2e,plr_b5ad4ccb,2023_2024,2023-07-01,987850.0,13.8033,23.0,529.0,DEFENDER,Centre-Back,England,UNKNOWN,,,,,UNKNOWN,,,,LOW,19757967.601460144,18770117.601460144,18770117.601460144
765a311b-d8c,plr_9f703434,2023_2024,2023-07-01,257700.0,12.4596,24.0,576.0,FORWARD,Right Winger,Guinea-Bissau,UNKNOWN,,,,,UNKNOWN,,,,LOW,14955696.96957844,14697996.96957844,14697996.96957844
665efbf0-a6a,plr_046464c6,2023_2024,2023-07-01,77310000.0,18.1633,21.0,441.0,DEFENDER,Centre-Back,Croatia,UNKNOWN,,,,,UNKNOWN,,,,VERY_HIGH,19649934.81522242,57660065.18477758,-57660065.18477758
eb83734a-e96,plr_9210b7c6,2023_2024,2023-07-01,53258000.0,17.7907,25.0,625.0,DEFENDER,Right-Back,Portugal,club_b361f3db,71.0,2.219,48.0,,UNKNOWN,,,,VERY_HIGH,46650064.261879645,6607935.738120355,-6607935.738120355
41062291-7d1,plr_9d7d2bf6,2023_2024,2023-07-01,51540000.0,17.7579,21.0,441.0,FORWARD,Left Winger,Belgium,UNKNOWN,,,,,UNKNOWN,,,,VERY_HIGH,29493543.138271503,22046456.861728497,-22046456.861728497
7c24c583-b54,plr_b277a08a,2023_2024,2023-07-01,15891500.0,16.5813,18.0,324.0,MIDFIELDER,Attacking Midfield,Argentina,UNKNOWN,,,,,UNKNOWN,,,,VERY_HIGH,5250213.877713154,10641286.122286845,-10641286.122286845
1c9993db-613,plr_55b9d557,2023_2024,2023-07-01,30065000.0,17.2189,32.0,1024.0,FORWARD,Right Winger,Algeria,UNKNOWN,,,,,UNKNOWN,,,,VERY_HIGH,25152195.398769177,4912804.6012308225,-4912804.6012308225
af7db753-626,plr_55d2e664,2023_2024,2023-07-01,23622500.0,16.9777,29.0,841.0,DEFENDER,Centre-Back,Spain,UNKNOWN,,,,,UNKNOWN,,,,VERY_HIGH,24537392.90506293,914892.9050629288,914892.9050629288
b605d49c-12a,plr_50f9d46f,2023_2024,2023-07-01,68548200.0,18.043,20.0,400.0,FORWARD,Centre-Forward,Denmark,UNKNOWN,,,,,UNKNOWN,,,,VERY_HIGH,11070435.388806239,57477764.61119376,-57477764.61119376
e5afb9ba-4c6,plr_97778d6f,2023_2024,2023-07-01,43121800.0,17.5795,27.0,729.0,GOALKEEPER,Goalkeeper,Cameroon,UNKNOWN,,,,,UNKNOWN,,,,VERY_HIGH,12955669.217039842,30166130.782960158,-30166130.782960158
a47a3a10-80f,plr_83f0c09d,2023_2024,2023-07-01,4295000.0,15.273,25.0,625.0,GOALKEEPER,Goalkeeper,Türkiye,UNKNOWN,,,,,UNKNOWN,,,,MEDIUM,10608709.215379352,6313709.215379352,6313709.215379352
9156e2d5-f9e,plr_4047166b,2023_2024,2023-07-01,19696870.0,16.796,21.0,441.0,FORWARD,Right Winger,Sweden,UNKNOWN,,,,,UNKNOWN,,,,VERY_HIGH,11941322.555576779,7755547.444423221,-7755547.444423221
a3d65fad-a9c,plr_4147f713,2023_2024,2023-07-01,8366660.0,15.9398,30.0,900.0,MIDFIELDER,Central Midfield,Brazil,UNKNOWN,,,,,UNKNOWN,,,,MEDIUM,14028887.658868555,5662227.658868555,5662227.658868555
ce3e2ab9-46c,plr_23d629e4,2023_2024,2023-07-01,859000.0,13.6635,20.0,400.0,MIDFIELDER,Central Midfield,Iraq,UNKNOWN,,,,,UNKNOWN,,,,LOW,4330195.519286925,3471195.519286925,3471195.519286925
7dbdc616-837,plr_af533806,2023_2024,2023-07-01,57638900.0,17.8697,23.0,529.0,MIDFIELDER,Defensive Midfield,Italy,UNKNOWN,,,,,UNKNOWN,,,,VERY_HIGH,15798765.231275145,41840134.76872486,-41840134.76872486
e1149218-e8b,plr_5cf41944,2023_2024,2023-07-01,37796000.0,17.4477,25.0,625.0,FORWARD,Left Winger,England,UNKNOWN,,,,,UNKNOWN,,,,VERY_HIGH,23504602.250270303,14291397.749729697,-14291397.749729697
048f5dfc-7c5,plr_5b461e8a,2023_2024,2023-07-01,31954800.0,17.2798,20.0,400.0,DEFENDER,Right-Back,England,UNKNOWN,,,,,UNKNOWN,,,,VERY_HIGH,16919833.14299494,15034966.85700506,-15034966.85700506
8adb8bca-bd1,plr_da4360a5,2023_2024,2023-07-01,6872000.0,15.743,18.0,324.0,FORWARD,Right Winger,The Gambia,UNKNOWN,,,,,UNKNOWN,,,,MEDIUM,9431051.506875928,2559051.5068759285,2559051.5068759285
61887460-2d7,plr_8488e4d6,2023_2024,2023-07-01,23364800.0,16.9667,26.0,676.0,FORWARD,Left Winger,France,UNKNOWN,,,,,UNKNOWN,,,,VERY_HIGH,18974626.817914914,4390173.182085086,-4390173.182085086
c7cd5f0b-d97,plr_e15da7ab,2023_2024,2023-07-01,343600.0,12.7472,32.0,1024.0,GOALKEEPER,Goalkeeper,Wales,club_d970dbec,,,,,UNKNOWN,,,,LOW,13725876.375599854,13382276.375599854,13382276.375599854
077575d6-5e7,plr_c9a5aa44,2023_2024,2023-07-01,30065000.0,17.2189,25.0,625.0,MIDFIELDER,Defensive Midfield,Cote d'Ivoire,UNKNOWN,,,,,UNKNOWN,,,,VERY_HIGH,7659501.78123793,22405498.21876207,-22405498.21876207
c5641f1e-f5c,plr_57cd2581,2023_2024,2023-07-01,11038150.0,16.2169,21.0,441.0,DEFENDER,Centre-Back,Ireland,UNKNOWN,,,,,UNKNOWN,,,,HIGH,10787488.312029168,250661.687970832,-250661.687970832
5ab1fd20-f90,plr_e0180d5f,2023_2024,2023-07-01,10308000.0,16.1484,21.0,441.0,DEFENDER,Centre-Back,Brazil,UNKNOWN,,,,,UNKNOWN,,,,HIGH,8833403.44947064,1474596.5505293608,-1474596.5505293608
bbc59164-d23,plr_485d31f1,2023_2024,2023-07-01,5712350.0,15.5581,25.0,625.0,MIDFIELDER,Central Midfield,Argentina,UNKNOWN,,,,,UNKNOWN,,,,MEDIUM,11872527.614131961,6160177.614131961,6160177.614131961
ee1f9c0b-99c,plr_b7edbba9,2023_2024,2023-07-01,5583500.0,15.5353,31.0,961.0,GOALKEEPER,Goalkeeper,Belgium,UNKNOWN,,,,,UNKNOWN,,,,MEDIUM,35783687.11865857,30200187.118658572,30200187.118658572
bf388073-c15,plr_d60456cb,2023_2024,2023-07-01,4209100.0,15.2528,29.0,841.0,GOALKEEPER,Goalkeeper,Greece,UNKNOWN,,,,,UNKNOWN,,,,LOW,15504793.824337527,11295693.824337527,11295693.824337527
830f71db-4dd,plr_6b87f341,2023_2024,2023-07-01,47245000.0,17.6709,22.0,484.0,FORWARD,Right Winger,Wales,club_fe87899a,26.0,0.812,-30.0,,UNKNOWN,,,,VERY_HIGH,0.0,47245000.0,-47245000.0
eeabaaf7-f07,plr_60028ad9,2023_2024,2023-07-01,4982200.0,15.4214,24.0,576.0,FORWARD,Centre-Forward,England,UNKNOWN,,,,,UNKNOWN,,,,MEDIUM,22406933.976554006,17424733.976554006,17424733.976554006
6697a4bb-7f1,plr_9dbfaf8c,2023_2024,2023-07-01,3092400.0,14.9445,23.0,529.0,MIDFIELDER,Defensive Midfield,Paraguay,club_28c2f5a2,29.0,0.906,-18.0,,UNKNOWN,,,,LOW,3355039.9585268395,262639.9585268395,262639.9585268395
42d0a4ae-91a,plr_c55733b8,2023_2024,2023-07-01,85900.0,11.361,31.0,961.0,DEFENDER,Right-Back,Cote d'Ivoire,UNKNOWN,,,,,UNKNOWN,,,,LOW,20445276.219863433,20359376.219863433,20359376.219863433
cf1fec69-316,plr_18fb12f0,2023_2024,2023-07-01,14860700.0,16.5142,26.0,676.0,MIDFIELDER,Central Midfield,Netherlands,club_e086bfa1,,,,,UNKNOWN,,,,HIGH,7424075.565330599,7436624.434669401,-7436624.434669401
8ccf5f28-da9,plr_e32d3595,2023_2024,2023-07-01,10737500.0,16.1893,24.0,576.0,MIDFIELDER,Defensive Midfield,Brazil,UNKNOWN,,,,,UNKNOWN,,,,HIGH,6684760.745431291,4052739.254568709,-4052739.254568709
abaa4d76-f7f,plr_cb48d7d0,2023_2024,2023-07-01,3951400.0,15.1896,21.0,441.0,FORWARD,Left Winger,Cote d'Ivoire,UNKNOWN,,,,,UNKNOWN,,,,LOW,10312315.464347847,6360915.464347847,6360915.464347847
f0d048f6-972,plr_bccfb951,2023_2024,2023-07-01,2319300.0,14.6568,22.0,484.0,MIDFIELDER,Attacking Midfield,Tunisia,UNKNOWN,,,,,UNKNOWN,,,,LOW,6171744.006854428,3852444.006854428,3852444.006854428
4437f0d4-b2e,plr_67295785,2023_2024,2023-07-01,2147500.0,14.5798,28.0,784.0,GOALKEEPER,Goalkeeper,Croatia,UNKNOWN,,,,,UNKNOWN,,,,LOW,23490795.956107978,21343295.956107978,21343295.956107978
410c948f-f5a,plr_44f9fb5c,2023_2024,2023-07-01,14603000.0,16.4967,23.0,529.0,FORWARD,Left Winger,Senegal,club_559decae,70.0,2.188,38.0,,UNKNOWN,,,,HIGH,34923169.927063584,20320169.927063584,20320169.927063584
bba9ac36-51c,plr_901fe80d,2023_2024,2023-07-01,39771700.0,17.4987,26.0,676.0,MIDFIELDER,Attacking Midfield,England,UNKNOWN,,,,,UNKNOWN,,,,VERY_HIGH,17912571.805876587,21859128.194123413,-21859128.194123413
f38b4d3e-44d,plr_212bfe1f,2023_2024,2023-07-01,34360000.0,17.3524,22.0,484.0,DEFENDER,Centre-Back,Netherlands,UNKNOWN,,,,,UNKNOWN,,,,VERY_HIGH,8272885.390016456,26087114.609983545,-26087114.609983545
397d1ca6-6eb,plr_842d3ba4,2023_2024,2023-07-01,34360000.0,17.3524,23.0,529.0,DEFENDER,Right-Back,Spain,UNKNOWN,,,,,UNKNOWN,,,,VERY_HIGH,17496512.90008146,16863487.09991854,-16863487.09991854
105458ac-4a2,plr_a3010a44,2023_2024,2023-07-01,25770000.0,17.0647,23.0,529.0,MIDFIELDER,Attacking Midfield,Sweden,UNKNOWN,,,,,UNKNOWN,,,,VERY_HIGH,7143713.476443566,18626286.523556434,-18626286.523556434
fc3b5abe-646,plr_b46dc6d7,2023_2024,2023-07-01,24052000.0,16.9957,21.0,441.0,DEFENDER,Centre-Back,Romania,UNKNOWN,,,,,UNKNOWN,,,,VERY_HIGH,10364099.804098476,13687900.195901524,-13687900.195901524
b307f66d-3e8,plr_cd17d787,2023_2024,2023-07-01,15891500.0,16.5813,26.0,676.0,GOALKEEPER,Goalkeeper,Italy,UNKNOWN,,,,,UNKNOWN,,,,VERY_HIGH,20387353.894027963,4495853.894027963,4495853.894027963
e3543471-198,plr_693aaf28,2023_2024,2023-07-01,12885000.0,16.3716,20.0,400.0,FORWARD,Centre-Forward,Argentina,UNKNOWN,,,,,UNKNOWN,,,,HIGH,13629837.629162777,744837.6291627772,744837.6291627772
3951f663-e8c,plr_f8f939a9,2023_2024,2023-07-01,1975700.0,14.4964,18.0,324.0,DEFENDER,Centre-Back,England,UNKNOWN,,,,,UNKNOWN,,,,LOW,15280449.26106463,13304749.26106463,13304749.26106463
439de166-4bb,plr_8eb0bb19,2023_2024,2023-07-01,81605000.0,18.2174,30.0,900.0,FORWARD,Centre-Forward,England,UNKNOWN,,,,,UNKNOWN,,,,VERY_HIGH,29751060.88999127,51853939.11000873,-51853939.11000873
1647c615-ea1,plr_11a69670,2023_2024,2023-07-01,8160500.0,15.9148,27.0,729.0,DEFENDER,Centre-Back,Colombia,UNKNOWN,,,,,UNKNOWN,,,,MEDIUM,17651630.664404757,9491130.664404757,9491130.664404757
4d0216f4-2ba,plr_655a21e1,2023_2024,2023-07-01,36937000.0,17.4247,23.0,529.0,FORWARD,Right Winger,Ghana,UNKNOWN,,,,,UNKNOWN,,,,VERY_HIGH,13908569.84727144,23028430.152728558,-23028430.152728558
ef573768-428,plr_8373bb64,2023_2024,2023-07-01,32642000.0,17.3011,25.0,625.0,MIDFIELDER,Defensive Midfield,Mexico,UNKNOWN,,,,,UNKNOWN,,,,VERY_HIGH,9313125.373775424,23328874.626224577,-23328874.626224577
e4f52273-757,plr_ca21714d,2023_2024,2023-07-01,29893200.0,17.2131,28.0,784.0,MIDFIELDER,Central Midfield,England,UNKNOWN,,,,,UNKNOWN,,,,VERY_HIGH,20360614.110355675,9532585.889644325,-9532585.889644325
c08c4b63-27a,plr_aa1bc266,2023_2024,2023-07-01,17180000.0,16.6593,25.0,625.0,DEFENDER,Centre-Back,Greece,UNKNOWN,,,,,UNKNOWN,,,,VERY_HIGH,14451525.99050787,2728474.009492129,-2728474.009492129
26ff546f-232,plr_537016a9,2023_2024,2023-07-01,1503250.0,14.2231,23.0,529.0,MIDFIELDER,Central Midfield,Scotland,UNKNOWN,,,,,UNKNOWN,,,,LOW,7168329.977752129,5665079.977752129,5665079.977752129
42f18ab0-cb0,plr_f10d6756,2023_2024,2023-07-01,24052000.0,16.9957,24.0,576.0,FORWARD,Centre-Forward,Italy,UNKNOWN,,,,,UNKNOWN,,,,VERY_HIGH,23586132.223101456,465867.7768985443,-465867.7768985443
2052c6f3-a9e,plr_9d39ada1,2023_2024,2023-07-01,6872000.0,15.743,27.0,729.0,MIDFIELDER,Central Midfield,Spain,UNKNOWN,,,,,UNKNOWN,,,,MEDIUM,16849867.681032795,9977867.681032795,9977867.681032795
1b5d1767-cb2,plr_33306427,2023_2024,2023-07-01,996440.0,13.8119,23.0,529.0,MIDFIELDER,Defensive Midfield,Ireland,UNKNOWN,,,,,UNKNOWN,,,,LOW,7591718.48568282,6595278.48568282,6595278.48568282
fdf7860c-fa1,plr_cf45ba4c,2023_2024,2023-07-01,42950000.0,17.5755,24.0,576.0,FORWARD,Centre-Forward,Brazil,UNKNOWN,,,,,UNKNOWN,,,,VERY_HIGH,13425000.614950603,29524999.385049395,-29524999.385049395
a68ab5ce-096,plr_5f9e44c6,2023_2024,2023-07-01,12885000.0,16.3716,25.0,625.0,MIDFIELDER,Central Midfield,Haiti,UNKNOWN,,,,,UNKNOWN,,,,HIGH,9313125.373775424,3571874.6262245756,-3571874.6262245756
e98e25a8-c79,plr_79a2bc2d,2023_2024,2023-07-01,10308000.0,16.1484,24.0,576.0,DEFENDER,Centre-Back,Uruguay,UNKNOWN,,,,,UNKNOWN,,,,HIGH,13353857.716791574,3045857.716791574,3045857.716791574
52d7324c-0b6,plr_0c7249ff,2023_2024,2023-07-01,9449000.0,16.0614,21.0,441.0,MIDFIELDER,Defensive Midfield,Mali,UNKNOWN,,,,,UNKNOWN,,,,MEDIUM,5225699.187366027,4223300.812633973,-4223300.812633973
68e9fd9d-97c,plr_3f2c8aec,2023_2024,2023-07-01,5154000.0,15.4553,18.0,324.0,FORWARD,Left Winger,Paraguay,UNKNOWN,,,,,UNKNOWN,,,,MEDIUM,9431051.506875928,4277051.5068759285,4277051.5068759285
59ec9387-343,plr_6edc17bd,2023_2024,2023-07-01,47245000.0,17.6709,26.0,676.0,MIDFIELDER,Defensive Midfield,Portugal,UNKNOWN,,,,,UNKNOWN,,,,VERY_HIGH,15684338.611150049,31560661.38884995,-31560661.38884995
d861ba4d-e9d,plr_01a61434,2023_2024,2023-07-01,1202600.0,14.0,26.0,676.0,GOALKEEPER,Goalkeeper,Montenegro,UNKNOWN,,,,,UNKNOWN,,,,LOW,11756918.640504949,10554318.640504949,10554318.640504949
