feature,2018_2019,2019_2020,2020_2021,2021_2022,2022_2023,2023_2024,overall_coverage,source,temporal_validity,feature_group,status
transfer_id,1.0,1.0,1.0,1.0,1.0,1.0,1.0,multiple,VALID,Mixed,CORE
master_player_id,1.0,1.0,1.0,1.0,1.0,1.0,1.0,multiple,VALID,Mixed,CORE
season_id,1.0,1.0,1.0,1.0,1.0,1.0,1.0,multiple,VALID,Mixed,CORE
transfer_date,1.0,1.0,1.0,1.0,1.0,1.0,1.0,multiple,VALID,Mixed,CORE
fee_gbp,1.0,1.0,1.0,1.0,1.0,1.0,1.0,multiple,VALID,Mixed,CORE
log_fee_gbp,1.0,1.0,1.0,1.0,1.0,1.0,1.0,multiple,VALID,Mixed,CORE
age_at_transfer,0.0,0.0,0.0,0.0,0.0,0.0,0.0,multiple,VALID,Mixed,CORE
age_squared,0.0,0.0,0.0,0.0,0.0,0.0,0.0,multiple,VALID,Mixed,CORE
position,1.0,1.0,1.0,1.0,1.0,1.0,1.0,multiple,VALID,Mixed,CORE
previous_transfer_count,1.0,1.0,1.0,1.0,1.0,1.0,1.0,multiple,VALID,Mixed,CORE
career_minutes_before_transfer,1.0,1.0,1.0,1.0,1.0,1.0,1.0,multiple,VALID,Mixed,CORE
career_goals_before_transfer,1.0,1.0,1.0,1.0,1.0,1.0,1.0,multiple,VALID,Mixed,CORE
selling_club_pts_t1,0.0,0.0,0.0,0.0,0.0,0.0,0.0,multiple,VALID,Mixed,CORE
selling_club_gd_t1,0.0,0.0,0.0,0.0,0.0,0.0,0.0,multiple,VALID,Mixed,CORE
transfer_month,1.0,1.0,1.0,1.0,1.0,1.0,1.0,multiple,VALID,Mixed,CORE
is_summer_window,1.0,1.0,1.0,1.0,1.0,1.0,1.0,multiple,VALID,Mixed,CORE
t1_minutes,0.0,0.016129032258064516,0.0,0.008928571428571428,0.012658227848101266,0.013245033112582781,0.008962868117797696,multiple,VALID,Mixed,ENRICHED
t1_goals,0.0,0.016129032258064516,0.0,0.008928571428571428,0.012658227848101266,0.013245033112582781,0.008962868117797696,multiple,VALID,Mixed,ENRICHED
t1_assists,0.0,0.016129032258064516,0.0,0.008928571428571428,0.012658227848101266,0.013245033112582781,0.008962868117797696,multiple,VALID,Mixed,ENRICHED
t1_bps,0.0,0.016129032258064516,0.0,0.008928571428571428,0.012658227848101266,0.013245033112582781,0.008962868117797696,multiple,VALID,Mixed,ENRICHED
t1_goals_per90,0.0,0.016129032258064516,0.0,0.008928571428571428,0.012658227848101266,0.006622516556291391,0.0076824583866837385,multiple,VALID,Mixed,ENRICHED
t1_assists_per90,0.0,0.016129032258064516,0.0,0.008928571428571428,0.012658227848101266,0.006622516556291391,0.0076824583866837385,multiple,VALID,Mixed,ENRICHED
t1_bps_per90,0.0,0.016129032258064516,0.0,0.008928571428571428,0.012658227848101266,0.006622516556291391,0.0076824583866837385,multiple,VALID,Mixed,ENRICHED
t1_low_minutes_flag,0.0,0.016129032258064516,0.0,0.008928571428571428,0.012658227848101266,0.013245033112582781,0.008962868117797696,multiple,VALID,Mixed,ENRICHED
two_season_avg_minutes,0.0,0.0,0.0,0.0,0.0,0.0,0.0,multiple,VALID,Mixed,ENRICHED
two_season_avg_goals,0.0,0.0,0.0,0.0,0.0,0.0,0.0,multiple,VALID,Mixed,ENRICHED
goals_trend,0.0,0.0,0.0,0.0,0.0,0.0,0.0,multiple,VALID,Mixed,ENRICHED
previous_transfer_fee_gbp,1.0,1.0,1.0,1.0,1.0,1.0,1.0,multiple,VALID,Mixed,ENRICHED
