experiment_id,model,target_type,feature_set,train_seasons,test_season,train_rows,test_rows,MAE,RMSE,R2,median_absolute_error,WAPE
Baseline_Median_CORE_raw,Baseline_Median,raw,CORE,2021_2022+2022_2023,2023_2024,69,302,14499464.9,22116647.42,-0.279,7945750.0,0.7331
Baseline_Mean_CORE_raw,Baseline_Mean,raw,CORE,2021_2022+2022_2023,2023_2024,69,302,13889564.28,20532407.6,-0.1023,9670301.16,0.7022
LinearRegression_CORE_raw,LinearRegression,raw,CORE,2021_2022+2022_2023,2023_2024,69,302,17239458.47,23775533.4,-0.4781,13575124.57,0.8716
RandomForest_CORE_raw,RandomForest,raw,CORE,2021_2022+2022_2023,2023_2024,69,302,14337005.45,21053300.53,-0.159,10381773.63,0.7249
GradientBoosting_CORE_raw,GradientBoosting,raw,CORE,2021_2022+2022_2023,2023_2024,69,302,14223590.33,21099828.31,-0.1641,9166064.78,0.7191
XGBoost_CORE_raw,XGBoost,raw,CORE,2021_2022+2022_2023,2023_2024,69,302,14852250.45,22655429.85,-0.3421,8819516.0,0.7509
MLPRegressor_CORE_raw,MLPRegressor,raw,CORE,2021_2022+2022_2023,2023_2024,69,302,19778844.72,27814440.46,-1.0229,14173500.0,1.0
Baseline_Median_CORE_log,Baseline_Median,log,CORE,2021_2022+2022_2023,2023_2024,69,302,14499512.68,22116733.83,-0.279,7945564.99,0.7331
Baseline_Mean_CORE_log,Baseline_Mean,log,CORE,2021_2022+2022_2023,2023_2024,69,302,14933891.46,22890012.73,-0.37,7149548.74,0.755
LinearRegression_CORE_log,LinearRegression,log,CORE,2021_2022+2022_2023,2023_2024,69,302,17548205.99,25485251.34,-0.6983,10584737.4,0.8872
RandomForest_CORE_log,RandomForest,log,CORE,2021_2022+2022_2023,2023_2024,69,302,15194335.42,22859429.25,-0.3664,8247831.42,0.7682
GradientBoosting_CORE_log,GradientBoosting,log,CORE,2021_2022+2022_2023,2023_2024,69,302,14836743.21,22546361.29,-0.3292,7956918.06,0.7501
XGBoost_CORE_log,XGBoost,log,CORE,2021_2022+2022_2023,2023_2024,69,302,15130899.28,22891533.79,-0.3702,8144856.0,0.765
MLPRegressor_CORE_log,MLPRegressor,log,CORE,2021_2022+2022_2023,2023_2024,69,302,1.7349831473880272e+40,2.4230057316079735e+41,-1.5351298591118967e+68,13890305.67,8.771913464715846e+32
Baseline_Median_ENRICHED_raw,Baseline_Median,raw,ENRICHED,2021_2022+2022_2023,2023_2024,69,302,14499464.9,22116647.42,-0.279,7945750.0,0.7331
Baseline_Mean_ENRICHED_raw,Baseline_Mean,raw,ENRICHED,2021_2022+2022_2023,2023_2024,69,302,13889564.28,20532407.6,-0.1023,9670301.16,0.7022
LinearRegression_ENRICHED_raw,LinearRegression,raw,ENRICHED,2021_2022+2022_2023,2023_2024,69,302,17239458.47,23775533.4,-0.4781,13575124.57,0.8716
RandomForest_ENRICHED_raw,RandomForest,raw,ENRICHED,2021_2022+2022_2023,2023_2024,69,302,14341033.09,21053546.12,-0.159,10381773.63,0.7251
GradientBoosting_ENRICHED_raw,GradientBoosting,raw,ENRICHED,2021_2022+2022_2023,2023_2024,69,302,14168016.09,21103213.96,-0.1645,9442002.12,0.7163
XGBoost_ENRICHED_raw,XGBoost,raw,ENRICHED,2021_2022+2022_2023,2023_2024,69,302,14852250.45,22655429.85,-0.3421,8819516.0,0.7509
MLPRegressor_ENRICHED_raw,MLPRegressor,raw,ENRICHED,2021_2022+2022_2023,2023_2024,69,302,19778844.39,27814440.23,-1.0229,14173499.58,1.0
Baseline_Median_ENRICHED_log,Baseline_Median,log,ENRICHED,2021_2022+2022_2023,2023_2024,69,302,14499512.68,22116733.83,-0.279,7945564.99,0.7331
Baseline_Mean_ENRICHED_log,Baseline_Mean,log,ENRICHED,2021_2022+2022_2023,2023_2024,69,302,14933891.46,22890012.73,-0.37,7149548.74,0.755
LinearRegression_ENRICHED_log,LinearRegression,log,ENRICHED,2021_2022+2022_2023,2023_2024,69,302,17548205.99,25485251.34,-0.6983,10584737.4,0.8872
RandomForest_ENRICHED_log,RandomForest,log,ENRICHED,2021_2022+2022_2023,2023_2024,69,302,15201289.64,22865624.12,-0.3671,8276191.58,0.7686
GradientBoosting_ENRICHED_log,GradientBoosting,log,ENRICHED,2021_2022+2022_2023,2023_2024,69,302,14828885.69,22562197.36,-0.3311,7687095.97,0.7497
XGBoost_ENRICHED_log,XGBoost,log,ENRICHED,2021_2022+2022_2023,2023_2024,69,302,15130899.28,22891533.79,-0.3702,8144856.0,0.765
MLPRegressor_ENRICHED_log,MLPRegressor,log,ENRICHED,2021_2022+2022_2023,2023_2024,69,302,8.130797645581486e+32,1.0163585506945548e+34,-2.7010344703937017e+53,13552676.31,4.1108556848826205e+25
