experiment_id,train_seasons,validation_season,model,feature_set,target_type,train_rows,validation_rows,MAE,RMSE,R2,median_absolute_error,WAPE,random_seed,config_version
1,2018_2019,2019_2020,Mean_Baseline,Core,fee_gbp,136,124,11339050.609582543,17681521.74631677,-0.03560847642832976,8164416.029411765,0.7609811346451173,42,v2.0
1,2018_2019,2019_2020,Median_Baseline,Core,fee_gbp,136,124,11221345.60483871,19140125.027111538,-0.21351698177643708,5927100.0,0.7530817706553601,42,v2.0
1,2018_2019,2019_2020,Pos_Median_Baseline,Core,fee_gbp,136,124,11221345.60483871,19140125.027111538,-0.21351698177643708,5927100.0,0.7530817706553601,42,v2.0
1,2018_2019,2019_2020,Linear,Core,fee_gbp,136,124,11339050.609582543,17681521.74631677,-0.03560847642832976,8164416.029411765,0.7609811346451173,42,v2.0
1,2018_2019,2019_2020,Ridge,Core,fee_gbp,136,124,11339050.609582543,17681521.74631677,-0.03560847642832976,8164416.029411765,0.7609811346451173,42,v2.0
1,2018_2019,2019_2020,RandomForest,Core,fee_gbp,136,124,11318112.8920778,17706052.582940623,-0.03848401681841507,8034602.18088235,0.7595759722049591,42,v2.0
1,2018_2019,2019_2020,GradientBoosting,Core,fee_gbp,136,124,11339050.609582543,17681521.74631677,-0.03560847642832976,8164416.029411765,0.7609811346451173,42,v2.0
1,2018_2019,2019_2020,XGBoost,Core,fee_gbp,136,124,11354517.379032258,17663991.51799097,-0.033555999978419626,8260310.0,0.7620191333427501,42,v2.0
1,2018_2019,2019_2020,MLP,Core,fee_gbp,136,124,14900560.088568501,22889128.86806647,-0.7354609502566216,8589999.223437803,0.9999995161379798,42,v2.0
1,2018_2019,2019_2020,Mean_Baseline,Core,log_fee_gbp,136,124,11317946.66991305,19316525.478982795,-0.23598824392226936,5558139.622836937,0.7595648167797043,42,v2.0
1,2018_2019,2019_2020,Median_Baseline,Core,log_fee_gbp,136,124,11221345.60483871,19140125.027111538,-0.21351698177643708,5927100.0,0.7530817706553601,42,v2.0
1,2018_2019,2019_2020,Pos_Median_Baseline,Core,log_fee_gbp,136,124,11221345.60483871,19140125.027111538,-0.21351698177643708,5927100.0,0.7530817706553601,42,v2.0
1,2018_2019,2019_2020,Linear,Core,log_fee_gbp,136,124,11317946.66991305,19316525.478982795,-0.23598824392226936,5558139.622836937,0.7595648167797043,42,v2.0
1,2018_2019,2019_2020,Ridge,Core,log_fee_gbp,136,124,11317946.66991305,19316525.478982795,-0.23598824392226936,5558139.622836937,0.7595648167797043,42,v2.0
1,2018_2019,2019_2020,RandomForest,Core,log_fee_gbp,136,124,11329162.945427112,19335556.46270111,-0.23842487874597862,5514676.555219938,0.760317558288766,42,v2.0
1,2018_2019,2019_2020,GradientBoosting,Core,log_fee_gbp,136,124,11317946.66991305,19316525.478982795,-0.23598824392226936,5558139.622836937,0.7595648167797043,42,v2.0
1,2018_2019,2019_2020,XGBoost,Core,log_fee_gbp,136,124,11305509.927419355,19295516.20761297,-0.2333011052783105,5606332.0,0.7587301678536168,42,v2.0
1,2018_2019,2019_2020,MLP,Core,log_fee_gbp,136,124,68568661.3916242,449007503.7793911,-666.8262956407281,5257664.511735997,4.601748377663874,42,v2.0
2,2018_2019 + 2019_2020,2020_2021,Mean_Baseline,Core,fee_gbp,260,100,10495865.282307692,14507368.066559263,-0.007774651675189759,9320067.403846154,0.7258653719915897,42,v2.0
2,2018_2019 + 2019_2020,2020_2021,Median_Baseline,Core,fee_gbp,260,100,10810265.89,15941040.320913438,-0.21680081420695374,6786100.0,0.747608459190093,42,v2.0
2,2018_2019 + 2019_2020,2020_2021,Pos_Median_Baseline,Core,fee_gbp,260,100,10810265.89,15941040.320913438,-0.21680081420695374,6786100.0,0.747608459190093,42,v2.0
2,2018_2019 + 2019_2020,2020_2021,Linear,Core,fee_gbp,260,100,10491856.064999998,14555579.815576421,-0.014483975000274318,9489660.516528923,0.7255881054743307,42,v2.0
2,2018_2019 + 2019_2020,2020_2021,Ridge,Core,fee_gbp,260,100,10445675.939540489,14533098.521723159,-0.011352626081886807,9449000.0,0.7223944141450614,42,v2.0
2,2018_2019 + 2019_2020,2020_2021,RandomForest,Core,fee_gbp,260,100,10487129.597819204,14517116.618328026,-0.009129500350992359,9234250.0,0.7252612359151173,42,v2.0
2,2018_2019 + 2019_2020,2020_2021,GradientBoosting,Core,fee_gbp,260,100,10470274.279333776,14542992.326238751,-0.012730106752727677,9487640.266655551,0.724095568131339,42,v2.0
2,2018_2019 + 2019_2020,2020_2021,XGBoost,Core,fee_gbp,260,100,10470836.21,14540828.881474888,-0.012428817632882172,9450008.0,0.7241344297212224,42,v2.0
2,2018_2019 + 2019_2020,2020_2021,MLP,Core,fee_gbp,260,100,14459794.408817839,20443231.810929567,-1.00117596220882,11295847.873176524,0.9999998823508888,42,v2.0
2,2018_2019 + 2019_2020,2020_2021,Mean_Baseline,Core,log_fee_gbp,260,100,10967887.390890427,16333198.773576459,-0.2774051594321685,6174516.99554787,0.7585091316263675,42,v2.0
2,2018_2019 + 2019_2020,2020_2021,Median_Baseline,Core,log_fee_gbp,260,100,10810265.89,15941040.320913438,-0.21680081420695374,6786099.999999998,0.747608459190093,42,v2.0
2,2018_2019 + 2019_2020,2020_2021,Pos_Median_Baseline,Core,log_fee_gbp,260,100,10810265.89,15941040.320913438,-0.21680081420695374,6786099.999999998,0.747608459190093,42,v2.0
2,2018_2019 + 2019_2020,2020_2021,Linear,Core,log_fee_gbp,260,100,10973527.42917587,16335382.874426326,-0.2777468155000795,6164950.388868764,0.7588991812676307,42,v2.0
2,2018_2019 + 2019_2020,2020_2021,Ridge,Core,log_fee_gbp,260,100,10985212.6376126,16384429.310181817,-0.2854311175149069,6103624.5,0.759707298363324,42,v2.0
2,2018_2019 + 2019_2020,2020_2021,RandomForest,Core,log_fee_gbp,260,100,10992165.447249684,16385927.718076637,-0.2856662417505138,6112508.800446227,0.7601881356852468,42,v2.0
2,2018_2019 + 2019_2020,2020_2021,GradientBoosting,Core,log_fee_gbp,260,100,10966179.466486268,16336447.521753438,-0.2779133734647423,6164274.859135456,0.7583910162400117,42,v2.0
2,2018_2019 + 2019_2020,2020_2021,XGBoost,Core,log_fee_gbp,260,100,10963858.93,16330643.632711222,-0.27700552003931356,6170530.5,0.7582305342754934,42,v2.0
2,2018_2019 + 2019_2020,2020_2021,MLP,Core,log_fee_gbp,260,100,189287349.21205127,799793939.8183724,-3061.967503972842,7054861.984643775,13.090596006477941,42,v2.0
3,2018_2019 + 2019_2020 + 2020_2021,2021_2022,Mean_Baseline,Core,fee_gbp,360,112,10917971.738095239,16874791.104204446,-0.001812840896664003,9249519.822222222,0.7657781870903144,42,v2.0
3,2018_2019 + 2019_2020 + 2020_2021,2021_2022,Median_Baseline,Core,fee_gbp,360,112,10376693.214285715,17786573.691958733,-0.11299797820443169,6425000.0,0.7278133254276395,42,v2.0
3,2018_2019 + 2019_2020 + 2020_2021,2021_2022,Pos_Median_Baseline,Core,fee_gbp,360,112,10376693.214285715,17786573.691958733,-0.11299797820443169,6425000.0,0.7278133254276395,42,v2.0
3,2018_2019 + 2019_2020 + 2020_2021,2021_2022,Linear,Core,fee_gbp,360,112,17625480.05649435,73070615.54676755,-17.784312950976968,9118915.01837673,1.2362376902995604,42,v2.0
3,2018_2019 + 2019_2020 + 2020_2021,2021_2022,Ridge,Core,fee_gbp,360,112,10851479.229761178,17095726.45803387,-0.02821729321557087,9001263.940891922,0.7611144534126131,42,v2.0
3,2018_2019 + 2019_2020 + 2020_2021,2021_2022,RandomForest,Core,fee_gbp,360,112,10853298.61128718,16916945.20797109,-0.006824253388464152,9247271.755690923,0.7612420634412915,42,v2.0
3,2018_2019 + 2019_2020 + 2020_2021,2021_2022,GradientBoosting,Core,fee_gbp,360,112,10709817.630959604,16979183.258895487,-0.01424616646953658,8738218.46369673,0.7511784172226614,42,v2.0
3,2018_2019 + 2019_2020 + 2020_2021,2021_2022,XGBoost,Core,fee_gbp,360,112,10737987.88392857,16940173.819925345,-0.009591086998545606,8960114.5,0.7531542572198636,42,v2.0
3,2018_2019 + 2019_2020 + 2020_2021,2021_2022,MLP,Core,fee_gbp,360,112,14257353.331294315,22079751.10689479,-0.7151342927546953,9437998.812164912,0.9999998579085327,42,v2.0
3,2018_2019 + 2019_2020 + 2020_2021,2021_2022,Mean_Baseline,Core,log_fee_gbp,360,112,10564935.398611596,18331131.710265882,-0.18219287913001403,5666779.709718841,0.7410164882590671,42,v2.0
3,2018_2019 + 2019_2020 + 2020_2021,2021_2022,Median_Baseline,Core,log_fee_gbp,360,112,10376693.214285715,17786573.691958737,-0.11299797820443169,6425000.000000006,0.7278133254276395,42,v2.0
3,2018_2019 + 2019_2020 + 2020_2021,2021_2022,Pos_Median_Baseline,Core,log_fee_gbp,360,112,10376693.214285715,17786573.691958737,-0.11299797820443169,6425000.000000006,0.7278133254276395,42,v2.0
3,2018_2019 + 2019_2020 + 2020_2021,2021_2022,Linear,Core,log_fee_gbp,360,112,42606545.07606374,336183491.89424,-396.61480889418834,5840576.885138851,2.9883904839839803,42,v2.0
3,2018_2019 + 2019_2020 + 2020_2021,2021_2022,Ridge,Core,log_fee_gbp,360,112,10397037.511687106,18190233.262200166,-0.16408936048237543,5771118.329359757,0.7292402588870205,42,v2.0
3,2018_2019 + 2019_2020 + 2020_2021,2021_2022,RandomForest,Core,log_fee_gbp,360,112,10535326.22897399,18315978.50702112,-0.1802391967215251,5577000.0,0.7389397237472832,42,v2.0
3,2018_2019 + 2019_2020 + 2020_2021,2021_2022,GradientBoosting,Core,log_fee_gbp,360,112,10420001.247692002,18238175.746640768,-0.17023363375900935,5543986.752813244,0.7308509177665715,42,v2.0
3,2018_2019 + 2019_2020 + 2020_2021,2021_2022,XGBoost,Core,log_fee_gbp,360,112,10520966.70982143,18334966.488142885,-0.18268754812893162,5590433.5,0.7379325580568126,42,v2.0
3,2018_2019 + 2019_2020 + 2020_2021,2021_2022,MLP,Core,log_fee_gbp,360,112,382007840.64761746,1038815169.1054144,-3795.5257407576105,8067295.5655008815,26.793737764012008,42,v2.0
4,2018_2019 + 2019_2020 + 2020_2021 + 2021_2022,2022_2023,Mean_Baseline,Core,fee_gbp,472,158,11501572.222806267,17903216.586170122,-0.061742747186896096,7421546.322033899,0.6380130065778382,42,v2.0
4,2018_2019 + 2019_2020 + 2020_2021 + 2021_2022,2022_2023,Median_Baseline,Core,fee_gbp,472,158,11898101.424050633,19531614.662934527,-0.26366939343895157,6055950.0,0.6600091983141451,42,v2.0
4,2018_2019 + 2019_2020 + 2020_2021 + 2021_2022,2022_2023,Pos_Median_Baseline,Core,fee_gbp,472,158,11898101.424050633,19531614.662934527,-0.26366939343895157,6055950.0,0.6600091983141451,42,v2.0
4,2018_2019 + 2019_2020 + 2020_2021 + 2021_2022,2022_2023,Linear,Core,fee_gbp,472,158,11540059.624817567,17892446.06146766,-0.060465648555938944,7716583.435182787,0.6401479723544221,42,v2.0
4,2018_2019 + 2019_2020 + 2020_2021 + 2021_2022,2022_2023,Ridge,Core,fee_gbp,472,158,11532762.588034509,17884116.687787913,-0.05947853269282666,7715206.646036676,0.6397431925306832,42,v2.0
4,2018_2019 + 2019_2020 + 2020_2021 + 2021_2022,2022_2023,RandomForest,Core,fee_gbp,472,158,11257539.684339104,17727572.481761344,-0.04101194111635942,7533079.19380353,0.6244760804468585,42,v2.0
4,2018_2019 + 2019_2020 + 2020_2021 + 2021_2022,2022_2023,GradientBoosting,Core,fee_gbp,472,158,11169916.321806105,17599684.514606033,-0.026046250132096382,7461117.423134015,0.6196154541000287,42,v2.0
4,2018_2019 + 2019_2020 + 2020_2021 + 2021_2022,2022_2023,XGBoost,Core,fee_gbp,472,158,11130350.31329114,17559549.590278335,-0.021371923828097383,7485017.5,0.6174206560705157,42,v2.0
4,2018_2019 + 2019_2020 + 2020_2021 + 2021_2022,2022_2023,MLP,Core,fee_gbp,472,158,18027172.800873075,25037269.449782304,-1.0764959967147174,12434023.300875792,0.9999998692332684,42,v2.0
4,2018_2019 + 2019_2020 + 2020_2021 + 2021_2022,2022_2023,Mean_Baseline,Core,log_fee_gbp,472,158,12672953.747728294,20466731.675696712,-0.3875676418234826,5674534.420825279,0.7029916576776692,42,v2.0
4,2018_2019 + 2019_2020 + 2020_2021 + 2021_2022,2022_2023,Median_Baseline,Core,log_fee_gbp,472,158,11898239.90932361,19531799.755020276,-0.2636933439741249,6055544.802349435,0.660016880342625,42,v2.0
4,2018_2019 + 2019_2020 + 2020_2021 + 2021_2022,2022_2023,Pos_Median_Baseline,Core,log_fee_gbp,472,158,11898239.90932361,19531799.755020276,-0.2636933439741249,6055544.802349435,0.660016880342625,42,v2.0
4,2018_2019 + 2019_2020 + 2020_2021 + 2021_2022,2022_2023,Linear,Core,log_fee_gbp,472,158,12474389.461706117,20152987.24905622,-0.34535231990533255,5779404.15782883,0.691976937718533,42,v2.0
4,2018_2019 + 2019_2020 + 2020_2021 + 2021_2022,2022_2023,Ridge,Core,log_fee_gbp,472,158,12491447.892368702,20161506.082539707,-0.34648994328019955,5777773.552908311,0.6929231997098244,42,v2.0
4,2018_2019 + 2019_2020 + 2020_2021 + 2021_2022,2022_2023,RandomForest,Core,log_fee_gbp,472,158,12557930.858495776,20366953.605754755,-0.3740714622584933,5806360.763691689,0.6966111300451954,42,v2.0
4,2018_2019 + 2019_2020 + 2020_2021 + 2021_2022,2022_2023,GradientBoosting,Core,log_fee_gbp,472,158,12403998.747254001,20069852.67501267,-0.3342755896873375,5834262.899832358,0.6880722375181808,42,v2.0
4,2018_2019 + 2019_2020 + 2020_2021 + 2021_2022,2022_2023,XGBoost,Core,log_fee_gbp,472,158,12504970.08227848,20186047.76072689,-0.3497699794930085,5801173.0,0.6936733000328696,42,v2.0
4,2018_2019 + 2019_2020 + 2020_2021 + 2021_2022,2022_2023,MLP,Core,log_fee_gbp,472,158,16323363.261177015,39286212.46405118,-4.112549122051849,7396434.575113177,0.9054864734992498,42,v2.0
5,2018_2019 + 2019_2020 + 2020_2021 + 2021_2022 + 2022_2023,2023_2024,Mean_Baseline,Core,fee_gbp,630,151,13880883.65219174,20181747.504897222,-0.06501021396697837,9810410.493650794,0.7018045702295393,42,v2.0
5,2018_2019 + 2019_2020 + 2020_2021 + 2021_2022 + 2022_2023,2023_2024,Median_Baseline,Core,fee_gbp,630,151,14310029.801324503,21766298.96595567,-0.2388120359102468,8246400.0,0.7235018004854983,42,v2.0
5,2018_2019 + 2019_2020 + 2020_2021 + 2021_2022 + 2022_2023,2023_2024,Pos_Median_Baseline,Core,fee_gbp,630,151,14310029.801324503,21766298.96595567,-0.2388120359102468,8246400.0,0.7235018004854983,42,v2.0
5,2018_2019 + 2019_2020 + 2020_2021 + 2021_2022 + 2022_2023,2023_2024,Linear,Core,fee_gbp,630,151,13913256.98536298,20319346.714209255,-0.07958220620213297,10233429.884076796,0.7034413358521339,42,v2.0
5,2018_2019 + 2019_2020 + 2020_2021 + 2021_2022 + 2022_2023,2023_2024,Ridge,Core,fee_gbp,630,151,13912745.874981496,20317022.677187633,-0.07933526464767726,10220037.861237293,0.7034154945865051,42,v2.0
5,2018_2019 + 2019_2020 + 2020_2021 + 2021_2022 + 2022_2023,2023_2024,RandomForest,Core,fee_gbp,630,151,13739404.135019163,20082413.76161442,-0.054552140349264144,9693534.433566075,0.6946514973968955,42,v2.0
5,2018_2019 + 2019_2020 + 2020_2021 + 2021_2022 + 2022_2023,2023_2024,GradientBoosting,Core,fee_gbp,630,151,13766767.172439666,20083907.686021216,-0.054709041785212076,9553314.218287213,0.6960349471251871,42,v2.0
5,2018_2019 + 2019_2020 + 2020_2021 + 2021_2022 + 2022_2023,2023_2024,XGBoost,Core,fee_gbp,630,151,13725541.105960265,20057376.871044517,-0.05192434384743527,9665402.0,0.6939505955383006,42,v2.0
5,2018_2019 + 2019_2020 + 2020_2021 + 2021_2022 + 2022_2023,2023_2024,MLP,Core,fee_gbp,630,151,19778842.586241033,27814439.013920866,-1.0229113279751685,14173498.187677715,0.9999998896815809,42,v2.0
5,2018_2019 + 2019_2020 + 2020_2021 + 2021_2022 + 2022_2023,2023_2024,Mean_Baseline,Core,log_fee_gbp,630,151,14877669.924405208,22794953.702295933,-0.35866899558603893,7319575.809218073,0.7522011572847894,42,v2.0
5,2018_2019 + 2019_2020 + 2020_2021 + 2021_2022 + 2022_2023,2023_2024,Median_Baseline,Core,log_fee_gbp,630,151,14310029.801324507,21766298.96595568,-0.23881203591024747,8246399.999999987,0.7235018004854985,42,v2.0
5,2018_2019 + 2019_2020 + 2020_2021 + 2021_2022 + 2022_2023,2023_2024,Pos_Median_Baseline,Core,log_fee_gbp,630,151,14310029.801324507,21766298.96595568,-0.23881203591024747,8246399.999999987,0.7235018004854985,42,v2.0
5,2018_2019 + 2019_2020 + 2020_2021 + 2021_2022 + 2022_2023,2023_2024,Linear,Core,log_fee_gbp,630,151,14812762.402407806,22892799.77617122,-0.370358051712842,6922960.655194013,0.7489194933272604,42,v2.0
5,2018_2019 + 2019_2020 + 2020_2021 + 2021_2022 + 2022_2023,2023_2024,Ridge,Core,log_fee_gbp,630,151,14809670.562731193,22890746.562470302,-0.3701122528783256,6920270.6674472205,0.7487631727881771,42,v2.0
5,2018_2019 + 2019_2020 + 2020_2021 + 2021_2022 + 2022_2023,2023_2024,RandomForest,Core,log_fee_gbp,630,151,14670613.677890379,22565557.741922922,-0.331460787241032,7481699.73498895,0.7417325859935275,42,v2.0
5,2018_2019 + 2019_2020 + 2020_2021 + 2021_2022 + 2022_2023,2023_2024,GradientBoosting,Core,log_fee_gbp,630,151,14709025.761314064,22558199.99673064,-0.3305926542941382,7694960.926575959,0.7436746652137163,42,v2.0
5,2018_2019 + 2019_2020 + 2020_2021 + 2021_2022 + 2022_2023,2023_2024,XGBoost,Core,log_fee_gbp,630,151,14725686.301324503,22562745.06981845,-0.33112888946453123,7711852.5,0.7445170066247382,42,v2.0
5,2018_2019 + 2019_2020 + 2020_2021 + 2021_2022 + 2022_2023,2023_2024,MLP,Core,log_fee_gbp,630,151,61024078.3991242,339076481.7255902,-299.6294848194641,9368696.371379407,3.085320660244051,42,v2.0
1,2018_2019,2019_2020,Mean_Baseline,Enriched,fee_gbp,136,124,11339050.609582543,17681521.74631677,-0.03560847642832976,8164416.029411765,0.7609811346451173,42,v2.0
1,2018_2019,2019_2020,Median_Baseline,Enriched,fee_gbp,136,124,11221345.60483871,19140125.027111538,-0.21351698177643708,5927100.0,0.7530817706553601,42,v2.0
1,2018_2019,2019_2020,Pos_Median_Baseline,Enriched,fee_gbp,136,124,11221345.60483871,19140125.027111538,-0.21351698177643708,5927100.0,0.7530817706553601,42,v2.0
1,2018_2019,2019_2020,Linear,Enriched,fee_gbp,136,124,11339050.609582543,17681521.74631677,-0.03560847642832976,8164416.029411765,0.7609811346451173,42,v2.0
1,2018_2019,2019_2020,Ridge,Enriched,fee_gbp,136,124,11339050.609582543,17681521.74631677,-0.03560847642832976,8164416.029411765,0.7609811346451173,42,v2.0
1,2018_2019,2019_2020,RandomForest,Enriched,fee_gbp,136,124,11318112.8920778,17706052.582940623,-0.03848401681841507,8034602.18088235,0.7595759722049591,42,v2.0
1,2018_2019,2019_2020,GradientBoosting,Enriched,fee_gbp,136,124,11339050.609582543,17681521.74631677,-0.03560847642832976,8164416.029411765,0.7609811346451173,42,v2.0
1,2018_2019,2019_2020,XGBoost,Enriched,fee_gbp,136,124,11354517.379032258,17663991.51799097,-0.033555999978419626,8260310.0,0.7620191333427501,42,v2.0
1,2018_2019,2019_2020,MLP,Enriched,fee_gbp,136,124,14900565.750875024,22889149.821998853,-0.735464127725564,8589999.621360233,0.9999998961440836,42,v2.0
1,2018_2019,2019_2020,Mean_Baseline,Enriched,log_fee_gbp,136,124,11317946.66991305,19316525.478982795,-0.23598824392226936,5558139.622836937,0.7595648167797043,42,v2.0
1,2018_2019,2019_2020,Median_Baseline,Enriched,log_fee_gbp,136,124,11221345.60483871,19140125.027111538,-0.21351698177643708,5927100.0,0.7530817706553601,42,v2.0
1,2018_2019,2019_2020,Pos_Median_Baseline,Enriched,log_fee_gbp,136,124,11221345.60483871,19140125.027111538,-0.21351698177643708,5927100.0,0.7530817706553601,42,v2.0
1,2018_2019,2019_2020,Linear,Enriched,log_fee_gbp,136,124,11317946.66991305,19316525.478982795,-0.23598824392226936,5558139.622836937,0.7595648167797043,42,v2.0
1,2018_2019,2019_2020,Ridge,Enriched,log_fee_gbp,136,124,11317946.66991305,19316525.478982795,-0.23598824392226936,5558139.622836937,0.7595648167797043,42,v2.0
1,2018_2019,2019_2020,RandomForest,Enriched,log_fee_gbp,136,124,11329162.945427112,19335556.46270111,-0.23842487874597862,5514676.555219938,0.760317558288766,42,v2.0
1,2018_2019,2019_2020,GradientBoosting,Enriched,log_fee_gbp,136,124,11317946.66991305,19316525.478982795,-0.23598824392226936,5558139.622836937,0.7595648167797043,42,v2.0
1,2018_2019,2019_2020,XGBoost,Enriched,log_fee_gbp,136,124,11305509.927419355,19295516.20761297,-0.2333011052783105,5606332.0,0.7587301678536168,42,v2.0
1,2018_2019,2019_2020,MLP,Enriched,log_fee_gbp,136,124,67486977.07526289,448947543.37915486,-666.6479446868542,5661777.435404468,4.529154878725186,42,v2.0
2,2018_2019 + 2019_2020,2020_2021,Mean_Baseline,Enriched,fee_gbp,260,100,10495865.282307692,14507368.066559263,-0.007774651675189759,9320067.403846154,0.7258653719915897,42,v2.0
2,2018_2019 + 2019_2020,2020_2021,Median_Baseline,Enriched,fee_gbp,260,100,10810265.89,15941040.320913438,-0.21680081420695374,6786100.0,0.747608459190093,42,v2.0
2,2018_2019 + 2019_2020,2020_2021,Pos_Median_Baseline,Enriched,fee_gbp,260,100,10810265.89,15941040.320913438,-0.21680081420695374,6786100.0,0.747608459190093,42,v2.0
2,2018_2019 + 2019_2020,2020_2021,Linear,Enriched,fee_gbp,260,100,10491856.065,14555579.815576421,-0.014483975000274318,9489660.516528927,0.725588105474331,42,v2.0
2,2018_2019 + 2019_2020,2020_2021,Ridge,Enriched,fee_gbp,260,100,10493201.360591197,14555895.936057061,-0.014528040939019604,9483483.346990699,0.7256811424425539,42,v2.0
2,2018_2019 + 2019_2020,2020_2021,RandomForest,Enriched,fee_gbp,260,100,10487129.597819204,14517116.618328026,-0.009129500350992359,9234250.0,0.7252612359151173,42,v2.0
2,2018_2019 + 2019_2020,2020_2021,GradientBoosting,Enriched,fee_gbp,260,100,10470274.279333776,14542992.326238751,-0.012730106752727677,9487640.266655551,0.724095568131339,42,v2.0
2,2018_2019 + 2019_2020,2020_2021,XGBoost,Enriched,fee_gbp,260,100,10470425.29,14542321.598813646,-0.012636694038533403,9483451.5,0.7241060116165082,42,v2.0
2,2018_2019 + 2019_2020,2020_2021,MLP,Enriched,fee_gbp,260,100,14163004.428622784,20210572.478761006,-0.9558853865914021,11166998.897266567,0.9794746980441887,42,v2.0
2,2018_2019 + 2019_2020,2020_2021,Mean_Baseline,Enriched,log_fee_gbp,260,100,10967887.390890427,16333198.773576459,-0.2774051594321685,6174516.99554787,0.7585091316263675,42,v2.0
2,2018_2019 + 2019_2020,2020_2021,Median_Baseline,Enriched,log_fee_gbp,260,100,10810265.89,15941040.320913438,-0.21680081420695374,6786099.999999998,0.747608459190093,42,v2.0
2,2018_2019 + 2019_2020,2020_2021,Pos_Median_Baseline,Enriched,log_fee_gbp,260,100,10810265.89,15941040.320913438,-0.21680081420695374,6786099.999999998,0.747608459190093,42,v2.0
2,2018_2019 + 2019_2020,2020_2021,Linear,Enriched,log_fee_gbp,260,100,10973527.42917587,16335382.874426326,-0.2777468155000795,6164950.388868764,0.7588991812676307,42,v2.0
2,2018_2019 + 2019_2020,2020_2021,Ridge,Enriched,log_fee_gbp,260,100,10973433.721525082,16335534.666526332,-0.2777705618395456,6160605.482755594,0.7588927007024778,42,v2.0
2,2018_2019 + 2019_2020,2020_2021,RandomForest,Enriched,log_fee_gbp,260,100,10992165.447249684,16385927.718076637,-0.2856662417505138,6112508.800446227,0.7601881356852468,42,v2.0
2,2018_2019 + 2019_2020,2020_2021,GradientBoosting,Enriched,log_fee_gbp,260,100,10966179.466486268,16336447.521753438,-0.2779133734647423,6164274.859135456,0.7583910162400117,42,v2.0
2,2018_2019 + 2019_2020,2020_2021,XGBoost,Enriched,log_fee_gbp,260,100,10961765.63,16327888.741181314,-0.2765747084883281,6208234.0,0.7580857673656368,42,v2.0
2,2018_2019 + 2019_2020,2020_2021,MLP,Enriched,log_fee_gbp,260,100,474370497.558327,1288359086.8200598,-7947.0395748648425,7495475.577636504,32.80616780137483,42,v2.0
3,2018_2019 + 2019_2020 + 2020_2021,2021_2022,Mean_Baseline,Enriched,fee_gbp,360,112,10917971.738095239,16874791.104204446,-0.001812840896664003,9249519.822222222,0.7657781870903144,42,v2.0
3,2018_2019 + 2019_2020 + 2020_2021,2021_2022,Median_Baseline,Enriched,fee_gbp,360,112,10376693.214285715,17786573.691958733,-0.11299797820443169,6425000.0,0.7278133254276395,42,v2.0
3,2018_2019 + 2019_2020 + 2020_2021,2021_2022,Pos_Median_Baseline,Enriched,fee_gbp,360,112,10376693.214285715,17786573.691958733,-0.11299797820443169,6425000.0,0.7278133254276395,42,v2.0
3,2018_2019 + 2019_2020 + 2020_2021,2021_2022,Linear,Enriched,fee_gbp,360,112,10945482.408525914,16889543.481694516,-0.0035652277862454618,9096623.052108504,0.767707764472763,42,v2.0
3,2018_2019 + 2019_2020 + 2020_2021,2021_2022,Ridge,Enriched,fee_gbp,360,112,10953527.604553264,16921081.178686608,-0.007316624158959062,9094800.0,0.7682720483687464,42,v2.0
3,2018_2019 + 2019_2020 + 2020_2021,2021_2022,RandomForest,Enriched,fee_gbp,360,112,10890571.516524378,16795969.576747835,0.007524163385571825,9222029.901026461,0.7638563565064163,42,v2.0
3,2018_2019 + 2019_2020 + 2020_2021,2021_2022,GradientBoosting,Enriched,fee_gbp,360,112,11659407.194023235,17815193.071334224,-0.1165825851809068,8974572.401328085,0.8177819028815843,42,v2.0
3,2018_2019 + 2019_2020 + 2020_2021,2021_2022,XGBoost,Enriched,fee_gbp,360,112,11158994.67578125,17180459.03402351,-0.03843498216418273,8745189.25,0.7826833515930186,42,v2.0
3,2018_2019 + 2019_2020 + 2020_2021,2021_2022,MLP,Enriched,fee_gbp,360,112,14257353.27198485,22079751.24154294,-0.7151343136733783,9437998.859111464,0.9999998537486122,42,v2.0
3,2018_2019 + 2019_2020 + 2020_2021,2021_2022,Mean_Baseline,Enriched,log_fee_gbp,360,112,10564935.398611596,18331131.710265882,-0.18219287913001403,5666779.709718841,0.7410164882590671,42,v2.0
3,2018_2019 + 2019_2020 + 2020_2021,2021_2022,Median_Baseline,Enriched,log_fee_gbp,360,112,10376693.214285715,17786573.691958737,-0.11299797820443169,6425000.000000006,0.7278133254276395,42,v2.0
3,2018_2019 + 2019_2020 + 2020_2021,2021_2022,Pos_Median_Baseline,Enriched,log_fee_gbp,360,112,10376693.214285715,17786573.691958737,-0.11299797820443169,6425000.000000006,0.7278133254276395,42,v2.0
3,2018_2019 + 2019_2020 + 2020_2021,2021_2022,Linear,Enriched,log_fee_gbp,360,112,10929578.597117364,19019959.35672976,-0.2727085230635109,5585558.99545281,0.7665922833046106,42,v2.0
3,2018_2019 + 2019_2020 + 2020_2021,2021_2022,Ridge,Enriched,log_fee_gbp,360,112,10948834.710910933,19084334.257629756,-0.28133831394287845,5551677.018282266,0.767942892398037,42,v2.0
3,2018_2019 + 2019_2020 + 2020_2021,2021_2022,RandomForest,Enriched,log_fee_gbp,360,112,10478676.791753959,18179025.968118303,-0.1626553741669916,5571296.219741343,0.7349663755490389,42,v2.0
3,2018_2019 + 2019_2020 + 2020_2021,2021_2022,GradientBoosting,Enriched,log_fee_gbp,360,112,11021637.971798047,18263814.277389795,-0.17352608581181284,6040205.283266254,0.7730492574330251,42,v2.0
3,2018_2019 + 2019_2020 + 2020_2021,2021_2022,XGBoost,Enriched,log_fee_gbp,360,112,10715800.84263393,18123428.37811378,-0.15555466479046087,5868976.0,0.7515980751132342,42,v2.0
3,2018_2019 + 2019_2020 + 2020_2021,2021_2022,MLP,Enriched,log_fee_gbp,360,112,281765203.03838116,942295349.1548645,-3122.8047327337185,7335900.0,19.762795832764194,42,v2.0
4,2018_2019 + 2019_2020 + 2020_2021 + 2021_2022,2022_2023,Mean_Baseline,Enriched,fee_gbp,472,158,11501572.222806267,17903216.586170122,-0.061742747186896096,7421546.322033899,0.6380130065778382,42,v2.0
4,2018_2019 + 2019_2020 + 2020_2021 + 2021_2022,2022_2023,Median_Baseline,Enriched,fee_gbp,472,158,11898101.424050633,19531614.662934527,-0.26366939343895157,6055950.0,0.6600091983141451,42,v2.0
4,2018_2019 + 2019_2020 + 2020_2021 + 2021_2022,2022_2023,Pos_Median_Baseline,Enriched,fee_gbp,472,158,11898101.424050633,19531614.662934527,-0.26366939343895157,6055950.0,0.6600091983141451,42,v2.0
4,2018_2019 + 2019_2020 + 2020_2021 + 2021_2022,2022_2023,Linear,Enriched,fee_gbp,472,158,11494344.57765912,17688564.610039193,-0.036435681889061655,7974255.818291526,0.6376120760336067,42,v2.0
4,2018_2019 + 2019_2020 + 2020_2021 + 2021_2022,2022_2023,Ridge,Enriched,fee_gbp,472,158,11494827.693893827,17679290.509545367,-0.035349161971048426,7987969.05453445,0.6376388753646426,42,v2.0
4,2018_2019 + 2019_2020 + 2020_2021 + 2021_2022,2022_2023,RandomForest,Enriched,fee_gbp,472,158,11931592.98549397,17917692.398667023,-0.06346040529222563,8011112.755718812,0.6618670357817114,42,v2.0
4,2018_2019 + 2019_2020 + 2020_2021 + 2021_2022,2022_2023,GradientBoosting,Enriched,fee_gbp,472,158,12002992.12122725,18078973.781962145,-0.08269148606741372,8306307.611592367,0.6658276749338023,42,v2.0
4,2018_2019 + 2019_2020 + 2020_2021 + 2021_2022,2022_2023,XGBoost,Enriched,fee_gbp,472,158,11453027.196202531,17458432.30461773,-0.009642580768536524,8097630.0,0.6353201261804579,42,v2.0
4,2018_2019 + 2019_2020 + 2020_2021 + 2021_2022,2022_2023,MLP,Enriched,fee_gbp,472,158,18027172.744800176,25037269.15457384,-1.0764959477477807,12434023.380128913,0.9999998661228036,42,v2.0
4,2018_2019 + 2019_2020 + 2020_2021 + 2021_2022,2022_2023,Mean_Baseline,Enriched,log_fee_gbp,472,158,12672953.747728294,20466731.675696712,-0.3875676418234826,5674534.420825279,0.7029916576776692,42,v2.0
4,2018_2019 + 2019_2020 + 2020_2021 + 2021_2022,2022_2023,Median_Baseline,Enriched,log_fee_gbp,472,158,11898239.90932361,19531799.755020276,-0.2636933439741249,6055544.802349435,0.660016880342625,42,v2.0
4,2018_2019 + 2019_2020 + 2020_2021 + 2021_2022,2022_2023,Pos_Median_Baseline,Enriched,log_fee_gbp,472,158,11898239.90932361,19531799.755020276,-0.2636933439741249,6055544.802349435,0.660016880342625,42,v2.0
4,2018_2019 + 2019_2020 + 2020_2021 + 2021_2022,2022_2023,Linear,Enriched,log_fee_gbp,472,158,12571540.360370202,20315563.43852458,-0.3671460597848071,5756091.450385477,0.6973660737207836,42,v2.0
4,2018_2019 + 2019_2020 + 2020_2021 + 2021_2022,2022_2023,Ridge,Enriched,log_fee_gbp,472,158,12569064.286478247,20318466.392925974,-0.36753679925290705,5716052.571444232,0.6972287214251399,42,v2.0
4,2018_2019 + 2019_2020 + 2020_2021 + 2021_2022,2022_2023,RandomForest,Enriched,log_fee_gbp,472,158,12475313.563313492,20001323.460137796,-0.32517928460846823,6243408.221040941,0.6920281993055128,42,v2.0
4,2018_2019 + 2019_2020 + 2020_2021 + 2021_2022,2022_2023,GradientBoosting,Enriched,log_fee_gbp,472,158,12697349.30369843,19883383.48620371,-0.3095972342130122,6609295.0253775045,0.7043449232756351,42,v2.0
4,2018_2019 + 2019_2020 + 2020_2021 + 2021_2022,2022_2023,XGBoost,Enriched,log_fee_gbp,472,158,12250549.44936709,19520676.36402599,-0.26225440309587467,6487822.5,0.6795601275209096,42,v2.0
4,2018_2019 + 2019_2020 + 2020_2021 + 2021_2022,2022_2023,MLP,Enriched,log_fee_gbp,472,158,83181293.72774933,419611066.4394924,-582.2450188877856,7973305.10010498,4.614216758735173,42,v2.0
5,2018_2019 + 2019_2020 + 2020_2021 + 2021_2022 + 2022_2023,2023_2024,Mean_Baseline,Enriched,fee_gbp,630,151,13880883.65219174,20181747.504897222,-0.06501021396697837,9810410.493650794,0.7018045702295393,42,v2.0
5,2018_2019 + 2019_2020 + 2020_2021 + 2021_2022 + 2022_2023,2023_2024,Median_Baseline,Enriched,fee_gbp,630,151,14310029.801324503,21766298.96595567,-0.2388120359102468,8246400.0,0.7235018004854983,42,v2.0
5,2018_2019 + 2019_2020 + 2020_2021 + 2021_2022 + 2022_2023,2023_2024,Pos_Median_Baseline,Enriched,fee_gbp,630,151,14310029.801324503,21766298.96595567,-0.2388120359102468,8246400.0,0.7235018004854983,42,v2.0
5,2018_2019 + 2019_2020 + 2020_2021 + 2021_2022 + 2022_2023,2023_2024,Linear,Enriched,fee_gbp,630,151,13096209.534108335,19262170.062445115,0.029832634294808424,9050410.629175887,0.6621321764533107,42,v2.0
5,2018_2019 + 2019_2020 + 2020_2021 + 2021_2022 + 2022_2023,2023_2024,Ridge,Enriched,fee_gbp,630,151,13164129.800707292,19314772.36948746,0.024526614925588053,9065424.747334551,0.665566161976475,42,v2.0
5,2018_2019 + 2019_2020 + 2020_2021 + 2021_2022 + 2022_2023,2023_2024,RandomForest,Enriched,fee_gbp,630,151,13766271.045443261,20223833.549196217,-0.06945668738787614,9301465.093745746,0.6960098634055755,42,v2.0
5,2018_2019 + 2019_2020 + 2020_2021 + 2021_2022 + 2022_2023,2023_2024,GradientBoosting,Enriched,fee_gbp,630,151,13842589.403066386,20297178.180165093,-0.07722782937736206,9671129.832667008,0.6998684486019052,42,v2.0
5,2018_2019 + 2019_2020 + 2020_2021 + 2021_2022 + 2022_2023,2023_2024,XGBoost,Enriched,fee_gbp,630,151,13387202.920529801,19870772.809359018,-0.03244221041227835,9023637.0,0.6768445314887849,42,v2.0
5,2018_2019 + 2019_2020 + 2020_2021 + 2021_2022 + 2022_2023,2023_2024,MLP,Enriched,fee_gbp,630,151,19778842.45045912,27814438.818041194,-1.0229112994829737,14173498.221135044,0.9999998828165736,42,v2.0
5,2018_2019 + 2019_2020 + 2020_2021 + 2021_2022 + 2022_2023,2023_2024,Mean_Baseline,Enriched,log_fee_gbp,630,151,14877669.924405208,22794953.702295933,-0.35866899558603893,7319575.809218073,0.7522011572847894,42,v2.0
5,2018_2019 + 2019_2020 + 2020_2021 + 2021_2022 + 2022_2023,2023_2024,Median_Baseline,Enriched,log_fee_gbp,630,151,14310029.801324507,21766298.96595568,-0.23881203591024747,8246399.999999987,0.7235018004854985,42,v2.0
5,2018_2019 + 2019_2020 + 2020_2021 + 2021_2022 + 2022_2023,2023_2024,Pos_Median_Baseline,Enriched,log_fee_gbp,630,151,14310029.801324507,21766298.96595568,-0.23881203591024747,8246399.999999987,0.7235018004854985,42,v2.0
5,2018_2019 + 2019_2020 + 2020_2021 + 2021_2022 + 2022_2023,2023_2024,Linear,Enriched,log_fee_gbp,630,151,14051822.26736986,21808719.52829614,-0.24364540808533008,7018249.715357651,0.7104470676646195,42,v2.0
5,2018_2019 + 2019_2020 + 2020_2021 + 2021_2022 + 2022_2023,2023_2024,Ridge,Enriched,log_fee_gbp,630,151,14046961.126853302,21819803.665537663,-0.24490987841478673,6947885.80494307,0.7102012929202638,42,v2.0
5,2018_2019 + 2019_2020 + 2020_2021 + 2021_2022 + 2022_2023,2023_2024,RandomForest,Enriched,log_fee_gbp,630,151,14331591.569238545,22237612.086748417,-0.2930417162456338,7004999.7395577375,0.7245919434218895,42,v2.0
5,2018_2019 + 2019_2020 + 2020_2021 + 2021_2022 + 2022_2023,2023_2024,GradientBoosting,Enriched,log_fee_gbp,630,151,14455595.673337406,22249466.24366973,-0.29442064171309745,7220579.1923370715,0.7308614756191468,42,v2.0
5,2018_2019 + 2019_2020 + 2020_2021 + 2021_2022 + 2022_2023,2023_2024,XGBoost,Enriched,log_fee_gbp,630,151,14002149.857615894,21895074.549845766,-0.2535137224117634,6978389.5,0.7079356768156556,42,v2.0
5,2018_2019 + 2019_2020 + 2020_2021 + 2021_2022 + 2022_2023,2023_2024,MLP,Enriched,log_fee_gbp,630,151,155995604.62201038,694335128.1158156,-1259.5918987538007,10707414.907767816,7.886992716213777,42,v2.0
