master_player_id,season_id,master_club_id
plr_98a7b67d,2023_2024,club_559decae
plr_21a69001,2023_2024,club_559decae
plr_345cf355,2023_2024,club_559decae
plr_ca1c6648,2023_2024,club_559decae
plr_2a8fa7d4,2023_2024,club_559decae
plr_f90d0ee3,2023_2024,club_559decae
plr_7a70683a,2023_2024,club_559decae
plr_9680e660,2023_2024,club_559decae
plr_49d13fb8,2023_2024,club_559decae
plr_2f2b1713,2023_2024,club_559decae
plr_7728beb9,2023_2024,club_559decae
plr_b254513f,2023_2024,club_559decae
plr_92cc17a7,2023_2024,club_559decae
plr_2ef21a51,2023_2024,club_559decae
plr_326470d8,2023_2024,club_559decae
plr_9f026536,2023_2024,club_559decae
plr_3198b356,2023_2024,club_559decae
plr_197a4f80,2023_2024,club_559decae
plr_289fad16,2023_2024,club_559decae
plr_88421d28,2023_2024,club_559decae
plr_293fab64,2023_2024,club_559decae
plr_3f182127,2023_2024,club_559decae
plr_693f0e77,2023_2024,club_559decae
plr_5dc4e0b0,2023_2024,club_559decae
plr_4dccb5ef,2023_2024,club_559decae
plr_d9aa5900,2023_2024,club_559decae
plr_89d35cbb,2023_2024,club_559decae
plr_38fdfdc8,2023_2024,club_559decae
plr_da151399,2023_2024,club_559decae
plr_c5e826a5,2023_2024,club_3cbb9e40
plr_d8e969c1,2023_2024,club_3cbb9e40
plr_4fafdfb8,2023_2024,club_3cbb9e40
plr_e2e149bc,2023_2024,club_3cbb9e40
plr_8c0e66a9,2023_2024,club_3cbb9e40
plr_5de8e980,2023_2024,club_3cbb9e40
plr_277816e5,2023_2024,club_3cbb9e40
plr_6318ff3e,2023_2024,club_3cbb9e40
plr_91256a7c,2023_2024,club_3cbb9e40
plr_23298e97,2023_2024,club_3cbb9e40
plr_a911b315,2023_2024,club_3cbb9e40
plr_724a1001,2023_2024,club_3cbb9e40
plr_ac1546fd,2023_2024,club_3cbb9e40
plr_e7e30f51,2023_2024,club_3cbb9e40
plr_5f723fab,2023_2024,club_3cbb9e40
plr_1edf5efb,2023_2024,club_3cbb9e40
plr_3abc9f95,2023_2024,club_3cbb9e40
plr_82f538b2,2023_2024,club_3cbb9e40
plr_5fa5573b,2023_2024,club_3cbb9e40
plr_e14faa7a,2023_2024,club_3cbb9e40
plr_93476c66,2023_2024,club_3cbb9e40
plr_67c5a8f4,2023_2024,club_3cbb9e40
plr_02c87d36,2023_2024,club_3cbb9e40
plr_fe8e63a7,2023_2024,club_3cbb9e40
plr_cd0dad35,2023_2024,club_3cbb9e40
plr_33b7c509,2023_2024,club_3cbb9e40
plr_943a70f1,2023_2024,club_3cbb9e40
plr_e231a223,2023_2024,club_3cbb9e40
plr_99f370d2,2023_2024,club_3cbb9e40
plr_4330b1a0,2023_2024,club_3cbb9e40
plr_e34ad842,2023_2024,club_3cbb9e40
plr_8454088d,2023_2024,club_3cbb9e40
plr_4aa52d13,2023_2024,club_3cbb9e40
plr_86036ca7,2023_2024,club_3cbb9e40
plr_17516d08,2023_2024,club_3cbb9e40
plr_eea44ac1,2023_2024,club_3cbb9e40
plr_d815b925,2023_2024,club_990c6e40
plr_9c195f7c,2023_2024,club_990c6e40
plr_6d2ba99d,2023_2024,club_990c6e40
plr_e138eeeb,2023_2024,club_990c6e40
plr_7741f3d0,2023_2024,club_990c6e40
plr_34a6ca6e,2023_2024,club_990c6e40
plr_afd1957c,2023_2024,club_990c6e40
plr_fdfe2473,2023_2024,club_990c6e40
plr_28d3e34f,2023_2024,club_990c6e40
plr_6d99417d,2023_2024,club_990c6e40
plr_a5d48d2d,2023_2024,club_990c6e40
plr_60b1d817,2023_2024,club_990c6e40
plr_95a7f520,2023_2024,club_990c6e40
plr_0d2e1c82,2023_2024,club_990c6e40
plr_9734867c,2023_2024,club_990c6e40
plr_a4ca9d92,2023_2024,club_990c6e40
plr_ebe00fad,2023_2024,club_990c6e40
plr_48eb3bfc,2023_2024,club_990c6e40
plr_bac7d68f,2023_2024,club_990c6e40
plr_1e402acb,2023_2024,club_990c6e40
plr_706131ee,2023_2024,club_990c6e40
plr_930efd67,2023_2024,club_990c6e40
plr_39f452d1,2023_2024,club_990c6e40
plr_3630eaa0,2023_2024,club_990c6e40
plr_e25e24e4,2023_2024,club_990c6e40
plr_d8a672c9,2023_2024,club_990c6e40
plr_91ca4dc5,2023_2024,club_990c6e40
plr_0fedfcc6,2023_2024,club_990c6e40
plr_963e5631,2023_2024,club_990c6e40
plr_3a583194,2023_2024,club_78ab8ea7
plr_c8c0c305,2023_2024,club_78ab8ea7
plr_71160be8,2023_2024,club_78ab8ea7
plr_7c3f1547,2023_2024,club_78ab8ea7
plr_bc7823dd,2023_2024,club_78ab8ea7
plr_e228aaed,2023_2024,club_78ab8ea7
plr_f998322c,2023_2024,club_78ab8ea7
plr_2f4a8d9d,2023_2024,club_78ab8ea7
plr_a3d4b143,2023_2024,club_78ab8ea7
plr_50ead838,2023_2024,club_78ab8ea7
plr_e1752009,2023_2024,club_78ab8ea7
plr_6558a172,2023_2024,club_78ab8ea7
plr_96096b86,2023_2024,club_78ab8ea7
plr_13c9b599,2023_2024,club_78ab8ea7
plr_4ac35f3a,2023_2024,club_78ab8ea7
plr_9a05bfc7,2023_2024,club_78ab8ea7
plr_7ea4e70a,2023_2024,club_78ab8ea7
plr_8a52fd7e,2023_2024,club_78ab8ea7
plr_9d8d1c16,2023_2024,club_78ab8ea7
plr_904f30bf,2023_2024,club_78ab8ea7
plr_3d9efc67,2023_2024,club_78ab8ea7
plr_45f1d609,2023_2024,club_78ab8ea7
plr_0756acc7,2023_2024,club_78ab8ea7
plr_c7475ed1,2023_2024,club_78ab8ea7
plr_38d55afe,2023_2024,club_78ab8ea7
plr_8d84c33b,2023_2024,club_78ab8ea7
plr_4a53321d,2023_2024,club_78ab8ea7
plr_4c7b2d7e,2023_2024,club_78ab8ea7
plr_80d3d25f,2023_2024,club_78ab8ea7
plr_13740610,2023_2024,club_2be5211f
plr_87d8dd55,2023_2024,club_2be5211f
plr_c8f6da94,2023_2024,club_2be5211f
plr_7239105d,2023_2024,club_2be5211f
plr_c7ae6898,2023_2024,club_2be5211f
plr_2c298437,2023_2024,club_2be5211f
plr_b9132d9d,2023_2024,club_2be5211f
plr_0f51bb0b,2023_2024,club_2be5211f
plr_6406fe48,2023_2024,club_2be5211f
plr_d456ab20,2023_2024,club_2be5211f
plr_b375f1b0,2023_2024,club_2be5211f
plr_da4360a5,2023_2024,club_2be5211f
plr_3750279f,2023_2024,club_2be5211f
plr_a69a1664,2023_2024,club_2be5211f
plr_604036a7,2023_2024,club_2be5211f
plr_91676c22,2023_2024,club_2be5211f
plr_1753fd96,2023_2024,club_2be5211f
plr_7546de46,2023_2024,club_2be5211f
plr_aa1755c6,2023_2024,club_2be5211f
plr_30555d0e,2023_2024,club_2be5211f
plr_fa295abf,2023_2024,club_2be5211f
plr_e5d3347b,2023_2024,club_2be5211f
plr_9f3e5267,2023_2024,club_2be5211f
plr_01f6a9f5,2023_2024,club_2be5211f
plr_4f8bfbb6,2023_2024,club_2be5211f
plr_d1b26f91,2023_2024,club_2be5211f
plr_c5fbf48e,2023_2024,club_2be5211f
plr_0a1ba21e,2023_2024,club_2be5211f
plr_923218e1,2023_2024,club_2be5211f
plr_2d3538fa,2023_2024,club_2be5211f
plr_22ce6290,2023_2024,club_2be5211f
plr_cd1df5ec,2023_2024,club_2be5211f
plr_5dde249f,2023_2024,club_2be5211f
plr_186aaa95,2023_2024,club_2be5211f
plr_c7399584,2023_2024,club_2be5211f
plr_242a5814,2023_2024,club_2be5211f
plr_298afee6,2023_2024,club_2be5211f
plr_c619a058,2023_2024,club_1fcc1eb6
plr_754b9491,2023_2024,club_1fcc1eb6
plr_b807fd65,2023_2024,club_1fcc1eb6
plr_90c6ea27,2023_2024,club_1fcc1eb6
plr_a9b3e452,2023_2024,club_1fcc1eb6
plr_0a89f100,2023_2024,club_1fcc1eb6
plr_b554ce11,2023_2024,club_1fcc1eb6
plr_0e91144e,2023_2024,club_1fcc1eb6
plr_c7261865,2023_2024,club_1fcc1eb6
plr_3ee10fcd,2023_2024,club_1fcc1eb6
plr_721432bd,2023_2024,club_1fcc1eb6
plr_967811cf,2023_2024,club_1fcc1eb6
plr_a8294e39,2023_2024,club_1fcc1eb6
plr_57c6896f,2023_2024,club_1fcc1eb6
plr_6e9469e2,2023_2024,club_1fcc1eb6
plr_0baf24ea,2023_2024,club_1fcc1eb6
plr_cb9c7245,2023_2024,club_1fcc1eb6
plr_e1d62591,2023_2024,club_1fcc1eb6
plr_653ca147,2023_2024,club_1fcc1eb6
plr_9fafad49,2023_2024,club_1fcc1eb6
plr_14e7e76d,2023_2024,club_1fcc1eb6
plr_cb9955d4,2023_2024,club_1fcc1eb6
plr_c24b89ef,2023_2024,club_1fcc1eb6
plr_a625faf7,2023_2024,club_1fcc1eb6
plr_61ef2b97,2023_2024,club_1fcc1eb6
plr_0ae394be,2023_2024,club_1fcc1eb6
plr_51777239,2023_2024,club_1fcc1eb6
plr_2f238e92,2023_2024,club_1fcc1eb6
plr_75803264,2023_2024,club_1fcc1eb6
plr_b54ac71c,2023_2024,club_1fcc1eb6
plr_3cef1e1a,2023_2024,club_1fcc1eb6
plr_4cb0ff62,2023_2024,club_1fcc1eb6
plr_5091043e,2023_2024,club_1fcc1eb6
plr_dcef1f26,2023_2024,club_1fcc1eb6
plr_ae8a886d,2023_2024,club_e086bfa1
plr_69ee03bc,2023_2024,club_e086bfa1
plr_a33935de,2023_2024,club_e086bfa1
plr_b1d01a9b,2023_2024,club_e086bfa1
plr_fe71b73b,2023_2024,club_e086bfa1
plr_6365b590,2023_2024,club_e086bfa1
plr_70b281bc,2023_2024,club_e086bfa1
plr_9fb343b4,2023_2024,club_e086bfa1
plr_09e1b3c0,2023_2024,club_e086bfa1
plr_7a3fb7d6,2023_2024,club_e086bfa1
plr_6c1b336c,2023_2024,club_e086bfa1
plr_8689af2c,2023_2024,club_e086bfa1
plr_ace44979,2023_2024,club_e086bfa1
plr_e1a16ff7,2023_2024,club_e086bfa1
plr_2e36f79d,2023_2024,club_e086bfa1
plr_40d78624,2023_2024,club_e086bfa1
plr_f01189c6,2023_2024,club_e086bfa1
plr_6fa5cd80,2023_2024,club_e086bfa1
plr_bdf9aaea,2023_2024,club_e086bfa1
plr_a9f8e246,2023_2024,club_e086bfa1
plr_e6048939,2023_2024,club_e086bfa1
plr_1262a644,2023_2024,club_e086bfa1
plr_d438837a,2023_2024,club_e086bfa1
plr_c5d29575,2023_2024,club_e086bfa1
plr_136364ab,2023_2024,club_e086bfa1
plr_939b32f0,2023_2024,club_e086bfa1
plr_e9fefc30,2023_2024,club_e086bfa1
plr_405fe593,2023_2024,club_e086bfa1
plr_c6d6715f,2023_2024,club_e086bfa1
plr_94f622d9,2023_2024,club_e086bfa1
plr_34d7b287,2023_2024,club_e086bfa1
plr_8b25dddf,2023_2024,club_e086bfa1
plr_18fb12f0,2023_2024,club_e086bfa1
plr_644e8ef2,2023_2024,club_e086bfa1
plr_a72ae1d1,2023_2024,club_e086bfa1
plr_d7075688,2023_2024,club_e086bfa1
plr_6c6c284a,2023_2024,club_e086bfa1
plr_290216dd,2023_2024,club_28c2f5a2
plr_4f1320bb,2023_2024,club_28c2f5a2
plr_b50ea4e2,2023_2024,club_28c2f5a2
plr_982cda6e,2023_2024,club_28c2f5a2
plr_548c0cfa,2023_2024,club_28c2f5a2
plr_920ac62a,2023_2024,club_28c2f5a2
plr_7564bd31,2023_2024,club_28c2f5a2
plr_a9ed9c37,2023_2024,club_28c2f5a2
plr_e48f47ed,2023_2024,club_28c2f5a2
plr_85960747,2023_2024,club_28c2f5a2
plr_b545edd2,2023_2024,club_28c2f5a2
plr_ad9fe8a5,2023_2024,club_28c2f5a2
plr_fef4a2d4,2023_2024,club_28c2f5a2
plr_5238b5eb,2023_2024,club_28c2f5a2
plr_6a221766,2023_2024,club_28c2f5a2
plr_0cdc7bc5,2023_2024,club_28c2f5a2
plr_6b25fef2,2023_2024,club_28c2f5a2
plr_8ef63e1e,2023_2024,club_28c2f5a2
plr_dd748ff9,2023_2024,club_28c2f5a2
plr_0474092b,2023_2024,club_28c2f5a2
plr_cfdabad4,2023_2024,club_28c2f5a2
plr_dce9a17f,2023_2024,club_28c2f5a2
plr_f2ec9660,2023_2024,club_28c2f5a2
plr_0d8c2a13,2023_2024,club_28c2f5a2
plr_b55a2cd9,2023_2024,club_28c2f5a2
plr_a3c757c5,2023_2024,club_28c2f5a2
plr_37acdfca,2023_2024,club_28c2f5a2
plr_55ba5a25,2023_2024,club_28c2f5a2
plr_de1e92ab,2023_2024,club_28c2f5a2
plr_8e3dac4d,2023_2024,club_28c2f5a2
plr_e42bee6e,2023_2024,club_28c2f5a2
plr_09079866,2023_2024,club_28c2f5a2
plr_5674d4a3,2023_2024,club_28c2f5a2
plr_5e7a8b5e,2023_2024,club_28c2f5a2
plr_8780bc21,2023_2024,club_28c2f5a2
plr_66531ebc,2023_2024,club_28c2f5a2
plr_80c42380,2023_2024,club_c15a9332
plr_6b87f341,2023_2024,club_c15a9332
plr_031c59f6,2023_2024,club_c15a9332
plr_f7ef4c70,2023_2024,club_c15a9332
plr_340e9271,2023_2024,club_c15a9332
plr_9e4f4360,2023_2024,club_c15a9332
plr_b7f80c36,2023_2024,club_c15a9332
plr_38c4f22c,2023_2024,club_c15a9332
plr_02473cb6,2023_2024,club_c15a9332
plr_a86a1f1e,2023_2024,club_c15a9332
plr_d250c341,2023_2024,club_c15a9332
plr_db086d5d,2023_2024,club_c15a9332
plr_4a82868f,2023_2024,club_c15a9332
plr_6b9f9158,2023_2024,club_c15a9332
plr_946c8672,2023_2024,club_c15a9332
plr_39be7c73,2023_2024,club_c15a9332
plr_9c13e678,2023_2024,club_c15a9332
plr_892c8a54,2023_2024,club_c15a9332
plr_94ac25d6,2023_2024,club_c15a9332
plr_a0093c04,2023_2024,club_c15a9332
plr_6bedefc3,2023_2024,club_c15a9332
plr_4d516441,2023_2024,club_c15a9332
plr_c835967e,2023_2024,club_c15a9332
plr_9504ddb4,2023_2024,club_c15a9332
plr_f825ba94,2023_2024,club_c15a9332
plr_6589e28c,2023_2024,club_17e261c8
plr_8e3b6cc1,2023_2024,club_17e261c8
plr_eb915728,2023_2024,club_17e261c8
plr_c66ab44f,2023_2024,club_17e261c8
plr_bc538d1d,2023_2024,club_17e261c8
plr_c164140f,2023_2024,club_17e261c8
plr_a7fa74bd,2023_2024,club_17e261c8
plr_0fb15eee,2023_2024,club_17e261c8
plr_2b5cdf13,2023_2024,club_17e261c8
plr_dfa00273,2023_2024,club_17e261c8
plr_244bbe5a,2023_2024,club_17e261c8
plr_cb57e2d0,2023_2024,club_17e261c8
plr_65521eda,2023_2024,club_17e261c8
plr_218df882,2023_2024,club_17e261c8
plr_a6aa20e1,2023_2024,club_17e261c8
plr_c771e024,2023_2024,club_17e261c8
plr_17077bea,2023_2024,club_17e261c8
plr_ec9ebf14,2023_2024,club_17e261c8
plr_69a4fded,2023_2024,club_17e261c8
plr_164d5b77,2023_2024,club_17e261c8
plr_fadfb30e,2023_2024,club_17e261c8
plr_21058771,2023_2024,club_17e261c8
plr_e9107ecb,2023_2024,club_17e261c8
plr_956d6827,2023_2024,club_17e261c8
plr_5e5aad8e,2023_2024,club_17e261c8
plr_ddbd902d,2023_2024,club_17e261c8
plr_2225b179,2023_2024,club_17e261c8
plr_bfa42f6f,2023_2024,club_17e261c8
plr_98d50406,2023_2024,club_464350c5
plr_5775d080,2023_2024,club_464350c5
plr_fa90eab7,2023_2024,club_464350c5
plr_cb0350b7,2023_2024,club_464350c5
plr_bd09cbc1,2023_2024,club_464350c5
plr_853319ec,2023_2024,club_464350c5
plr_c99d5b5d,2023_2024,club_464350c5
plr_d8641c30,2023_2024,club_464350c5
plr_fa4e3484,2023_2024,club_464350c5
plr_6c036c5e,2023_2024,club_464350c5
plr_941baab7,2023_2024,club_464350c5
plr_c7f8e511,2023_2024,club_464350c5
plr_85e3b7f6,2023_2024,club_464350c5
plr_c474dea0,2023_2024,club_464350c5
plr_100cbdc3,2023_2024,club_464350c5
plr_100cad6c,2023_2024,club_464350c5
plr_28c3ca1b,2023_2024,club_464350c5
plr_a700ed8c,2023_2024,club_464350c5
plr_0ec9df1b,2023_2024,club_464350c5
plr_baab77f8,2023_2024,club_464350c5
plr_a6be3d4e,2023_2024,club_464350c5
plr_2360536d,2023_2024,club_464350c5
plr_520d6778,2023_2024,club_464350c5
plr_10fc3610,2023_2024,club_464350c5
plr_900ac827,2023_2024,club_464350c5
plr_c802c77f,2023_2024,club_464350c5
plr_3f36ad9f,2023_2024,club_464350c5
plr_b7643d61,2023_2024,club_464350c5
plr_94a60f10,2023_2024,club_464350c5
plr_f2681817,2023_2024,club_464350c5
plr_fa26abae,2023_2024,club_464350c5
plr_5f39f9f9,2023_2024,club_464350c5
plr_e53dc687,2023_2024,club_464350c5
plr_0e1dd3c5,2023_2024,club_464350c5
plr_0ffc4fb1,2023_2024,club_464350c5
plr_f27c2ad4,2023_2024,club_464350c5
plr_35450c48,2023_2024,club_464350c5
plr_5ecca58c,2023_2024,club_464350c5
plr_99de2960,2023_2024,club_464350c5
plr_011152b9,2023_2024,club_464350c5
plr_6c299ca0,2023_2024,club_464350c5
plr_65a263f9,2023_2024,club_464350c5
plr_3ab639bf,2023_2024,club_464350c5
plr_4c9e42fe,2023_2024,club_0b031819
plr_35871941,2023_2024,club_0b031819
plr_6feb7e03,2023_2024,club_0b031819
plr_aa94f199,2023_2024,club_0b031819
plr_895b43a4,2023_2024,club_0b031819
plr_0894c7b0,2023_2024,club_0b031819
plr_9f70d005,2023_2024,club_0b031819
plr_1b2482e2,2023_2024,club_0b031819
plr_23f9621b,2023_2024,club_0b031819
plr_905d7a6e,2023_2024,club_0b031819
plr_1168496a,2023_2024,club_0b031819
plr_4c4849a1,2023_2024,club_0b031819
plr_b47e3928,2023_2024,club_0b031819
plr_a9d3373d,2023_2024,club_0b031819
plr_d818eb46,2023_2024,club_0b031819
plr_fe971dab,2023_2024,club_0b031819
plr_9bc908b0,2023_2024,club_0b031819
plr_ddfb1226,2023_2024,club_0b031819
plr_20655625,2023_2024,club_0b031819
plr_252e5d2c,2023_2024,club_0b031819
plr_e7e8fb9f,2023_2024,club_0b031819
plr_8806a92e,2023_2024,club_0b031819
plr_18cd4800,2023_2024,club_0b031819
plr_bdd44be1,2023_2024,club_0b031819
plr_575b3bfc,2023_2024,club_0b031819
plr_7eaf674e,2023_2024,club_0b031819
plr_0c95ab07,2023_2024,club_0b031819
plr_8657ece7,2023_2024,club_0b031819
plr_d17aec00,2023_2024,club_0b031819
plr_45a492d9,2023_2024,club_0b031819
plr_88b761fd,2023_2024,club_0b031819
plr_db8f7c48,2023_2024,club_0b031819
plr_f4a89339,2023_2024,club_0b031819
plr_48428639,2023_2024,club_0b031819
plr_aa7569b7,2023_2024,club_0b031819
plr_8297b003,2023_2024,club_0b031819
plr_b190a6d0,2023_2024,club_d970dbec
plr_22577d6e,2023_2024,club_d970dbec
plr_55162184,2023_2024,club_d970dbec
plr_d9921d92,2023_2024,club_d970dbec
plr_9b149b02,2023_2024,club_d970dbec
plr_7d012c08,2023_2024,club_d970dbec
plr_67691d99,2023_2024,club_d970dbec
plr_ab970133,2023_2024,club_d970dbec
plr_05560425,2023_2024,club_d970dbec
plr_a6545ad1,2023_2024,club_d970dbec
plr_3c3b7b95,2023_2024,club_d970dbec
plr_d800a8e3,2023_2024,club_d970dbec
plr_ac8d18f4,2023_2024,club_d970dbec
plr_28e3fd95,2023_2024,club_d970dbec
plr_086a2214,2023_2024,club_d970dbec
plr_222d1594,2023_2024,club_d970dbec
plr_59a4eb41,2023_2024,club_d970dbec
plr_002d0fb1,2023_2024,club_d970dbec
plr_fdb15a95,2023_2024,club_d970dbec
plr_1f20ca7d,2023_2024,club_d970dbec
plr_fba7af50,2023_2024,club_d970dbec
plr_e0e9c32d,2023_2024,club_d970dbec
plr_dff3d40a,2023_2024,club_d970dbec
plr_6f459aa1,2023_2024,club_d970dbec
plr_cee394e4,2023_2024,club_d970dbec
plr_c42eefb4,2023_2024,club_d970dbec
plr_45ba6667,2023_2024,club_d970dbec
plr_42d949f0,2023_2024,club_d970dbec
plr_41e28fed,2023_2024,club_d970dbec
plr_00ee2cfc,2023_2024,club_d970dbec
plr_314cda64,2023_2024,club_d970dbec
plr_c115eb7b,2023_2024,club_58eca956
plr_b5ebe1a8,2023_2024,club_58eca956
plr_87e93e86,2023_2024,club_58eca956
plr_90ffd590,2023_2024,club_58eca956
plr_0e9e9894,2023_2024,club_58eca956
plr_31b0ebd3,2023_2024,club_58eca956
plr_6a20390f,2023_2024,club_58eca956
plr_9fd22533,2023_2024,club_58eca956
plr_b5fc3b52,2023_2024,club_58eca956
plr_3c67f933,2023_2024,club_58eca956
plr_be56ba5d,2023_2024,club_58eca956
plr_8d1df696,2023_2024,club_58eca956
plr_44ff9bb8,2023_2024,club_58eca956
plr_1383ea30,2023_2024,club_58eca956
plr_2b5b8914,2023_2024,club_58eca956
plr_17456e15,2023_2024,club_58eca956
plr_a89447ed,2023_2024,club_58eca956
plr_603c2726,2023_2024,club_58eca956
plr_6f8855bd,2023_2024,club_58eca956
plr_711b2486,2023_2024,club_58eca956
plr_3fee743c,2023_2024,club_58eca956
plr_a85e719b,2023_2024,club_58eca956
plr_3238b13b,2023_2024,club_58eca956
plr_c046ca40,2023_2024,club_58eca956
plr_5059a94e,2023_2024,club_58eca956
plr_fd55845b,2023_2024,club_58eca956
plr_82cf8ef1,2023_2024,club_58eca956
plr_1888eef1,2023_2024,club_58eca956
plr_ec8765b0,2023_2024,club_58eca956
plr_e9ab4a66,2023_2024,club_58eca956
plr_cdce0c31,2023_2024,club_58eca956
plr_a801ef64,2023_2024,club_58eca956
plr_3c5af08a,2023_2024,club_58eca956
plr_0ce42db6,2023_2024,club_58eca956
plr_f7a403ff,2023_2024,club_58eca956
plr_3bd12b9e,2023_2024,club_58eca956
plr_2af6a7da,2023_2024,club_b361f3db
plr_44f9fb5c,2023_2024,club_b361f3db
plr_5bde8192,2023_2024,club_b361f3db
plr_fac3efc9,2023_2024,club_b361f3db
plr_f25d68ed,2023_2024,club_b361f3db
plr_f968f7e3,2023_2024,club_b361f3db
plr_9210b7c6,2023_2024,club_b361f3db
plr_5aed7df5,2023_2024,club_b361f3db
plr_046464c6,2023_2024,club_b361f3db
plr_c13b4f92,2023_2024,club_b361f3db
plr_7c91f06c,2023_2024,club_b361f3db
plr_6b775317,2023_2024,club_b361f3db
plr_320207f8,2023_2024,club_b361f3db
plr_d662f448,2023_2024,club_b361f3db
plr_d9356803,2023_2024,club_b361f3db
plr_a29dadc8,2023_2024,club_b361f3db
plr_0b834287,2023_2024,club_b361f3db
plr_9d7d2bf6,2023_2024,club_b361f3db
plr_0908898f,2023_2024,club_b361f3db
plr_c1341c47,2023_2024,club_b361f3db
plr_4b7ba546,2023_2024,club_b361f3db
plr_b277a08a,2023_2024,club_b361f3db
plr_b1e68076,2023_2024,club_b361f3db
plr_70bd0045,2023_2024,club_b361f3db
plr_46aafc0b,2023_2024,club_b361f3db
plr_ae49d4e7,2023_2024,club_b361f3db
plr_db8fcdbb,2023_2024,club_b361f3db
plr_b66228bf,2023_2024,club_b361f3db
plr_bf82ca5f,2023_2024,club_b361f3db
plr_4aae2224,2023_2024,club_b361f3db
plr_ea1e0bfc,2023_2024,club_b361f3db
plr_31d1e5b3,2023_2024,club_b361f3db
plr_dcb8dc06,2023_2024,club_b361f3db
plr_1b5e5aae,2023_2024,club_1001aa76
plr_e48ec7e8,2023_2024,club_1001aa76
plr_aac1e1be,2023_2024,club_1001aa76
plr_e15da7ab,2023_2024,club_1001aa76
plr_af35c0b9,2023_2024,club_1001aa76
plr_83f0c09d,2023_2024,club_1001aa76
plr_391ef9f7,2023_2024,club_1001aa76
plr_578019da,2023_2024,club_1001aa76
plr_29577202,2023_2024,club_1001aa76
plr_bb835f4c,2023_2024,club_1001aa76
plr_d5930afb,2023_2024,club_1001aa76
plr_ecdd88e9,2023_2024,club_1001aa76
plr_675b5c81,2023_2024,club_1001aa76
plr_2508fc56,2023_2024,club_1001aa76
plr_ef2a3007,2023_2024,club_1001aa76
plr_8894df1b,2023_2024,club_1001aa76
plr_649c174f,2023_2024,club_1001aa76
plr_4602d97b,2023_2024,club_1001aa76
plr_3c425734,2023_2024,club_1001aa76
plr_525180ba,2023_2024,club_1001aa76
plr_a2debbf3,2023_2024,club_1001aa76
plr_0433a55c,2023_2024,club_1001aa76
plr_637cffd7,2023_2024,club_1001aa76
plr_afb8bff7,2023_2024,club_1001aa76
plr_f40cdf50,2023_2024,club_1001aa76
plr_d94efc8e,2023_2024,club_1001aa76
plr_85f638c2,2023_2024,club_1001aa76
plr_439b2ec2,2023_2024,club_1001aa76
plr_dfeb2ec8,2023_2024,club_1001aa76
plr_6894d948,2023_2024,club_1001aa76
plr_4bf7568c,2023_2024,club_1001aa76
plr_4ade0be4,2023_2024,club_1001aa76
plr_15367f8f,2023_2024,club_1001aa76
plr_0230fe5e,2023_2024,club_1001aa76
plr_ef4f7418,2023_2024,club_95b443a0
plr_63184ac5,2023_2024,club_95b443a0
plr_e7bda0e3,2023_2024,club_95b443a0
plr_d1d23c9a,2023_2024,club_95b443a0
plr_3b8b2bf7,2023_2024,club_95b443a0
plr_469a3526,2023_2024,club_95b443a0
plr_c0d3717b,2023_2024,club_95b443a0
plr_e69c6a0e,2023_2024,club_95b443a0
plr_8bc0b1a0,2023_2024,club_95b443a0
plr_5b461e8a,2023_2024,club_95b443a0
plr_54ec8a0d,2023_2024,club_95b443a0
plr_5cf41944,2023_2024,club_95b443a0
plr_4047166b,2023_2024,club_95b443a0
plr_e598a027,2023_2024,club_95b443a0
plr_7b1320e3,2023_2024,club_95b443a0
plr_28cefde5,2023_2024,club_95b443a0
plr_6b38fc74,2023_2024,club_95b443a0
plr_579210fd,2023_2024,club_95b443a0
plr_e5312c71,2023_2024,club_95b443a0
plr_07a883d2,2023_2024,club_95b443a0
plr_1df54dbe,2023_2024,club_95b443a0
plr_c4a9707b,2023_2024,club_95b443a0
plr_78b5aa56,2023_2024,club_95b443a0
plr_b5c886fe,2023_2024,club_95b443a0
plr_b1efd0e7,2023_2024,club_95b443a0
plr_1d3ca450,2023_2024,club_95b443a0
plr_bcbe6c22,2023_2024,club_95b443a0
plr_76fbcb64,2023_2024,club_95b443a0
plr_edf8b727,2023_2024,club_95b443a0
plr_33e12245,2023_2024,club_95b443a0
plr_98ee68ca,2023_2024,club_95b443a0
plr_437f08c2,2023_2024,club_95b443a0
plr_5cfa4ad0,2023_2024,club_95b443a0
plr_baa328b8,2023_2024,club_95b443a0
plr_eddffc52,2023_2024,club_fe87899a
plr_db1d0e9c,2023_2024,club_fe87899a
plr_b7edbba9,2023_2024,club_fe87899a
plr_d12560a2,2023_2024,club_fe87899a
plr_2e9d3964,2023_2024,club_fe87899a
plr_bdeff70a,2023_2024,club_fe87899a
plr_bf26f919,2023_2024,club_fe87899a
plr_591dce60,2023_2024,club_fe87899a
plr_826d83f8,2023_2024,club_fe87899a
plr_f3a5dcc0,2023_2024,club_fe87899a
plr_d70b8f95,2023_2024,club_fe87899a
plr_5ddcbbb0,2023_2024,club_fe87899a
plr_c2b00931,2023_2024,club_fe87899a
plr_c42181de,2023_2024,club_fe87899a
plr_0db43760,2023_2024,club_fe87899a
plr_cd2187bc,2023_2024,club_fe87899a
plr_769e6898,2023_2024,club_fe87899a
plr_34122de2,2023_2024,club_fe87899a
plr_731303ca,2023_2024,club_fe87899a
plr_e66652e4,2023_2024,club_fe87899a
plr_18c95b26,2023_2024,club_fe87899a
plr_485d31f1,2023_2024,club_fe87899a
plr_c9a5aa44,2023_2024,club_fe87899a
plr_8025ae5e,2023_2024,club_fe87899a
plr_fc6f36b5,2023_2024,club_fe87899a
plr_7aa1d994,2023_2024,club_fe87899a
plr_71ebc0b9,2023_2024,club_fe87899a
plr_b93dcdf4,2023_2024,club_fe87899a
plr_b46f8534,2023_2024,club_fe87899a
plr_093c3e0d,2023_2024,club_fe87899a
plr_d155e7d4,2023_2024,club_59f02300
plr_22da43a0,2023_2024,club_59f02300
plr_449aeabf,2023_2024,club_59f02300
plr_d4e8f477,2023_2024,club_59f02300
plr_af533806,2023_2024,club_59f02300
plr_cd17d787,2023_2024,club_59f02300
plr_ff91ad38,2023_2024,club_59f02300
plr_579b6221,2023_2024,club_59f02300
plr_93214593,2023_2024,club_59f02300
plr_f841f3d4,2023_2024,club_59f02300
plr_400f8411,2023_2024,club_59f02300
plr_82144d5b,2023_2024,club_59f02300
plr_9de20c86,2023_2024,club_59f02300
plr_212bfe1f,2023_2024,club_59f02300
plr_20280659,2023_2024,club_59f02300
plr_50bd12dd,2023_2024,club_59f02300
plr_f8f939a9,2023_2024,club_59f02300
plr_b75fb889,2023_2024,club_59f02300
plr_641bdfa7,2023_2024,club_59f02300
plr_8feda09e,2023_2024,club_59f02300
plr_6058ebcd,2023_2024,club_59f02300
plr_655a21e1,2023_2024,club_59f02300
plr_5d1b1fa1,2023_2024,club_59f02300
plr_5d7bddea,2023_2024,club_59f02300
plr_901fe80d,2023_2024,club_59f02300
plr_692b90bd,2023_2024,club_59f02300
plr_1391ea77,2023_2024,club_59f02300
plr_57dde2e5,2023_2024,club_59f02300
plr_8e0be4ca,2023_2024,club_59f02300
plr_5d4af4ed,2023_2024,club_59f02300
plr_a3010a44,2023_2024,club_59f02300
plr_2a20f756,2023_2024,club_59f02300
plr_aecefcaa,2023_2024,club_59f02300
plr_31d51f47,2023_2024,club_59f02300
plr_64932217,2023_2024,club_59f02300
plr_9682e993,2023_2024,club_59f02300
plr_8fd04f83,2023_2024,club_59f02300
plr_a6b97c59,2023_2024,club_59f02300
plr_99f8b7bf,2023_2024,club_59f02300
plr_3eda4a6b,2023_2024,club_59f02300
plr_d2b246b3,2023_2024,club_cbc96d4f
plr_4d7cc037,2023_2024,club_cbc96d4f
plr_7cd966a2,2023_2024,club_cbc96d4f
plr_fb1a2b71,2023_2024,club_cbc96d4f
plr_0a4a8e7d,2023_2024,club_cbc96d4f
plr_cd18151f,2023_2024,club_cbc96d4f
plr_77a765eb,2023_2024,club_cbc96d4f
plr_8af6a0b0,2023_2024,club_cbc96d4f
plr_131329ca,2023_2024,club_cbc96d4f
plr_22697146,2023_2024,club_cbc96d4f
plr_1303f870,2023_2024,club_cbc96d4f
plr_b67c4a66,2023_2024,club_cbc96d4f
plr_ffa8919f,2023_2024,club_cbc96d4f
plr_928bf9e1,2023_2024,club_cbc96d4f
plr_321cbe38,2023_2024,club_cbc96d4f
plr_2275cfba,2023_2024,club_cbc96d4f
plr_2f273f97,2023_2024,club_cbc96d4f
plr_582b132f,2023_2024,club_cbc96d4f
plr_e899b1af,2023_2024,club_cbc96d4f
plr_3311fb75,2023_2024,club_cbc96d4f
plr_e754755a,2023_2024,club_cbc96d4f
plr_3e739776,2023_2024,club_cbc96d4f
plr_0aa0d33d,2023_2024,club_cbc96d4f
plr_94ce2c4d,2023_2024,club_cbc96d4f
plr_d97892fc,2023_2024,club_cbc96d4f
plr_27b250b1,2023_2024,club_cbc96d4f
plr_55671e98,2023_2024,club_cbc96d4f
plr_95696c64,2023_2024,club_cbc96d4f
plr_50c169d5,2023_2024,club_cbc96d4f
plr_39bf12d4,2023_2024,club_cbc96d4f
