transfer_id,transfer_date,latest_valid_completed_season,second_latest_completed_season,current_season_pre_transfer_available,information_cutoff
7fc90591-550,2018-07-01,2017_2018,2016_2017,False,2017-07-01
94b04300-6b2,2018-07-01,2017_2018,2016_2017,False,2017-07-01
21b2e143-861,2018-07-01,2017_2018,2016_2017,False,2017-07-01
8df1aa0a-d72,2018-07-01,2017_2018,2016_2017,False,2017-07-01
12269456-437,2018-07-01,2017_2018,2016_2017,False,2017-07-01
f101d124-116,2018-07-01,2017_2018,2016_2017,False,2017-07-01
f58799a2-6fa,2018-07-01,2017_2018,2016_2017,False,2017-07-01
d33bd6a1-89a,2018-07-01,2017_2018,2016_2017,False,2017-07-01
252e6531-265,2018-07-01,2017_2018,2016_2017,False,2017-07-01
c44a74e1-52f,2018-07-01,2017_2018,2016_2017,False,2017-07-01
278fbb72-ea3,2018-07-01,2017_2018,2016_2017,False,2017-07-01
8b05c788-474,2018-07-01,2017_2018,2016_2017,False,2017-07-01
0b6d12c6-20f,2018-07-01,2017_2018,2016_2017,False,2017-07-01
22b9bd43-13a,2018-07-01,2017_2018,2016_2017,False,2017-07-01
d4a4ed7a-926,2018-07-01,2017_2018,2016_2017,False,2017-07-01
b8122fa0-8eb,2018-07-01,2017_2018,2016_2017,False,2017-07-01
505a75b0-822,2018-07-01,2017_2018,2016_2017,False,2017-07-01
af76ae1e-4dd,2018-07-01,2017_2018,2016_2017,False,2017-07-01
654f1935-8c3,2018-07-01,2017_2018,2016_2017,False,2017-07-01
dbdbe580-bf7,2018-07-01,2017_2018,2016_2017,False,2017-07-01
e3b11b25-790,2018-07-01,2017_2018,2016_2017,False,2017-07-01
13718e8d-5e2,2018-07-01,2017_2018,2016_2017,False,2017-07-01
055dda0d-2b0,2018-07-01,2017_2018,2016_2017,False,2017-07-01
24f2c9bf-645,2018-07-01,2017_2018,2016_2017,False,2017-07-01
8a4f2d5d-1f2,2018-07-01,2017_2018,2016_2017,False,2017-07-01
765d8279-fa5,2018-07-01,2017_2018,2016_2017,False,2017-07-01
d02ef27f-bd6,2018-07-01,2017_2018,2016_2017,False,2017-07-01
b37c7ac4-c59,2018-07-01,2017_2018,2016_2017,False,2017-07-01
573223b1-2ce,2018-07-01,2017_2018,2016_2017,False,2017-07-01
200527a3-e4b,2018-07-01,2017_2018,2016_2017,False,2017-07-01
55290cca-942,2018-07-01,2017_2018,2016_2017,False,2017-07-01
7cbe0888-ddb,2018-07-01,2017_2018,2016_2017,False,2017-07-01
30679011-9fe,2018-07-01,2017_2018,2016_2017,False,2017-07-01
3c854ebf-0d1,2018-07-01,2017_2018,2016_2017,False,2017-07-01
e35f90f4-7e5,2018-07-01,2017_2018,2016_2017,False,2017-07-01
648359d1-69b,2018-07-01,2017_2018,2016_2017,False,2017-07-01
eb050f6f-ae8,2018-07-01,2017_2018,2016_2017,False,2017-07-01
2877820f-f91,2018-07-01,2017_2018,2016_2017,False,2017-07-01
bfad9f1d-b86,2018-07-01,2017_2018,2016_2017,False,2017-07-01
4fed5fd3-45f,2018-07-01,2017_2018,2016_2017,False,2017-07-01
632ee12c-0df,2018-07-01,2017_2018,2016_2017,False,2017-07-01
66b640f8-ca3,2018-07-01,2017_2018,2016_2017,False,2017-07-01
2af56b5a-dcb,2018-07-01,2017_2018,2016_2017,False,2017-07-01
7c2ec4b0-166,2018-07-01,2017_2018,2016_2017,False,2017-07-01
39250c82-7a6,2018-07-01,2017_2018,2016_2017,False,2017-07-01
5feeb86c-c62,2018-07-01,2017_2018,2016_2017,False,2017-07-01
3b7e62a0-67c,2018-07-01,2017_2018,2016_2017,False,2017-07-01
d7dfa7a2-155,2018-07-01,2017_2018,2016_2017,False,2017-07-01
57b03145-d18,2018-07-01,2017_2018,2016_2017,False,2017-07-01
955f6f3c-859,2018-07-01,2017_2018,2016_2017,False,2017-07-01
1de0c933-e51,2018-07-01,2017_2018,2016_2017,False,2017-07-01
02697d42-ecf,2018-07-01,2017_2018,2016_2017,False,2017-07-01
90b0b4a8-eea,2018-07-01,2017_2018,2016_2017,False,2017-07-01
57ecd9a0-a0e,2018-07-01,2017_2018,2016_2017,False,2017-07-01
c244b357-350,2018-07-01,2017_2018,2016_2017,False,2017-07-01
29537f30-d90,2018-07-01,2017_2018,2016_2017,False,2017-07-01
43609cea-5bb,2018-07-01,2017_2018,2016_2017,False,2017-07-01
2b04e9c2-c65,2018-07-01,2017_2018,2016_2017,False,2017-07-01
9ff04104-87c,2018-07-01,2017_2018,2016_2017,False,2017-07-01
1b05ce03-ff9,2018-07-01,2017_2018,2016_2017,False,2017-07-01
a53f295b-c35,2018-07-01,2017_2018,2016_2017,False,2017-07-01
1b684efc-3ff,2018-07-01,2017_2018,2016_2017,False,2017-07-01
fae93c04-bba,2018-07-01,2017_2018,2016_2017,False,2017-07-01
535d3edc-d58,2018-07-01,2017_2018,2016_2017,False,2017-07-01
94d9d1fb-e64,2018-07-01,2017_2018,2016_2017,False,2017-07-01
2723a4f1-855,2018-07-01,2017_2018,2016_2017,False,2017-07-01
0f54bf27-4fb,2018-07-01,2017_2018,2016_2017,False,2017-07-01
e8a01c23-9d7,2018-07-01,2017_2018,2016_2017,False,2017-07-01
e8c63d46-161,2018-07-01,2017_2018,2016_2017,False,2017-07-01
e878fd13-882,2018-07-01,2017_2018,2016_2017,False,2017-07-01
91c8c55c-b98,2018-07-01,2017_2018,2016_2017,False,2017-07-01
39d72caf-ef8,2018-07-01,2017_2018,2016_2017,False,2017-07-01
d45ed6b1-2f9,2018-07-01,2017_2018,2016_2017,False,2017-07-01
dba8a2a8-a18,2018-07-01,2017_2018,2016_2017,False,2017-07-01
8a5f675e-85c,2018-07-01,2017_2018,2016_2017,False,2017-07-01
c551e7b7-7c7,2018-07-01,2017_2018,2016_2017,False,2017-07-01
efe56e4e-587,2018-07-01,2017_2018,2016_2017,False,2017-07-01
4ec2ea3e-9b9,2018-07-01,2017_2018,2016_2017,False,2017-07-01
ffab1cca-431,2018-07-01,2017_2018,2016_2017,False,2017-07-01
c9e60884-ce5,2018-07-01,2017_2018,2016_2017,False,2017-07-01
afd4aad2-eec,2018-07-01,2017_2018,2016_2017,False,2017-07-01
769168e5-260,2018-07-01,2017_2018,2016_2017,False,2017-07-01
e6df14b9-a42,2018-07-01,2017_2018,2016_2017,False,2017-07-01
bd25b361-2c1,2018-07-01,2017_2018,2016_2017,False,2017-07-01
2e104d1f-de9,2018-07-01,2017_2018,2016_2017,False,2017-07-01
389bc865-ef8,2018-07-01,2017_2018,2016_2017,False,2017-07-01
3418aa80-e7a,2018-07-01,2017_2018,2016_2017,False,2017-07-01
d36f7e8c-e51,2018-07-01,2017_2018,2016_2017,False,2017-07-01
d4404a9f-9e1,2018-07-01,2017_2018,2016_2017,False,2017-07-01
49753934-46c,2018-07-01,2017_2018,2016_2017,False,2017-07-01
81ec8f34-2e3,2018-07-01,2017_2018,2016_2017,False,2017-07-01
64063f07-c08,2018-07-01,2017_2018,2016_2017,False,2017-07-01
44b44c03-16c,2018-07-01,2017_2018,2016_2017,False,2017-07-01
e424c6dd-a45,2018-07-01,2017_2018,2016_2017,False,2017-07-01
c2048fbd-2ba,2018-07-01,2017_2018,2016_2017,False,2017-07-01
447a6003-3f2,2018-07-01,2017_2018,2016_2017,False,2017-07-01
d39e6cca-4d3,2018-07-01,2017_2018,2016_2017,False,2017-07-01
203d1b11-b6b,2018-07-01,2017_2018,2016_2017,False,2017-07-01
3afa8195-575,2018-07-01,2017_2018,2016_2017,False,2017-07-01
07e12b19-9e2,2018-07-01,2017_2018,2016_2017,False,2017-07-01
c13e3244-d82,2018-07-01,2017_2018,2016_2017,False,2017-07-01
18bec550-f6b,2018-07-01,2017_2018,2016_2017,False,2017-07-01
1bdfc572-9d3,2018-07-01,2017_2018,2016_2017,False,2017-07-01
c11857a1-c94,2018-07-01,2017_2018,2016_2017,False,2017-07-01
90e6906b-483,2018-07-01,2017_2018,2016_2017,False,2017-07-01
200f529a-0d0,2018-07-01,2017_2018,2016_2017,False,2017-07-01
1f0f2a36-829,2018-07-01,2017_2018,2016_2017,False,2017-07-01
752f5a3a-7f2,2018-07-01,2017_2018,2016_2017,False,2017-07-01
e2798055-cf7,2018-07-01,2017_2018,2016_2017,False,2017-07-01
6768acf6-09c,2018-07-01,2017_2018,2016_2017,False,2017-07-01
24e4c4fb-3c5,2018-07-01,2017_2018,2016_2017,False,2017-07-01
eff10b20-d8c,2018-07-01,2017_2018,2016_2017,False,2017-07-01
d5099bb6-ed7,2018-07-01,2017_2018,2016_2017,False,2017-07-01
6f5901e4-ae7,2018-07-01,2017_2018,2016_2017,False,2017-07-01
390223a4-88e,2018-07-01,2017_2018,2016_2017,False,2017-07-01
a6a1eb61-4a8,2018-07-01,2017_2018,2016_2017,False,2017-07-01
27fc4ec8-af6,2018-07-01,2017_2018,2016_2017,False,2017-07-01
c13d9eb9-848,2018-07-01,2017_2018,2016_2017,False,2017-07-01
cf024e2c-061,2018-07-01,2017_2018,2016_2017,False,2017-07-01
d6348ad8-9d8,2018-07-01,2017_2018,2016_2017,False,2017-07-01
863e9f0e-fd8,2018-07-01,2017_2018,2016_2017,False,2017-07-01
8fcfb14e-9e7,2018-07-01,2017_2018,2016_2017,False,2017-07-01
46e9df8d-f84,2018-07-01,2017_2018,2016_2017,False,2017-07-01
fb323077-5d0,2018-07-01,2017_2018,2016_2017,False,2017-07-01
1a298a91-2d7,2018-07-01,2017_2018,2016_2017,False,2017-07-01
480b59ac-62f,2018-07-01,2017_2018,2016_2017,False,2017-07-01
5dd0736a-f33,2018-07-01,2017_2018,2016_2017,False,2017-07-01
17a43adc-dab,2018-07-01,2017_2018,2016_2017,False,2017-07-01
e59c9cbe-e92,2018-07-01,2017_2018,2016_2017,False,2017-07-01
83946009-ca5,2018-07-01,2017_2018,2016_2017,False,2017-07-01
37cdfe8d-6e1,2018-07-01,2017_2018,2016_2017,False,2017-07-01
12d98aac-337,2018-07-01,2017_2018,2016_2017,False,2017-07-01
5863bef9-1c6,2018-07-01,2017_2018,2016_2017,False,2017-07-01
f2389805-140,2018-07-01,2017_2018,2016_2017,False,2017-07-01
136a9208-afa,2018-07-01,2017_2018,2016_2017,False,2017-07-01
3273aaa7-6eb,2018-07-01,2017_2018,2016_2017,False,2017-07-01
b2a97bea-95e,2019-07-01,2018_2019,2017_2018,False,2018-07-01
f939f9d7-bdb,2019-07-01,2018_2019,2017_2018,False,2018-07-01
31da409f-081,2019-07-01,2018_2019,2017_2018,False,2018-07-01
351561ce-cfd,2019-07-01,2018_2019,2017_2018,False,2018-07-01
b8ab7475-5a9,2019-07-01,2018_2019,2017_2018,False,2018-07-01
c804e0d3-10b,2019-07-01,2018_2019,2017_2018,False,2018-07-01
1fcb26c0-f94,2019-07-01,2018_2019,2017_2018,False,2018-07-01
8ba96375-9cb,2019-07-01,2018_2019,2017_2018,False,2018-07-01
1ecc38d5-f3b,2019-07-01,2018_2019,2017_2018,False,2018-07-01
a9501d9a-614,2019-07-01,2018_2019,2017_2018,False,2018-07-01
49c730c0-03c,2019-07-01,2018_2019,2017_2018,False,2018-07-01
1010cc76-1b1,2019-07-01,2018_2019,2017_2018,False,2018-07-01
9c119e3a-dd6,2019-07-01,2018_2019,2017_2018,False,2018-07-01
55f0baf7-89b,2019-07-01,2018_2019,2017_2018,False,2018-07-01
a807ef7b-4f5,2019-07-01,2018_2019,2017_2018,False,2018-07-01
26594a94-d0c,2019-07-01,2018_2019,2017_2018,False,2018-07-01
afd87f6d-9e1,2019-07-01,2018_2019,2017_2018,False,2018-07-01
426145e2-bb1,2019-07-01,2018_2019,2017_2018,False,2018-07-01
ed2ee30e-e7c,2019-07-01,2018_2019,2017_2018,False,2018-07-01
caf4dfe8-733,2019-07-01,2018_2019,2017_2018,False,2018-07-01
a50ce30d-4e7,2019-07-01,2018_2019,2017_2018,False,2018-07-01
eed06e21-cb3,2019-07-01,2018_2019,2017_2018,False,2018-07-01
f0906321-c71,2019-07-01,2018_2019,2017_2018,False,2018-07-01
1300914f-d8b,2019-07-01,2018_2019,2017_2018,False,2018-07-01
d7148479-c63,2019-07-01,2018_2019,2017_2018,False,2018-07-01
38acf972-fb2,2019-07-01,2018_2019,2017_2018,False,2018-07-01
92331da1-7db,2019-07-01,2018_2019,2017_2018,False,2018-07-01
867289f7-3e8,2019-07-01,2018_2019,2017_2018,False,2018-07-01
fb14508e-0ce,2019-07-01,2018_2019,2017_2018,False,2018-07-01
01f2a17c-b0c,2019-07-01,2018_2019,2017_2018,False,2018-07-01
7c9cf38d-605,2019-07-01,2018_2019,2017_2018,False,2018-07-01
2d3c04b8-afc,2019-07-01,2018_2019,2017_2018,False,2018-07-01
81cb5b70-ece,2019-07-01,2018_2019,2017_2018,False,2018-07-01
18b7a241-ea2,2019-07-01,2018_2019,2017_2018,False,2018-07-01
3c98ac7b-dc3,2019-07-01,2018_2019,2017_2018,False,2018-07-01
5197a76f-273,2019-07-01,2018_2019,2017_2018,False,2018-07-01
ea219d6a-303,2019-07-01,2018_2019,2017_2018,False,2018-07-01
473335cf-497,2019-07-01,2018_2019,2017_2018,False,2018-07-01
7f20889c-c8c,2019-07-01,2018_2019,2017_2018,False,2018-07-01
eb8f7eee-499,2019-07-01,2018_2019,2017_2018,False,2018-07-01
1b8667a1-390,2019-07-01,2018_2019,2017_2018,False,2018-07-01
e16b0d1e-62f,2019-07-01,2018_2019,2017_2018,False,2018-07-01
9d1f4b74-280,2019-07-01,2018_2019,2017_2018,False,2018-07-01
df6086e7-759,2019-07-01,2018_2019,2017_2018,False,2018-07-01
f4c66e89-09e,2019-07-01,2018_2019,2017_2018,False,2018-07-01
f6cabc79-4f4,2019-07-01,2018_2019,2017_2018,False,2018-07-01
7efbe084-c42,2019-07-01,2018_2019,2017_2018,False,2018-07-01
1582a4af-f2a,2019-07-01,2018_2019,2017_2018,False,2018-07-01
34395553-83b,2019-07-01,2018_2019,2017_2018,False,2018-07-01
f1fcab06-109,2019-07-01,2018_2019,2017_2018,False,2018-07-01
eb94e601-c96,2019-07-01,2018_2019,2017_2018,False,2018-07-01
734b41cd-c81,2019-07-01,2018_2019,2017_2018,False,2018-07-01
baf07348-01f,2019-07-01,2018_2019,2017_2018,False,2018-07-01
27e88cf2-2d1,2019-07-01,2018_2019,2017_2018,False,2018-07-01
f091759c-606,2019-07-01,2018_2019,2017_2018,False,2018-07-01
1458f5b4-b7c,2019-07-01,2018_2019,2017_2018,False,2018-07-01
efc9fdd2-30b,2019-07-01,2018_2019,2017_2018,False,2018-07-01
4d348960-efc,2019-07-01,2018_2019,2017_2018,False,2018-07-01
5c71c4b2-330,2019-07-01,2018_2019,2017_2018,False,2018-07-01
f381eeae-ec0,2019-07-01,2018_2019,2017_2018,False,2018-07-01
15bd505e-78c,2019-07-01,2018_2019,2017_2018,False,2018-07-01
5879c56a-563,2019-07-01,2018_2019,2017_2018,False,2018-07-01
7fa29a8d-19f,2019-07-01,2018_2019,2017_2018,False,2018-07-01
92e163b2-e52,2019-07-01,2018_2019,2017_2018,False,2018-07-01
50f0f9c8-cc9,2019-07-01,2018_2019,2017_2018,False,2018-07-01
15875367-41d,2019-07-01,2018_2019,2017_2018,False,2018-07-01
c8edf059-7bc,2019-07-01,2018_2019,2017_2018,False,2018-07-01
8baca1a1-070,2019-07-01,2018_2019,2017_2018,False,2018-07-01
2607ef41-949,2019-07-01,2018_2019,2017_2018,False,2018-07-01
880db327-dd7,2019-07-01,2018_2019,2017_2018,False,2018-07-01
c004ea4c-957,2019-07-01,2018_2019,2017_2018,False,2018-07-01
98b8a4ec-912,2019-07-01,2018_2019,2017_2018,False,2018-07-01
74572034-613,2019-07-01,2018_2019,2017_2018,False,2018-07-01
92e4818d-c09,2019-07-01,2018_2019,2017_2018,False,2018-07-01
e9d647e6-b60,2019-07-01,2018_2019,2017_2018,False,2018-07-01
09f6e727-a35,2019-07-01,2018_2019,2017_2018,False,2018-07-01
09c088b5-219,2019-07-01,2018_2019,2017_2018,False,2018-07-01
22b8daea-5b5,2019-07-01,2018_2019,2017_2018,False,2018-07-01
ed4c3bea-c3a,2019-07-01,2018_2019,2017_2018,False,2018-07-01
e5133f2c-f3e,2019-07-01,2018_2019,2017_2018,False,2018-07-01
d7025fac-809,2019-07-01,2018_2019,2017_2018,False,2018-07-01
b8a6decd-bf3,2019-07-01,2018_2019,2017_2018,False,2018-07-01
08d89da6-e38,2019-07-01,2018_2019,2017_2018,False,2018-07-01
e0dd3423-043,2019-07-01,2018_2019,2017_2018,False,2018-07-01
8f3a5e85-a42,2019-07-01,2018_2019,2017_2018,False,2018-07-01
4212f895-087,2019-07-01,2018_2019,2017_2018,False,2018-07-01
58e41d80-b3f,2019-07-01,2018_2019,2017_2018,False,2018-07-01
58a94a4c-6ea,2019-07-01,2018_2019,2017_2018,False,2018-07-01
2bd59230-dd8,2019-07-01,2018_2019,2017_2018,False,2018-07-01
2350a274-379,2019-07-01,2018_2019,2017_2018,False,2018-07-01
cd172a04-652,2019-07-01,2018_2019,2017_2018,False,2018-07-01
fb709f19-eed,2019-07-01,2018_2019,2017_2018,False,2018-07-01
eacc5a24-8c4,2019-07-01,2018_2019,2017_2018,False,2018-07-01
1870bfa2-1b1,2019-07-01,2018_2019,2017_2018,False,2018-07-01
62d509d9-bfe,2019-07-01,2018_2019,2017_2018,False,2018-07-01
130c1cc9-afe,2019-07-01,2018_2019,2017_2018,False,2018-07-01
eb3d0ab9-f71,2019-07-01,2018_2019,2017_2018,False,2018-07-01
8f33eb6b-bbc,2019-07-01,2018_2019,2017_2018,False,2018-07-01
8f65a45e-327,2019-07-01,2018_2019,2017_2018,False,2018-07-01
3d147a3a-c61,2019-07-01,2018_2019,2017_2018,False,2018-07-01
7023ecc1-f8d,2019-07-01,2018_2019,2017_2018,False,2018-07-01
a62dad4b-063,2019-07-01,2018_2019,2017_2018,False,2018-07-01
df517b14-fec,2019-07-01,2018_2019,2017_2018,False,2018-07-01
87f9f73b-110,2019-07-01,2018_2019,2017_2018,False,2018-07-01
a5c01a0e-c25,2019-07-01,2018_2019,2017_2018,False,2018-07-01
087b7540-c4f,2019-07-01,2018_2019,2017_2018,False,2018-07-01
e07c5901-7e3,2019-07-01,2018_2019,2017_2018,False,2018-07-01
6cac4d66-885,2019-07-01,2018_2019,2017_2018,False,2018-07-01
5e2d80ad-c57,2019-07-01,2018_2019,2017_2018,False,2018-07-01
1c6c45d9-698,2019-07-01,2018_2019,2017_2018,False,2018-07-01
d00a10da-4d8,2019-07-01,2018_2019,2017_2018,False,2018-07-01
7b2f516d-e14,2019-07-01,2018_2019,2017_2018,False,2018-07-01
3b742baf-cde,2019-07-01,2018_2019,2017_2018,False,2018-07-01
ade23302-2fe,2019-07-01,2018_2019,2017_2018,False,2018-07-01
f79bd3cf-c21,2019-07-01,2018_2019,2017_2018,False,2018-07-01
645a9c8d-893,2019-07-01,2018_2019,2017_2018,False,2018-07-01
1c4011f0-425,2019-07-01,2018_2019,2017_2018,False,2018-07-01
b2df0bba-944,2019-07-01,2018_2019,2017_2018,False,2018-07-01
eba6cf9e-fdc,2019-07-01,2018_2019,2017_2018,False,2018-07-01
51703c20-092,2019-07-01,2018_2019,2017_2018,False,2018-07-01
99b6e62e-92f,2019-07-01,2018_2019,2017_2018,False,2018-07-01
f6ef528d-29f,2019-07-01,2018_2019,2017_2018,False,2018-07-01
0ceca448-5d4,2019-07-01,2018_2019,2017_2018,False,2018-07-01
3cee5880-f0c,2019-07-01,2018_2019,2017_2018,False,2018-07-01
9fdd3958-3b3,2020-07-01,2019_2020,2018_2019,False,2019-07-01
aa822567-229,2020-07-01,2019_2020,2018_2019,False,2019-07-01
c01f1ca5-17c,2020-07-01,2019_2020,2018_2019,False,2019-07-01
3d9ae8b9-a41,2020-07-01,2019_2020,2018_2019,False,2019-07-01
07030eb3-afb,2020-07-01,2019_2020,2018_2019,False,2019-07-01
b72048c1-06f,2020-07-01,2019_2020,2018_2019,False,2019-07-01
31a3f256-35a,2020-07-01,2019_2020,2018_2019,False,2019-07-01
f00707d7-4a5,2020-07-01,2019_2020,2018_2019,False,2019-07-01
227a66df-4d0,2020-07-01,2019_2020,2018_2019,False,2019-07-01
c51634a5-64b,2020-07-01,2019_2020,2018_2019,False,2019-07-01
45b1a53e-11d,2020-07-01,2019_2020,2018_2019,False,2019-07-01
5ea64d8d-9ea,2020-07-01,2019_2020,2018_2019,False,2019-07-01
f6e483e3-197,2020-07-01,2019_2020,2018_2019,False,2019-07-01
74665c28-89a,2020-07-01,2019_2020,2018_2019,False,2019-07-01
758588eb-b00,2020-07-01,2019_2020,2018_2019,False,2019-07-01
ea74ee02-db5,2020-07-01,2019_2020,2018_2019,False,2019-07-01
0633338d-9ef,2020-07-01,2019_2020,2018_2019,False,2019-07-01
714507dd-140,2020-07-01,2019_2020,2018_2019,False,2019-07-01
ad845ac7-cb7,2020-07-01,2019_2020,2018_2019,False,2019-07-01
ba142a67-f12,2020-07-01,2019_2020,2018_2019,False,2019-07-01
c8d5312e-3a4,2020-07-01,2019_2020,2018_2019,False,2019-07-01
5a339a69-148,2020-07-01,2019_2020,2018_2019,False,2019-07-01
1d30df2d-272,2020-07-01,2019_2020,2018_2019,False,2019-07-01
b29a1074-4bb,2020-07-01,2019_2020,2018_2019,False,2019-07-01
4f3e9154-115,2020-07-01,2019_2020,2018_2019,False,2019-07-01
e960cdaf-9ea,2020-07-01,2019_2020,2018_2019,False,2019-07-01
90720f23-bf0,2020-07-01,2019_2020,2018_2019,False,2019-07-01
33633e36-d3d,2020-07-01,2019_2020,2018_2019,False,2019-07-01
30926473-236,2020-07-01,2019_2020,2018_2019,False,2019-07-01
2e0be0b2-969,2020-07-01,2019_2020,2018_2019,False,2019-07-01
bfc61328-b2f,2020-07-01,2019_2020,2018_2019,False,2019-07-01
2854ceca-b19,2020-07-01,2019_2020,2018_2019,False,2019-07-01
b608067d-fea,2020-07-01,2019_2020,2018_2019,False,2019-07-01
6a74fe34-c18,2020-07-01,2019_2020,2018_2019,False,2019-07-01
6afbb94a-023,2020-07-01,2019_2020,2018_2019,False,2019-07-01
ff62ddf2-297,2020-07-01,2019_2020,2018_2019,False,2019-07-01
fe98a487-94e,2020-07-01,2019_2020,2018_2019,False,2019-07-01
f8f5d03d-ca0,2020-07-01,2019_2020,2018_2019,False,2019-07-01
b457a0f4-b85,2020-07-01,2019_2020,2018_2019,False,2019-07-01
4a7b4c7e-bd6,2020-07-01,2019_2020,2018_2019,False,2019-07-01
a286a15e-b5c,2020-07-01,2019_2020,2018_2019,False,2019-07-01
5d98c8ab-0d3,2020-07-01,2019_2020,2018_2019,False,2019-07-01
1e884e5b-740,2020-07-01,2019_2020,2018_2019,False,2019-07-01
207f17f7-b17,2020-07-01,2019_2020,2018_2019,False,2019-07-01
5ab4defe-6f5,2020-07-01,2019_2020,2018_2019,False,2019-07-01
0f9f663d-e22,2020-07-01,2019_2020,2018_2019,False,2019-07-01
12570a16-e84,2020-07-01,2019_2020,2018_2019,False,2019-07-01
04e500d6-f90,2020-07-01,2019_2020,2018_2019,False,2019-07-01
aca6e8e6-532,2020-07-01,2019_2020,2018_2019,False,2019-07-01
f0036537-61f,2020-07-01,2019_2020,2018_2019,False,2019-07-01
8196ac2c-b50,2020-07-01,2019_2020,2018_2019,False,2019-07-01
12d434fd-497,2020-07-01,2019_2020,2018_2019,False,2019-07-01
014d741f-607,2020-07-01,2019_2020,2018_2019,False,2019-07-01
9054caa0-e2b,2020-07-01,2019_2020,2018_2019,False,2019-07-01
a5629819-38c,2020-07-01,2019_2020,2018_2019,False,2019-07-01
ddd80ea0-0b2,2020-07-01,2019_2020,2018_2019,False,2019-07-01
61694790-3b5,2020-07-01,2019_2020,2018_2019,False,2019-07-01
847f7599-54a,2020-07-01,2019_2020,2018_2019,False,2019-07-01
7b515993-9fe,2020-07-01,2019_2020,2018_2019,False,2019-07-01
12f7e7aa-550,2020-07-01,2019_2020,2018_2019,False,2019-07-01
a84a3f7e-541,2020-07-01,2019_2020,2018_2019,False,2019-07-01
40b49b2b-68f,2020-07-01,2019_2020,2018_2019,False,2019-07-01
5ce92385-5c7,2020-07-01,2019_2020,2018_2019,False,2019-07-01
a6804e89-ef9,2020-07-01,2019_2020,2018_2019,False,2019-07-01
f36b76f8-b13,2020-07-01,2019_2020,2018_2019,False,2019-07-01
993c9515-b86,2020-07-01,2019_2020,2018_2019,False,2019-07-01
c843adf3-577,2020-07-01,2019_2020,2018_2019,False,2019-07-01
fe0f7af6-4f1,2020-07-01,2019_2020,2018_2019,False,2019-07-01
bc317f7b-d0a,2020-07-01,2019_2020,2018_2019,False,2019-07-01
9a7c8d03-0cc,2020-07-01,2019_2020,2018_2019,False,2019-07-01
8966e07f-9f7,2020-07-01,2019_2020,2018_2019,False,2019-07-01
e9ab00c3-dec,2020-07-01,2019_2020,2018_2019,False,2019-07-01
ac58b724-743,2020-07-01,2019_2020,2018_2019,False,2019-07-01
41c9a5b1-8c8,2020-07-01,2019_2020,2018_2019,False,2019-07-01
a8780044-9eb,2020-07-01,2019_2020,2018_2019,False,2019-07-01
3e6521fc-ce8,2020-07-01,2019_2020,2018_2019,False,2019-07-01
3d67532a-e0a,2020-07-01,2019_2020,2018_2019,False,2019-07-01
7572a486-858,2020-07-01,2019_2020,2018_2019,False,2019-07-01
4b31094d-caa,2020-07-01,2019_2020,2018_2019,False,2019-07-01
09e99d65-787,2020-07-01,2019_2020,2018_2019,False,2019-07-01
4458594f-2f1,2020-07-01,2019_2020,2018_2019,False,2019-07-01
157988e7-83f,2020-07-01,2019_2020,2018_2019,False,2019-07-01
e3444708-d91,2020-07-01,2019_2020,2018_2019,False,2019-07-01
03081fff-c26,2020-07-01,2019_2020,2018_2019,False,2019-07-01
aaf1b4ad-1e5,2020-07-01,2019_2020,2018_2019,False,2019-07-01
6df6af2c-2ec,2020-07-01,2019_2020,2018_2019,False,2019-07-01
78bf4725-991,2020-07-01,2019_2020,2018_2019,False,2019-07-01
ad1e8881-e37,2020-07-01,2019_2020,2018_2019,False,2019-07-01
6ae5e20d-866,2020-07-01,2019_2020,2018_2019,False,2019-07-01
f598ded8-e6b,2020-07-01,2019_2020,2018_2019,False,2019-07-01
1c3cc996-175,2020-07-01,2019_2020,2018_2019,False,2019-07-01
d685fc59-5b7,2020-07-01,2019_2020,2018_2019,False,2019-07-01
7c82fe68-1ec,2020-07-01,2019_2020,2018_2019,False,2019-07-01
47c4907b-28e,2020-07-01,2019_2020,2018_2019,False,2019-07-01
e71507e3-674,2020-07-01,2019_2020,2018_2019,False,2019-07-01
38f06169-008,2020-07-01,2019_2020,2018_2019,False,2019-07-01
66b9beea-d59,2020-07-01,2019_2020,2018_2019,False,2019-07-01
b468bd64-b38,2020-07-01,2019_2020,2018_2019,False,2019-07-01
282bd856-c09,2020-07-01,2019_2020,2018_2019,False,2019-07-01
65d399f4-987,2020-07-01,2019_2020,2018_2019,False,2019-07-01
d3888673-a37,2021-07-01,2020_2021,2019_2020,False,2020-07-01
8330842d-3a4,2021-07-01,2020_2021,2019_2020,False,2020-07-01
efa4ce71-df1,2021-07-01,2020_2021,2019_2020,False,2020-07-01
24de4eeb-fc2,2021-07-01,2020_2021,2019_2020,False,2020-07-01
598585a6-7fe,2021-07-01,2020_2021,2019_2020,False,2020-07-01
01203dad-b1d,2021-07-01,2020_2021,2019_2020,False,2020-07-01
228f5c8f-bf0,2021-07-01,2020_2021,2019_2020,False,2020-07-01
609c0ab3-fa5,2021-07-01,2020_2021,2019_2020,False,2020-07-01
1c67968c-f5e,2021-07-01,2020_2021,2019_2020,False,2020-07-01
6ad1efb7-4c9,2021-07-01,2020_2021,2019_2020,False,2020-07-01
07111dde-ee6,2021-07-01,2020_2021,2019_2020,False,2020-07-01
5354ca7f-29d,2021-07-01,2020_2021,2019_2020,False,2020-07-01
e3edd9d9-a58,2021-07-01,2020_2021,2019_2020,False,2020-07-01
ada8f489-945,2021-07-01,2020_2021,2019_2020,False,2020-07-01
105e60f9-ebf,2021-07-01,2020_2021,2019_2020,False,2020-07-01
19c145ae-80c,2021-07-01,2020_2021,2019_2020,False,2020-07-01
abc20830-b89,2021-07-01,2020_2021,2019_2020,False,2020-07-01
e59109ec-1fd,2021-07-01,2020_2021,2019_2020,False,2020-07-01
46b2f21d-e3c,2021-07-01,2020_2021,2019_2020,False,2020-07-01
ef221509-0b0,2021-07-01,2020_2021,2019_2020,False,2020-07-01
467295a2-86d,2021-07-01,2020_2021,2019_2020,False,2020-07-01
8bc19ec6-ac0,2021-07-01,2020_2021,2019_2020,False,2020-07-01
93f71f56-980,2021-07-01,2020_2021,2019_2020,False,2020-07-01
22dee879-297,2021-07-01,2020_2021,2019_2020,False,2020-07-01
d3ef6420-79e,2021-07-01,2020_2021,2019_2020,False,2020-07-01
098677ad-2e1,2021-07-01,2020_2021,2019_2020,False,2020-07-01
ffc6fd70-6f2,2021-07-01,2020_2021,2019_2020,False,2020-07-01
60775938-351,2021-07-01,2020_2021,2019_2020,False,2020-07-01
5ba201b4-932,2021-07-01,2020_2021,2019_2020,False,2020-07-01
3ef02ef6-623,2021-07-01,2020_2021,2019_2020,False,2020-07-01
52c5517a-1fc,2021-07-01,2020_2021,2019_2020,False,2020-07-01
e7c38afb-ae3,2021-07-01,2020_2021,2019_2020,False,2020-07-01
165ff125-d80,2021-07-01,2020_2021,2019_2020,False,2020-07-01
fa69744d-26c,2021-07-01,2020_2021,2019_2020,False,2020-07-01
0e455989-f25,2021-07-01,2020_2021,2019_2020,False,2020-07-01
ae51da7a-70b,2021-07-01,2020_2021,2019_2020,False,2020-07-01
e681c97e-650,2021-07-01,2020_2021,2019_2020,False,2020-07-01
80f936d6-08a,2021-07-01,2020_2021,2019_2020,False,2020-07-01
0c216cb0-392,2021-07-01,2020_2021,2019_2020,False,2020-07-01
045c2607-14b,2021-07-01,2020_2021,2019_2020,False,2020-07-01
9726a834-78a,2021-07-01,2020_2021,2019_2020,False,2020-07-01
29848a20-f89,2021-07-01,2020_2021,2019_2020,False,2020-07-01
4409f487-fcf,2021-07-01,2020_2021,2019_2020,False,2020-07-01
8785e3f4-ffd,2021-07-01,2020_2021,2019_2020,False,2020-07-01
31601f76-de8,2021-07-01,2020_2021,2019_2020,False,2020-07-01
fa2d7f6d-324,2021-07-01,2020_2021,2019_2020,False,2020-07-01
4b394a5c-86b,2021-07-01,2020_2021,2019_2020,False,2020-07-01
8e0e9bf8-670,2021-07-01,2020_2021,2019_2020,False,2020-07-01
6965c240-990,2021-07-01,2020_2021,2019_2020,False,2020-07-01
489fc010-6ae,2021-07-01,2020_2021,2019_2020,False,2020-07-01
d82b1950-47a,2021-07-01,2020_2021,2019_2020,False,2020-07-01
6aafe572-0c6,2021-07-01,2020_2021,2019_2020,False,2020-07-01
64cd6fe6-921,2021-07-01,2020_2021,2019_2020,False,2020-07-01
8ffff09c-f4b,2021-07-01,2020_2021,2019_2020,False,2020-07-01
07a11aef-692,2021-07-01,2020_2021,2019_2020,False,2020-07-01
609db557-721,2021-07-01,2020_2021,2019_2020,False,2020-07-01
44ab6386-ae8,2021-07-01,2020_2021,2019_2020,False,2020-07-01
1ee91c39-b7b,2021-07-01,2020_2021,2019_2020,False,2020-07-01
bfb3cf63-a80,2021-07-01,2020_2021,2019_2020,False,2020-07-01
610332b5-e15,2021-07-01,2020_2021,2019_2020,False,2020-07-01
9dfce3db-cd3,2021-07-01,2020_2021,2019_2020,False,2020-07-01
7335cf7f-8c9,2021-07-01,2020_2021,2019_2020,False,2020-07-01
2016be26-086,2021-07-01,2020_2021,2019_2020,False,2020-07-01
ace9e838-470,2021-07-01,2020_2021,2019_2020,False,2020-07-01
54bde75c-15d,2021-07-01,2020_2021,2019_2020,False,2020-07-01
883f714f-175,2021-07-01,2020_2021,2019_2020,False,2020-07-01
63605e29-338,2021-07-01,2020_2021,2019_2020,False,2020-07-01
e247184b-811,2021-07-01,2020_2021,2019_2020,False,2020-07-01
0f89dd6d-394,2021-07-01,2020_2021,2019_2020,False,2020-07-01
79554187-592,2021-07-01,2020_2021,2019_2020,False,2020-07-01
43b36245-a0e,2021-07-01,2020_2021,2019_2020,False,2020-07-01
42344825-69d,2021-07-01,2020_2021,2019_2020,False,2020-07-01
88dc694e-d89,2021-07-01,2020_2021,2019_2020,False,2020-07-01
8e1f814d-6b8,2021-07-01,2020_2021,2019_2020,False,2020-07-01
a3e069c6-2a5,2021-07-01,2020_2021,2019_2020,False,2020-07-01
27d6c920-a0e,2021-07-01,2020_2021,2019_2020,False,2020-07-01
a042cc09-bc8,2021-07-01,2020_2021,2019_2020,False,2020-07-01
9f8a9ec5-e50,2021-07-01,2020_2021,2019_2020,False,2020-07-01
a3053a5c-ff1,2021-07-01,2020_2021,2019_2020,False,2020-07-01
c82c4121-741,2021-07-01,2020_2021,2019_2020,False,2020-07-01
366e0e1c-2d4,2021-07-01,2020_2021,2019_2020,False,2020-07-01
d75aadfa-9fd,2021-07-01,2020_2021,2019_2020,False,2020-07-01
bff05486-28f,2021-07-01,2020_2021,2019_2020,False,2020-07-01
5282e701-56b,2021-07-01,2020_2021,2019_2020,False,2020-07-01
ae97f314-cce,2021-07-01,2020_2021,2019_2020,False,2020-07-01
0674276a-ea4,2021-07-01,2020_2021,2019_2020,False,2020-07-01
7e941382-e55,2021-07-01,2020_2021,2019_2020,False,2020-07-01
5141b087-aab,2021-07-01,2020_2021,2019_2020,False,2020-07-01
f3a17515-0f8,2021-07-01,2020_2021,2019_2020,False,2020-07-01
37220a0d-58b,2021-07-01,2020_2021,2019_2020,False,2020-07-01
441ba487-03c,2021-07-01,2020_2021,2019_2020,False,2020-07-01
f4e2b27a-8c8,2021-07-01,2020_2021,2019_2020,False,2020-07-01
a2cd8aba-bd9,2021-07-01,2020_2021,2019_2020,False,2020-07-01
f240e77d-fd7,2021-07-01,2020_2021,2019_2020,False,2020-07-01
6fe11ee7-03d,2021-07-01,2020_2021,2019_2020,False,2020-07-01
29252825-bf0,2021-07-01,2020_2021,2019_2020,False,2020-07-01
64ec51d6-78b,2021-07-01,2020_2021,2019_2020,False,2020-07-01
6ff292ff-032,2021-07-01,2020_2021,2019_2020,False,2020-07-01
457af567-7d7,2021-07-01,2020_2021,2019_2020,False,2020-07-01
87f69d48-3a9,2021-07-01,2020_2021,2019_2020,False,2020-07-01
c594277f-920,2021-07-01,2020_2021,2019_2020,False,2020-07-01
29e6305b-d58,2021-07-01,2020_2021,2019_2020,False,2020-07-01
62c025fb-e75,2021-07-01,2020_2021,2019_2020,False,2020-07-01
8b9ef9c3-249,2021-07-01,2020_2021,2019_2020,False,2020-07-01
78427ce2-eb9,2021-07-01,2020_2021,2019_2020,False,2020-07-01
bbe16a73-0c5,2021-07-01,2020_2021,2019_2020,False,2020-07-01
aa44a4cb-1c2,2021-07-01,2020_2021,2019_2020,False,2020-07-01
76f85f7d-38b,2021-07-01,2020_2021,2019_2020,False,2020-07-01
5007b36b-cf3,2021-07-01,2020_2021,2019_2020,False,2020-07-01
78bf8612-a5d,2021-07-01,2020_2021,2019_2020,False,2020-07-01
e243b739-bfd,2021-07-01,2020_2021,2019_2020,False,2020-07-01
4134790f-f36,2021-07-01,2020_2021,2019_2020,False,2020-07-01
24b11dd6-765,2022-07-01,2021_2022,2020_2021,False,2021-07-01
26e9dc27-a03,2022-07-01,2021_2022,2020_2021,False,2021-07-01
b16fb33d-063,2022-07-01,2021_2022,2020_2021,False,2021-07-01
d4967922-812,2022-07-01,2021_2022,2020_2021,False,2021-07-01
81f3eefd-b6c,2022-07-01,2021_2022,2020_2021,False,2021-07-01
c265feb3-098,2022-07-01,2021_2022,2020_2021,False,2021-07-01
836adabd-fc5,2022-07-01,2021_2022,2020_2021,False,2021-07-01
e5b85102-e43,2022-07-01,2021_2022,2020_2021,False,2021-07-01
ca9eca46-1d6,2022-07-01,2021_2022,2020_2021,False,2021-07-01
ab0bb941-bda,2022-07-01,2021_2022,2020_2021,False,2021-07-01
36752228-044,2022-07-01,2021_2022,2020_2021,False,2021-07-01
350f991e-602,2022-07-01,2021_2022,2020_2021,False,2021-07-01
4f6cf34e-1ee,2022-07-01,2021_2022,2020_2021,False,2021-07-01
f5ff19f7-6fb,2022-07-01,2021_2022,2020_2021,False,2021-07-01
dbd8a644-dee,2022-07-01,2021_2022,2020_2021,False,2021-07-01
0be7c00c-bcd,2022-07-01,2021_2022,2020_2021,False,2021-07-01
0c618c2d-eb5,2022-07-01,2021_2022,2020_2021,False,2021-07-01
5510fed8-97a,2022-07-01,2021_2022,2020_2021,False,2021-07-01
839f547a-f9f,2022-07-01,2021_2022,2020_2021,False,2021-07-01
7ca34836-30f,2022-07-01,2021_2022,2020_2021,False,2021-07-01
4436e00c-da7,2022-07-01,2021_2022,2020_2021,False,2021-07-01
fa61816e-cf4,2022-07-01,2021_2022,2020_2021,False,2021-07-01
9a292cb5-56b,2022-07-01,2021_2022,2020_2021,False,2021-07-01
5585f40f-cd2,2022-07-01,2021_2022,2020_2021,False,2021-07-01
1413dd62-928,2022-07-01,2021_2022,2020_2021,False,2021-07-01
b9aa9021-3cf,2022-07-01,2021_2022,2020_2021,False,2021-07-01
6957c931-ecf,2022-07-01,2021_2022,2020_2021,False,2021-07-01
24c52738-bc2,2022-07-01,2021_2022,2020_2021,False,2021-07-01
c9a2bf2a-9d1,2022-07-01,2021_2022,2020_2021,False,2021-07-01
7233b254-be0,2022-07-01,2021_2022,2020_2021,False,2021-07-01
93b18501-ba9,2022-07-01,2021_2022,2020_2021,False,2021-07-01
7ea290b2-bd6,2022-07-01,2021_2022,2020_2021,False,2021-07-01
7e613591-870,2022-07-01,2021_2022,2020_2021,False,2021-07-01
b971a359-067,2022-07-01,2021_2022,2020_2021,False,2021-07-01
85142864-db9,2022-07-01,2021_2022,2020_2021,False,2021-07-01
497109c0-5b8,2022-07-01,2021_2022,2020_2021,False,2021-07-01
080a496b-8ef,2022-07-01,2021_2022,2020_2021,False,2021-07-01
4849af33-fa5,2022-07-01,2021_2022,2020_2021,False,2021-07-01
79690847-e49,2022-07-01,2021_2022,2020_2021,False,2021-07-01
7b88f0a0-fbd,2022-07-01,2021_2022,2020_2021,False,2021-07-01
ca390395-de4,2022-07-01,2021_2022,2020_2021,False,2021-07-01
534ce60f-a10,2022-07-01,2021_2022,2020_2021,False,2021-07-01
695b068c-34b,2022-07-01,2021_2022,2020_2021,False,2021-07-01
68e8571a-7f1,2022-07-01,2021_2022,2020_2021,False,2021-07-01
67990a39-db2,2022-07-01,2021_2022,2020_2021,False,2021-07-01
3f23eee8-09e,2022-07-01,2021_2022,2020_2021,False,2021-07-01
5500a786-d4c,2022-07-01,2021_2022,2020_2021,False,2021-07-01
d913af40-0af,2022-07-01,2021_2022,2020_2021,False,2021-07-01
29b7245a-57e,2022-07-01,2021_2022,2020_2021,False,2021-07-01
3274024e-bb0,2022-07-01,2021_2022,2020_2021,False,2021-07-01
14d34aed-fbd,2022-07-01,2021_2022,2020_2021,False,2021-07-01
f963c19c-2c4,2022-07-01,2021_2022,2020_2021,False,2021-07-01
e739a37e-1e6,2022-07-01,2021_2022,2020_2021,False,2021-07-01
abb5104b-b3b,2022-07-01,2021_2022,2020_2021,False,2021-07-01
e2a6013f-c26,2022-07-01,2021_2022,2020_2021,False,2021-07-01
6cf68cc4-20a,2022-07-01,2021_2022,2020_2021,False,2021-07-01
958a569b-884,2022-07-01,2021_2022,2020_2021,False,2021-07-01
2c3a37cd-bba,2022-07-01,2021_2022,2020_2021,False,2021-07-01
482963f2-e90,2022-07-01,2021_2022,2020_2021,False,2021-07-01
e720cdb1-356,2022-07-01,2021_2022,2020_2021,False,2021-07-01
0b6e362e-06f,2022-07-01,2021_2022,2020_2021,False,2021-07-01
990cc88a-dac,2022-07-01,2021_2022,2020_2021,False,2021-07-01
f53e32e2-15c,2022-07-01,2021_2022,2020_2021,False,2021-07-01
0ac91384-c6a,2022-07-01,2021_2022,2020_2021,False,2021-07-01
58fae245-302,2022-07-01,2021_2022,2020_2021,False,2021-07-01
92cccd04-d4e,2022-07-01,2021_2022,2020_2021,False,2021-07-01
1140d63f-0d8,2022-07-01,2021_2022,2020_2021,False,2021-07-01
76d0ef65-751,2022-07-01,2021_2022,2020_2021,False,2021-07-01
419db4e2-e2f,2022-07-01,2021_2022,2020_2021,False,2021-07-01
e42e95ac-24b,2022-07-01,2021_2022,2020_2021,False,2021-07-01
ced7d67a-dd2,2022-07-01,2021_2022,2020_2021,False,2021-07-01
584503d9-235,2022-07-01,2021_2022,2020_2021,False,2021-07-01
ba1de6db-d9f,2022-07-01,2021_2022,2020_2021,False,2021-07-01
2d58dc69-036,2022-07-01,2021_2022,2020_2021,False,2021-07-01
da9a4084-dd9,2022-07-01,2021_2022,2020_2021,False,2021-07-01
ec813762-744,2022-07-01,2021_2022,2020_2021,False,2021-07-01
9a5534a6-8db,2022-07-01,2021_2022,2020_2021,False,2021-07-01
070ee97e-88f,2022-07-01,2021_2022,2020_2021,False,2021-07-01
33d202ad-5e1,2022-07-01,2021_2022,2020_2021,False,2021-07-01
7a026086-b67,2022-07-01,2021_2022,2020_2021,False,2021-07-01
d3f1c7a0-de6,2022-07-01,2021_2022,2020_2021,False,2021-07-01
b430923c-fde,2022-07-01,2021_2022,2020_2021,False,2021-07-01
d4a6141e-ada,2022-07-01,2021_2022,2020_2021,False,2021-07-01
41a4c4dc-264,2022-07-01,2021_2022,2020_2021,False,2021-07-01
5e20c94d-7fa,2022-07-01,2021_2022,2020_2021,False,2021-07-01
de90c820-e57,2022-07-01,2021_2022,2020_2021,False,2021-07-01
675e1599-c45,2022-07-01,2021_2022,2020_2021,False,2021-07-01
4e4560aa-4e0,2022-07-01,2021_2022,2020_2021,False,2021-07-01
a2de6620-d33,2022-07-01,2021_2022,2020_2021,False,2021-07-01
3873b8e5-7ca,2022-07-01,2021_2022,2020_2021,False,2021-07-01
9e64cdc6-baa,2022-07-01,2021_2022,2020_2021,False,2021-07-01
3590e033-6c1,2022-07-01,2021_2022,2020_2021,False,2021-07-01
5cb9e7a9-e07,2022-07-01,2021_2022,2020_2021,False,2021-07-01
86e25179-44b,2022-07-01,2021_2022,2020_2021,False,2021-07-01
e1e0dd4e-bb1,2022-07-01,2021_2022,2020_2021,False,2021-07-01
28def603-6d4,2022-07-01,2021_2022,2020_2021,False,2021-07-01
d3df952e-dde,2022-07-01,2021_2022,2020_2021,False,2021-07-01
36303f0a-90a,2022-07-01,2021_2022,2020_2021,False,2021-07-01
863016da-945,2022-07-01,2021_2022,2020_2021,False,2021-07-01
40b033c1-89b,2022-07-01,2021_2022,2020_2021,False,2021-07-01
6de97bf6-13d,2022-07-01,2021_2022,2020_2021,False,2021-07-01
95d7cb54-80a,2022-07-01,2021_2022,2020_2021,False,2021-07-01
e6e431e0-6c5,2022-07-01,2021_2022,2020_2021,False,2021-07-01
e84fd0ba-be2,2022-07-01,2021_2022,2020_2021,False,2021-07-01
5ddbbebf-333,2022-07-01,2021_2022,2020_2021,False,2021-07-01
9cab31b4-ee4,2022-07-01,2021_2022,2020_2021,False,2021-07-01
0422eec4-69d,2022-07-01,2021_2022,2020_2021,False,2021-07-01
3e5d55b6-ccb,2022-07-01,2021_2022,2020_2021,False,2021-07-01
b383fda9-b7f,2022-07-01,2021_2022,2020_2021,False,2021-07-01
bcaf079f-1e9,2022-07-01,2021_2022,2020_2021,False,2021-07-01
e7daecc5-01a,2022-07-01,2021_2022,2020_2021,False,2021-07-01
9bea1f1f-3b5,2022-07-01,2021_2022,2020_2021,False,2021-07-01
fb9aa658-af2,2022-07-01,2021_2022,2020_2021,False,2021-07-01
6e61787f-c3c,2022-07-01,2021_2022,2020_2021,False,2021-07-01
77315422-539,2022-07-01,2021_2022,2020_2021,False,2021-07-01
a11c7099-3e2,2022-07-01,2021_2022,2020_2021,False,2021-07-01
22c33bf4-b3b,2022-07-01,2021_2022,2020_2021,False,2021-07-01
d4b02890-29b,2022-07-01,2021_2022,2020_2021,False,2021-07-01
c32468d4-7e5,2022-07-01,2021_2022,2020_2021,False,2021-07-01
240e090b-54e,2022-07-01,2021_2022,2020_2021,False,2021-07-01
9cb10191-2ab,2022-07-01,2021_2022,2020_2021,False,2021-07-01
fde8a017-8de,2022-07-01,2021_2022,2020_2021,False,2021-07-01
66fbf265-2d7,2022-07-01,2021_2022,2020_2021,False,2021-07-01
00809ca8-46a,2022-07-01,2021_2022,2020_2021,False,2021-07-01
4fb31e7d-ee4,2022-07-01,2021_2022,2020_2021,False,2021-07-01
9e9e17de-177,2022-07-01,2021_2022,2020_2021,False,2021-07-01
cdb699ff-8c6,2022-07-01,2021_2022,2020_2021,False,2021-07-01
d33a7269-36d,2022-07-01,2021_2022,2020_2021,False,2021-07-01
bddae300-891,2022-07-01,2021_2022,2020_2021,False,2021-07-01
2af470d1-892,2022-07-01,2021_2022,2020_2021,False,2021-07-01
fe151bd9-c29,2022-07-01,2021_2022,2020_2021,False,2021-07-01
d91d706a-cf2,2022-07-01,2021_2022,2020_2021,False,2021-07-01
538583b8-7d9,2022-07-01,2021_2022,2020_2021,False,2021-07-01
bf994641-1b5,2022-07-01,2021_2022,2020_2021,False,2021-07-01
66c31e00-40d,2022-07-01,2021_2022,2020_2021,False,2021-07-01
3b937c34-bb8,2022-07-01,2021_2022,2020_2021,False,2021-07-01
df22706a-929,2022-07-01,2021_2022,2020_2021,False,2021-07-01
a966c0e6-362,2022-07-01,2021_2022,2020_2021,False,2021-07-01
b1872de7-5b3,2022-07-01,2021_2022,2020_2021,False,2021-07-01
870fe68c-713,2022-07-01,2021_2022,2020_2021,False,2021-07-01
e531b51c-e16,2022-07-01,2021_2022,2020_2021,False,2021-07-01
94e10ca9-d26,2022-07-01,2021_2022,2020_2021,False,2021-07-01
57dbbdea-4d9,2022-07-01,2021_2022,2020_2021,False,2021-07-01
bfbcf9e8-780,2022-07-01,2021_2022,2020_2021,False,2021-07-01
58e54745-b89,2022-07-01,2021_2022,2020_2021,False,2021-07-01
56f2361e-b0a,2022-07-01,2021_2022,2020_2021,False,2021-07-01
8d2f8877-076,2022-07-01,2021_2022,2020_2021,False,2021-07-01
62ca93cb-81a,2022-07-01,2021_2022,2020_2021,False,2021-07-01
92acb1fd-00d,2022-07-01,2021_2022,2020_2021,False,2021-07-01
d90faad1-bb7,2022-07-01,2021_2022,2020_2021,False,2021-07-01
22815b86-708,2022-07-01,2021_2022,2020_2021,False,2021-07-01
4bb36993-d44,2022-07-01,2021_2022,2020_2021,False,2021-07-01
985729de-680,2022-07-01,2021_2022,2020_2021,False,2021-07-01
42d44673-d4a,2022-07-01,2021_2022,2020_2021,False,2021-07-01
2742cade-8b1,2022-07-01,2021_2022,2020_2021,False,2021-07-01
72e172a6-d81,2022-07-01,2021_2022,2020_2021,False,2021-07-01
f30ffbb0-fde,2022-07-01,2021_2022,2020_2021,False,2021-07-01
de1f722f-1e8,2022-07-01,2021_2022,2020_2021,False,2021-07-01
c1a7dd08-e58,2023-07-01,2022_2023,2021_2022,False,2022-07-01
54d45369-044,2023-07-01,2022_2023,2021_2022,False,2022-07-01
88201ceb-dfe,2023-07-01,2022_2023,2021_2022,False,2022-07-01
dac86c95-f54,2023-07-01,2022_2023,2021_2022,False,2022-07-01
9e95e3b7-1fc,2023-07-01,2022_2023,2021_2022,False,2022-07-01
a48bf9eb-2c0,2023-07-01,2022_2023,2021_2022,False,2022-07-01
4583de3d-da9,2023-07-01,2022_2023,2021_2022,False,2022-07-01
c8a18ddb-8e1,2023-07-01,2022_2023,2021_2022,False,2022-07-01
0e3a0ef8-4c3,2023-07-01,2022_2023,2021_2022,False,2022-07-01
f8777772-41f,2023-07-01,2022_2023,2021_2022,False,2022-07-01
b3d42ec8-865,2023-07-01,2022_2023,2021_2022,False,2022-07-01
a29e5b73-0cb,2023-07-01,2022_2023,2021_2022,False,2022-07-01
78b4abec-93e,2023-07-01,2022_2023,2021_2022,False,2022-07-01
00e671e3-17e,2023-07-01,2022_2023,2021_2022,False,2022-07-01
1051ce12-c8f,2023-07-01,2022_2023,2021_2022,False,2022-07-01
fe100021-3a6,2023-07-01,2022_2023,2021_2022,False,2022-07-01
149e24ad-a8d,2023-07-01,2022_2023,2021_2022,False,2022-07-01
a8ffc014-817,2023-07-01,2022_2023,2021_2022,False,2022-07-01
a2477645-d2f,2023-07-01,2022_2023,2021_2022,False,2022-07-01
ef1e72e6-f58,2023-07-01,2022_2023,2021_2022,False,2022-07-01
dc64d863-a7a,2023-07-01,2022_2023,2021_2022,False,2022-07-01
6347e4a2-fc8,2023-07-01,2022_2023,2021_2022,False,2022-07-01
94fcbc7b-314,2023-07-01,2022_2023,2021_2022,False,2022-07-01
509a457d-baa,2023-07-01,2022_2023,2021_2022,False,2022-07-01
c190c494-247,2023-07-01,2022_2023,2021_2022,False,2022-07-01
35c262bf-5e3,2023-07-01,2022_2023,2021_2022,False,2022-07-01
a497fb5a-9c2,2023-07-01,2022_2023,2021_2022,False,2022-07-01
541ada00-87e,2023-07-01,2022_2023,2021_2022,False,2022-07-01
e1d3b799-e43,2023-07-01,2022_2023,2021_2022,False,2022-07-01
e2d71403-851,2023-07-01,2022_2023,2021_2022,False,2022-07-01
0ebd5d0d-2e0,2023-07-01,2022_2023,2021_2022,False,2022-07-01
17bc8516-81d,2023-07-01,2022_2023,2021_2022,False,2022-07-01
9d2f0e80-c85,2023-07-01,2022_2023,2021_2022,False,2022-07-01
69183272-1b8,2023-07-01,2022_2023,2021_2022,False,2022-07-01
483c60a8-cbb,2023-07-01,2022_2023,2021_2022,False,2022-07-01
0a43fd85-e79,2023-07-01,2022_2023,2021_2022,False,2022-07-01
f6f4f29e-f60,2023-07-01,2022_2023,2021_2022,False,2022-07-01
a0ab3e18-023,2023-07-01,2022_2023,2021_2022,False,2022-07-01
896898a3-710,2023-07-01,2022_2023,2021_2022,False,2022-07-01
37127a1a-9df,2023-07-01,2022_2023,2021_2022,False,2022-07-01
3bb372b0-b9c,2023-07-01,2022_2023,2021_2022,False,2022-07-01
f34335b9-be4,2023-07-01,2022_2023,2021_2022,False,2022-07-01
52634dec-2b9,2023-07-01,2022_2023,2021_2022,False,2022-07-01
26785b01-d8c,2023-07-01,2022_2023,2021_2022,False,2022-07-01
518464b2-459,2023-07-01,2022_2023,2021_2022,False,2022-07-01
d9ca42ca-44d,2023-07-01,2022_2023,2021_2022,False,2022-07-01
99156671-3f7,2023-07-01,2022_2023,2021_2022,False,2022-07-01
6c78d2dd-766,2023-07-01,2022_2023,2021_2022,False,2022-07-01
e8492213-f08,2023-07-01,2022_2023,2021_2022,False,2022-07-01
dd18e047-15c,2023-07-01,2022_2023,2021_2022,False,2022-07-01
3a256fc2-211,2023-07-01,2022_2023,2021_2022,False,2022-07-01
ab79133e-8bd,2023-07-01,2022_2023,2021_2022,False,2022-07-01
4d87fc6f-7cc,2023-07-01,2022_2023,2021_2022,False,2022-07-01
f07c058e-6f4,2023-07-01,2022_2023,2021_2022,False,2022-07-01
871ddf95-99e,2023-07-01,2022_2023,2021_2022,False,2022-07-01
a83bc9b7-a13,2023-07-01,2022_2023,2021_2022,False,2022-07-01
4b575ca4-647,2023-07-01,2022_2023,2021_2022,False,2022-07-01
4e292529-63f,2023-07-01,2022_2023,2021_2022,False,2022-07-01
757fefc7-363,2023-07-01,2022_2023,2021_2022,False,2022-07-01
ccc720a4-df5,2023-07-01,2022_2023,2021_2022,False,2022-07-01
1398d45f-0c2,2023-07-01,2022_2023,2021_2022,False,2022-07-01
25b29d50-7ca,2023-07-01,2022_2023,2021_2022,False,2022-07-01
3b8739b0-dac,2023-07-01,2022_2023,2021_2022,False,2022-07-01
cf10daeb-01a,2023-07-01,2022_2023,2021_2022,False,2022-07-01
54303dfe-bf2,2023-07-01,2022_2023,2021_2022,False,2022-07-01
6c68620a-e1e,2023-07-01,2022_2023,2021_2022,False,2022-07-01
a768ded3-e56,2023-07-01,2022_2023,2021_2022,False,2022-07-01
ba32148b-3e6,2023-07-01,2022_2023,2021_2022,False,2022-07-01
464c2457-cf4,2023-07-01,2022_2023,2021_2022,False,2022-07-01
edc76c96-c3d,2023-07-01,2022_2023,2021_2022,False,2022-07-01
6ab92dd8-ab6,2023-07-01,2022_2023,2021_2022,False,2022-07-01
1e9bbf8d-59f,2023-07-01,2022_2023,2021_2022,False,2022-07-01
773db062-c86,2023-07-01,2022_2023,2021_2022,False,2022-07-01
07311857-295,2023-07-01,2022_2023,2021_2022,False,2022-07-01
09ea30e8-7d1,2023-07-01,2022_2023,2021_2022,False,2022-07-01
74b04fa1-962,2023-07-01,2022_2023,2021_2022,False,2022-07-01
72bef236-ca4,2023-07-01,2022_2023,2021_2022,False,2022-07-01
4a4e6b16-591,2023-07-01,2022_2023,2021_2022,False,2022-07-01
6e3dfb53-1ae,2023-07-01,2022_2023,2021_2022,False,2022-07-01
50d0dc1a-b44,2023-07-01,2022_2023,2021_2022,False,2022-07-01
7e13a033-88d,2023-07-01,2022_2023,2021_2022,False,2022-07-01
2b026b09-943,2023-07-01,2022_2023,2021_2022,False,2022-07-01
6962df7c-381,2023-07-01,2022_2023,2021_2022,False,2022-07-01
073a0ba3-5c9,2023-07-01,2022_2023,2021_2022,False,2022-07-01
bf1db271-70f,2023-07-01,2022_2023,2021_2022,False,2022-07-01
fbbf1467-5fc,2023-07-01,2022_2023,2021_2022,False,2022-07-01
f361a6a7-825,2023-07-01,2022_2023,2021_2022,False,2022-07-01
ec9f8db1-38a,2023-07-01,2022_2023,2021_2022,False,2022-07-01
169df465-7ca,2023-07-01,2022_2023,2021_2022,False,2022-07-01
82142c44-d86,2023-07-01,2022_2023,2021_2022,False,2022-07-01
c8e642f5-519,2023-07-01,2022_2023,2021_2022,False,2022-07-01
68ecbe05-a7d,2023-07-01,2022_2023,2021_2022,False,2022-07-01
a052ab50-560,2023-07-01,2022_2023,2021_2022,False,2022-07-01
8f93dd81-dd9,2023-07-01,2022_2023,2021_2022,False,2022-07-01
bacb1d89-3e4,2023-07-01,2022_2023,2021_2022,False,2022-07-01
a1456446-587,2023-07-01,2022_2023,2021_2022,False,2022-07-01
97b617ee-df7,2023-07-01,2022_2023,2021_2022,False,2022-07-01
efb66352-d0b,2023-07-01,2022_2023,2021_2022,False,2022-07-01
d0c943b3-3ef,2023-07-01,2022_2023,2021_2022,False,2022-07-01
5c101d25-6ca,2023-07-01,2022_2023,2021_2022,False,2022-07-01
c53108c2-c98,2023-07-01,2022_2023,2021_2022,False,2022-07-01
7f55d193-f89,2023-07-01,2022_2023,2021_2022,False,2022-07-01
31b7876c-abf,2023-07-01,2022_2023,2021_2022,False,2022-07-01
db115620-4e6,2023-07-01,2022_2023,2021_2022,False,2022-07-01
56425748-d61,2023-07-01,2022_2023,2021_2022,False,2022-07-01
58aba544-e1b,2023-07-01,2022_2023,2021_2022,False,2022-07-01
ce3323a8-f08,2023-07-01,2022_2023,2021_2022,False,2022-07-01
4a02c501-b89,2023-07-01,2022_2023,2021_2022,False,2022-07-01
74ca4185-f1a,2023-07-01,2022_2023,2021_2022,False,2022-07-01
ccb018bf-1a5,2023-07-01,2022_2023,2021_2022,False,2022-07-01
396f0f67-5b0,2023-07-01,2022_2023,2021_2022,False,2022-07-01
5b2ac98a-f23,2023-07-01,2022_2023,2021_2022,False,2022-07-01
595d9283-c38,2023-07-01,2022_2023,2021_2022,False,2022-07-01
019aa3fb-1af,2023-07-01,2022_2023,2021_2022,False,2022-07-01
6aefa8f8-a44,2023-07-01,2022_2023,2021_2022,False,2022-07-01
b926979b-67a,2023-07-01,2022_2023,2021_2022,False,2022-07-01
e5b70e53-5e4,2023-07-01,2022_2023,2021_2022,False,2022-07-01
1b2925bc-5f8,2023-07-01,2022_2023,2021_2022,False,2022-07-01
46ae5564-9d8,2023-07-01,2022_2023,2021_2022,False,2022-07-01
1b5e0286-0c8,2023-07-01,2022_2023,2021_2022,False,2022-07-01
1cd01e80-531,2023-07-01,2022_2023,2021_2022,False,2022-07-01
eed8876e-c4a,2023-07-01,2022_2023,2021_2022,False,2022-07-01
6c4749c8-a5d,2023-07-01,2022_2023,2021_2022,False,2022-07-01
39c81c44-b25,2023-07-01,2022_2023,2021_2022,False,2022-07-01
859aa847-855,2023-07-01,2022_2023,2021_2022,False,2022-07-01
c08bb3ad-1b0,2023-07-01,2022_2023,2021_2022,False,2022-07-01
e7f5eb50-f60,2023-07-01,2022_2023,2021_2022,False,2022-07-01
ab86c77a-6bf,2023-07-01,2022_2023,2021_2022,False,2022-07-01
958f5188-14a,2023-07-01,2022_2023,2021_2022,False,2022-07-01
a82ec5c1-fec,2023-07-01,2022_2023,2021_2022,False,2022-07-01
9365b7f5-204,2023-07-01,2022_2023,2021_2022,False,2022-07-01
d8f1b517-189,2023-07-01,2022_2023,2021_2022,False,2022-07-01
abae9b78-87a,2023-07-01,2022_2023,2021_2022,False,2022-07-01
7208ae95-6c6,2023-07-01,2022_2023,2021_2022,False,2022-07-01
f80b66bb-f4b,2023-07-01,2022_2023,2021_2022,False,2022-07-01
df82fb71-ee1,2023-07-01,2022_2023,2021_2022,False,2022-07-01
f2fde5fd-12b,2023-07-01,2022_2023,2021_2022,False,2022-07-01
e33527f7-065,2023-07-01,2022_2023,2021_2022,False,2022-07-01
0b514391-688,2023-07-01,2022_2023,2021_2022,False,2022-07-01
b17a3937-58d,2023-07-01,2022_2023,2021_2022,False,2022-07-01
2887f0a3-fa7,2023-07-01,2022_2023,2021_2022,False,2022-07-01
0cbf0008-2d8,2023-07-01,2022_2023,2021_2022,False,2022-07-01
a8762d92-20e,2023-07-01,2022_2023,2021_2022,False,2022-07-01
10aca4b0-535,2023-07-01,2022_2023,2021_2022,False,2022-07-01
3890aacc-5bd,2023-07-01,2022_2023,2021_2022,False,2022-07-01
bed0624d-1b6,2023-07-01,2022_2023,2021_2022,False,2022-07-01
f017d2a2-683,2023-07-01,2022_2023,2021_2022,False,2022-07-01
b0c96c32-11c,2023-07-01,2022_2023,2021_2022,False,2022-07-01
fa5be034-2df,2023-07-01,2022_2023,2021_2022,False,2022-07-01
f69ae9bd-e0f,2023-07-01,2022_2023,2021_2022,False,2022-07-01
6d780a9d-442,2023-07-01,2022_2023,2021_2022,False,2022-07-01
