transfer_id,master_player_id,season_id,transfer_date,fee_gbp,log_fee_gbp,age_at_transfer,age_squared,position,position_raw,nationality,selling_club_id,prev_season_points,prev_season_points_per_match,prev_season_gd,prev_season_minutes,low_minutes_flag,prev_season_goals,prev_season_goals_per90,prev_season_xg_per90
82119055-511,plr_c4eee7e9,2021_2022,2021-07-01,15015000.0,16.5246,21.0,441.0,MIDFIELDER,Central Midfield,Belgium,UNKNOWN,,,,,UNKNOWN,,,
2b6e6fad-762,plr_2f940889,2021_2022,2021-07-01,6864000.0,15.7418,21.0,441.0,DEFENDER,Left-Back,Portugal,UNKNOWN,,,,,UNKNOWN,,,
97977a37-fdf,plr_4ffb3b78,2021_2022,2021-07-01,1544400.0,14.2501,23.0,529.0,DEFENDER,Centre-Back,United States,UNKNOWN,,,,,UNKNOWN,,,
ffa1a7c8-db4,plr_0906ccc5,2021_2022,2021-07-01,1287000.0,14.0678,18.0,324.0,MIDFIELDER,Attacking Midfield,Jamaica,club_1fcc1eb6,,,,,UNKNOWN,,,
3588c97f-31d,plr_db3e4d24,2021_2022,2021-07-01,6864000.0,15.7418,20.0,400.0,FORWARD,Left Winger,Senegal,club_b361f3db,,,,,UNKNOWN,,,
bf93788f-294,plr_5160f89c,2021_2022,2021-07-01,6006000.0,15.6083,25.0,625.0,FORWARD,Centre-Forward,Germany,UNKNOWN,,,,,UNKNOWN,,,
321a29bc-6b1,plr_45a492d9,2021_2022,2021-07-01,4290000.0,15.2718,22.0,484.0,GOALKEEPER,Goalkeeper,Netherlands,UNKNOWN,,,,,UNKNOWN,,,
19747108-0d9,plr_988eb4f3,2021_2022,2021-07-01,497640.0,13.1176,19.0,361.0,FORWARD,Left Winger,Ecuador,UNKNOWN,,,,,UNKNOWN,,,
04eba971-cbb,plr_e731ddbc,2021_2022,2021-07-01,15015000.0,16.5246,29.0,841.0,FORWARD,Centre-Forward,Netherlands,UNKNOWN,,,,,UNKNOWN,,,
ac46a59f-63c,plr_71160be8,2021_2022,2021-07-01,12012000.0,16.3014,20.0,400.0,DEFENDER,Centre-Back,Ireland,club_b361f3db,,,,,UNKNOWN,,,
13e60a1d-d09,plr_1bcba81d,2021_2022,2021-07-01,2488200.0,14.7271,25.0,625.0,DEFENDER,Right-Back,Wales,UNKNOWN,,,,,UNKNOWN,,,
ec4674ed-96d,plr_fc6f36b5,2021_2022,2021-07-01,25740000.0,17.0636,30.0,900.0,FORWARD,Centre-Forward,New Zealand,club_48b91a73,,,,,UNKNOWN,,,
0915fc1e-0b6,plr_1928550d,2021_2022,2021-07-01,96954000.0,18.3897,28.0,784.0,FORWARD,Centre-Forward,Belgium,UNKNOWN,,,,,UNKNOWN,,,
53dfff7d-35d,plr_a48b4fb2,2021_2022,2021-07-01,1012440.0,13.8279,19.0,361.0,FORWARD,Centre-Forward,England,UNKNOWN,,,,,UNKNOWN,,,
cac8916e-3b3,plr_c14e8a2b,2021_2022,2021-07-01,1716000.0,14.3555,25.0,625.0,FORWARD,Left Winger,Jamaica,UNKNOWN,,,,,UNKNOWN,,,
e363caf1-8db,plr_222d1594,2021_2022,2021-07-01,10982400.0,16.2118,24.0,576.0,FORWARD,Left Winger,England,club_d970dbec,,,,,UNKNOWN,,,
0a26fc5a-159,plr_4a74a06d,2021_2022,2021-07-01,72930000.0,18.105,21.0,441.0,FORWARD,Left Winger,England,UNKNOWN,,,,,UNKNOWN,,,
224aea44-148,plr_5b461e8a,2021_2022,2021-07-01,22479600.0,16.9281,18.0,324.0,DEFENDER,Right-Back,England,club_1fcc1eb6,,,,,UNKNOWN,,,
fb78fcbb-ba0,plr_7f380ded,2021_2022,2021-07-01,1716000.0,14.3555,21.0,441.0,FORWARD,Centre-Forward,Ireland,UNKNOWN,,,,,UNKNOWN,,,
97cbce62-ad5,plr_941baab7,2021_2022,2021-07-01,21450000.0,16.8812,20.0,400.0,FORWARD,Left Winger,Spain,UNKNOWN,,,,,UNKNOWN,,,
f71fd281-26f,plr_e3a48de0,2021_2022,2021-07-01,3432000.0,15.0487,23.0,529.0,FORWARD,Centre-Forward,Nigeria,UNKNOWN,,,,,UNKNOWN,,,
1c4c9add-10a,plr_468ef169,2021_2022,2021-07-01,25740000.0,17.0636,23.0,529.0,MIDFIELDER,Attacking Midfield,Croatia,UNKNOWN,,,,,UNKNOWN,,,
e1f682d5-32b,plr_41b0be91,2021_2022,2021-07-01,4461600.0,15.311,20.0,400.0,DEFENDER,Centre-Back,Colombia,UNKNOWN,,,,,UNKNOWN,,,
878f4f22-c0a,plr_995fd80f,2021_2022,2021-07-01,3003000.0,14.9151,21.0,441.0,FORWARD,Left Winger,Portugal,UNKNOWN,,,,,UNKNOWN,,,
3cba578e-9cc,plr_d57316b7,2021_2022,2021-07-01,1716000.0,14.3555,21.0,441.0,DEFENDER,Right-Back,Hungary,UNKNOWN,,,,,UNKNOWN,,,
4c96bda1-ef0,plr_a4ee62b6,2021_2022,2021-07-01,514800.0,13.1515,26.0,676.0,MIDFIELDER,Central Midfield,Japan,UNKNOWN,,,,,UNKNOWN,,,
cd116503-52a,plr_37424213,2022_2023,2022-07-01,5068100.0,15.4385,28.0,784.0,GOALKEEPER,Goalkeeper,United States,UNKNOWN,,,,,UNKNOWN,,,
e59bc092-474,plr_9f38b8ab,2022_2023,2022-07-01,3006500.0,14.9163,19.0,361.0,FORWARD,Right Winger,Brazil,UNKNOWN,,,,,UNKNOWN,,,
9f64273a-383,plr_936d4b08,2022_2023,2022-07-01,17180000.0,16.6593,30.0,900.0,MIDFIELDER,Attacking Midfield,Brazil,club_559decae,42,1.5,-5.0,,UNKNOWN,,,
2c9aaa26-985,plr_46f563fe,2022_2023,2022-07-01,12885000.0,16.3716,27.0,729.0,MIDFIELDER,Defensive Midfield,Belgium,club_3cbb9e40,28,1.0,-11.0,,UNKNOWN,,,
c9e763dd-8a1,plr_e899b1af,2022_2023,2022-07-01,6872000.0,15.743,20.0,400.0,FORWARD,Left Winger,Cote d'Ivoire,UNKNOWN,,,,,UNKNOWN,,,
35a63247-76d,plr_aa1755c6,2022_2023,2022-07-01,3436000.0,15.0498,19.0,361.0,MIDFIELDER,Central Midfield,Sweden,UNKNOWN,,,,,UNKNOWN,,,
d730df5f-ee1,plr_99922704,2022_2023,2022-07-01,10136200.0,16.1316,26.0,676.0,FORWARD,Centre-Forward,France,club_2be5211f,35,1.25,-7.0,,UNKNOWN,,,
42e9dab6-5c1,plr_bfb02edb,2022_2023,2022-07-01,35992100.0,17.3988,31.0,961.0,DEFENDER,Centre-Back,Senegal,UNKNOWN,,,,,UNKNOWN,,,
8fdb37c8-627,plr_c7261865,2022_2023,2022-07-01,25770000.0,17.0647,19.0,361.0,DEFENDER,Right-Back,France,UNKNOWN,,,,,UNKNOWN,,,
78ebef7a-6d3,plr_6fde2e06,2022_2023,2022-07-01,12764740.0,16.3622,20.0,400.0,MIDFIELDER,Central Midfield,Italy,UNKNOWN,,,,,UNKNOWN,,,
29b4432c-897,plr_53e9be3c,2022_2023,2022-07-01,10737500.0,16.1893,18.0,324.0,MIDFIELDER,Defensive Midfield,Brazil,UNKNOWN,,,,,UNKNOWN,,,
196cc48e-8b8,plr_612d6287,2022_2023,2022-07-01,10308000.0,16.1484,33.0,1089.0,FORWARD,Centre-Forward,Gabon,club_559decae,42,1.5,-5.0,,UNKNOWN,,,
f61a628c-b91,plr_76938da2,2022_2023,2022-07-01,10308000.0,16.1484,20.0,400.0,FORWARD,Centre-Forward,Cote d'Ivoire,UNKNOWN,,,,,UNKNOWN,,,
6c5f9ca4-9e6,plr_729f0b67,2022_2023,2022-07-01,7808310.0,15.8707,18.0,324.0,GOALKEEPER,Goalkeeper,United States,UNKNOWN,,,,,UNKNOWN,,,
132202d8-229,plr_ce5f533e,2022_2023,2022-07-01,17180000.0,16.6593,26.0,676.0,FORWARD,Centre-Forward,Germany,UNKNOWN,,,,,UNKNOWN,,,
064d1c91-3bc,plr_9d16886f,2022_2023,2022-07-01,4724500.0,15.3683,27.0,729.0,DEFENDER,Right-Back,Switzerland,UNKNOWN,,,,,UNKNOWN,,,
8887e8dc-1ad,plr_2bdec0be,2022_2023,2022-07-01,4295000.0,15.273,27.0,729.0,FORWARD,Centre-Forward,Brazil,UNKNOWN,,,,,UNKNOWN,,,
c9abcd19-ab4,plr_ea60bbd5,2022_2023,2022-07-01,8074600.0,15.9042,19.0,361.0,MIDFIELDER,Attacking Midfield,Portugal,club_17e261c8,,,,,UNKNOWN,,,
41925db0-249,plr_1448516b,2022_2023,2022-07-01,21475000.0,16.8824,23.0,529.0,FORWARD,Left Winger,Colombia,UNKNOWN,,,,,UNKNOWN,,,
f8e62b80-3f5,plr_ebe00fad,2022_2023,2022-07-01,14603000.0,16.4967,23.0,529.0,MIDFIELDER,Defensive Midfield,United States,UNKNOWN,,,,,UNKNOWN,,,
a3d3f129-173,plr_b1e68076,2022_2023,2022-07-01,42091000.0,17.5553,26.0,676.0,MIDFIELDER,Defensive Midfield,England,club_d970dbec,,,,,UNKNOWN,,,
f642300d-630,plr_5409f68e,2022_2023,2022-07-01,9449000.0,16.0614,20.0,400.0,MIDFIELDER,Defensive Midfield,Argentina,UNKNOWN,,,,,UNKNOWN,,,
3153c8bd-3e4,plr_f7b10493,2022_2023,2022-07-01,1503250.0,14.2231,22.0,484.0,MIDFIELDER,Attacking Midfield,Curacao,UNKNOWN,,,,,UNKNOWN,,,
61f548f5-8c4,plr_93b144af,2022_2023,2022-07-01,5583500.0,15.5353,30.0,900.0,MIDFIELDER,Central Midfield,England,club_95b443a0,32,1.143,-20.0,,UNKNOWN,,,
03afc817-980,plr_e3a48de0,2022_2023,2022-07-01,12713200.0,16.3582,24.0,576.0,FORWARD,Centre-Forward,Nigeria,club_78ab8ea7,33,1.179,-8.0,,UNKNOWN,,,
7d61d29e-4a3,plr_f11c50b8,2022_2023,2022-07-01,11167000.0,16.2285,24.0,576.0,MIDFIELDER,Defensive Midfield,Belgium,UNKNOWN,,,,,UNKNOWN,,,
1d3fac40-5b5,plr_9d971be1,2022_2023,2022-07-01,8590000.0,15.9661,22.0,484.0,DEFENDER,Centre-Back,France,UNKNOWN,,,,,UNKNOWN,,,
1c5e7f2d-82c,plr_850719ec,2022_2023,2022-07-01,8074600.0,15.9042,24.0,576.0,MIDFIELDER,Central Midfield,England,club_95b443a0,32,1.143,-20.0,,UNKNOWN,,,
0081c14b-86b,plr_5ddcbbb0,2022_2023,2022-07-01,7301500.0,15.8036,24.0,576.0,DEFENDER,Left-Back,England,UNKNOWN,,,,,UNKNOWN,,,
0a404f0e-af9,plr_747bd2da,2022_2023,2022-07-01,7129700.0,15.7798,30.0,900.0,MIDFIELDER,Central Midfield,Switzerland,UNKNOWN,,,,,UNKNOWN,,,
7e225704-f33,plr_951eee39,2022_2023,2022-07-01,3436000.0,15.0498,29.0,841.0,MIDFIELDER,Attacking Midfield,"Korea, South",UNKNOWN,,,,,UNKNOWN,,,
16404e20-33b,plr_5c9e2715,2022_2023,2022-07-01,1975700.0,14.4964,23.0,529.0,FORWARD,Right Winger,England,UNKNOWN,,,,,UNKNOWN,,,
b04321d4-23b,plr_bc9dc7eb,2022_2023,2022-07-01,816050.0,13.6122,19.0,361.0,MIDFIELDER,Central Midfield,Costa Rica,UNKNOWN,,,,,UNKNOWN,,,
1d51fb2a-2ad,plr_cb9955d4,2022_2023,2022-07-01,19121340.0,16.7663,18.0,324.0,MIDFIELDER,Defensive Midfield,Belgium,UNKNOWN,,,,,UNKNOWN,,,
a32ce3d6-45e,plr_50bd12dd,2022_2023,2022-07-01,15462000.0,16.5539,19.0,361.0,DEFENDER,Left-Back,Italy,UNKNOWN,,,,,UNKNOWN,,,
6b19fdcd-329,plr_20280659,2022_2023,2022-07-01,12627300.0,16.3514,22.0,484.0,DEFENDER,Right-Back,England,UNKNOWN,,,,,UNKNOWN,,,
b05aefe1-1d2,plr_f10d6756,2022_2023,2022-07-01,33157400.0,17.3168,23.0,529.0,FORWARD,Centre-Forward,Italy,UNKNOWN,,,,,UNKNOWN,,,
3d4f6a81-7cd,plr_8d6b114b,2022_2023,2022-07-01,10308000.0,16.1484,25.0,625.0,DEFENDER,Centre-Back,Germany,UNKNOWN,,,,,UNKNOWN,,,
c325de79-ab2,plr_921e1970,2022_2023,2022-07-01,9148350.0,16.0291,23.0,529.0,MIDFIELDER,Defensive Midfield,England,UNKNOWN,,,,,UNKNOWN,,,
b571af7a-698,plr_9210b7c6,2022_2023,2022-07-01,40716600.0,17.5221,23.0,529.0,DEFENDER,Right-Back,Portugal,UNKNOWN,,,,,UNKNOWN,,,
fe68d863-351,plr_07829572,2022_2023,2022-07-01,28003400.0,17.1478,26.0,676.0,FORWARD,Left Winger,Portugal,UNKNOWN,,,,,UNKNOWN,,,
6148ce1d-94d,plr_71160be8,2022_2023,2022-07-01,20873700.0,16.854,21.0,441.0,DEFENDER,Centre-Back,Ireland,club_48b91a73,24,0.857,-16.0,,UNKNOWN,,,
9ec604d2-7b0,plr_f3e594af,2022_2023,2022-07-01,15462000.0,16.5539,25.0,625.0,FORWARD,Centre-Forward,Austria,UNKNOWN,,,,,UNKNOWN,,,
f07942f6-f39,plr_92cc17a7,2023,2023-07-01,100159400.0,18.4223,24.0,576.0,MIDFIELDER,Central Midfield,England,club_559decae,,,,,UNKNOWN,,,
3bf4f474-0dd,plr_4dccb5ef,2023,2023-07-01,64425000.0,17.981,24.0,576.0,FORWARD,Centre-Forward,Germany,club_559decae,,,,,UNKNOWN,,,
de4975a6-80d,plr_2a8fa7d4,2023,2023-07-01,34360000.0,17.3524,22.0,484.0,DEFENDER,Right-Back,Netherlands,UNKNOWN,,,,,UNKNOWN,,,
b3f52f5d-bc9,plr_2f273f97,2023,2023-07-01,12885000.0,16.3716,30.0,900.0,MIDFIELDER,Defensive Midfield,Switzerland,UNKNOWN,,,,,UNKNOWN,,,
f5416e78-39e,plr_37424213,2023,2023-07-01,7000850.0,15.7615,29.0,841.0,GOALKEEPER,Goalkeeper,United States,club_559decae,,,,,UNKNOWN,,,
39d59925-994,plr_4ffb3b78,2023,2023-07-01,4982200.0,15.4214,24.0,576.0,DEFENDER,Centre-Back,United States,club_559decae,,,,,UNKNOWN,,,
f621b9fa-ae2,plr_6db50417,2023,2023-07-01,1030800.0,13.8458,27.0,729.0,DEFENDER,Centre-Back,England,club_559decae,,,,,UNKNOWN,,,
059f0b95-d48,plr_d957e627,2023,2023-07-01,47245000.0,17.6709,24.0,576.0,FORWARD,Right Winger,France,UNKNOWN,,,,,UNKNOWN,,,
98871582-ffc,plr_754b9491,2023,2023-07-01,28347000.0,17.16,21.0,441.0,MIDFIELDER,Attacking Midfield,England,UNKNOWN,,,,,UNKNOWN,,,
c91ae815-915,plr_8c0e66a9,2023,2023-07-01,28347000.0,17.16,26.0,676.0,DEFENDER,Centre-Back,Spain,UNKNOWN,,,,,UNKNOWN,,,
fc583ee3-533,plr_23298e97,2023,2023-07-01,6528400.0,15.6917,18.0,324.0,DEFENDER,Right-Back,Serbia,UNKNOWN,,,,,UNKNOWN,,,
ecbd1d06-688,plr_da75d646,2023,2023-07-01,1288500.0,14.069,23.0,529.0,GOALKEEPER,Goalkeeper,Australia,club_95b443a0,,,,,UNKNOWN,,,
ae1d6962-1fb,plr_6b18b25c,2023,2023-07-01,18511450.0,16.7339,21.0,441.0,FORWARD,Centre-Forward,England,club_3cbb9e40,,,,,UNKNOWN,,,
b8d2dd7f-f96,plr_e7e8fb9f,2023,2023-07-01,4982200.0,15.4214,21.0,441.0,FORWARD,Left Winger,England,club_464350c5,,,,,UNKNOWN,,,
0594abd9-938,plr_2de731b9,2023,2023-07-01,2491100.0,14.7282,29.0,841.0,MIDFIELDER,Defensive Midfield,Zimbabwe,club_3cbb9e40,,,,,UNKNOWN,,,
f577b344-336,plr_ed563351,2023,2023-07-01,1975700.0,14.4964,25.0,625.0,FORWARD,Centre-Forward,England,UNKNOWN,,,,,UNKNOWN,,,
f17536f5-07f,plr_ebe00fad,2023,2023-07-01,23107100.0,16.9557,24.0,576.0,MIDFIELDER,Defensive Midfield,United States,club_d970dbec,,,,,UNKNOWN,,,
783f2046-ea1,plr_e46371bb,2023,2023-07-01,22007580.0,16.9069,23.0,529.0,FORWARD,Left Winger,Cote d'Ivoire,UNKNOWN,,,,,UNKNOWN,,,
e19b66e6-ca8,plr_95a7f520,2023,2023-07-01,19757000.0,16.799,19.0,361.0,MIDFIELDER,Central Midfield,England,UNKNOWN,,,,,UNKNOWN,,,
5c535bba-c5f,plr_b5fc3b52,2023,2023-07-01,17583730.0,16.6825,19.0,361.0,DEFENDER,Left-Back,Hungary,UNKNOWN,,,,,UNKNOWN,,,
4884d367-761,plr_9029bacd,2023,2023-07-01,12885000.0,16.3716,25.0,625.0,MIDFIELDER,Attacking Midfield,France,UNKNOWN,,,,,UNKNOWN,,,
a11109c0-2e6,plr_0d2e1c82,2023,2023-07-01,9277200.0,16.0431,24.0,576.0,MIDFIELDER,Attacking Midfield,Netherlands,UNKNOWN,,,,,UNKNOWN,,,
7f8b6a65-b4e,plr_0c5d5e48,2023,2023-07-01,6957900.0,15.7554,23.0,529.0,DEFENDER,Right-Back,England,UNKNOWN,,,,,UNKNOWN,,,
100463ff-79e,plr_0c621202,2023,2023-07-01,1288500.0,14.069,28.0,784.0,MIDFIELDER,Defensive Midfield,England,club_b361f3db,,,,,UNKNOWN,,,
5a631d53-2f6,plr_71160be8,2023,2023-07-01,23064150.0,16.9538,22.0,484.0,DEFENDER,Centre-Back,Ireland,club_78ab8ea7,,,,,UNKNOWN,,,
c77f256c-2f3,plr_6558a172,2023,2023-07-01,21475000.0,16.8824,21.0,441.0,FORWARD,Left Winger,Germany,UNKNOWN,,,,,UNKNOWN,,,
89c94303-e39,plr_64fc4378,2023,2023-07-01,11167000.0,16.2285,30.0,900.0,GOALKEEPER,Goalkeeper,Netherlands,UNKNOWN,,,,,UNKNOWN,,,
369da357-6f4,plr_629610b7,2023,2023-07-01,3865500.0,15.1676,18.0,324.0,MIDFIELDER,Defensive Midfield,Türkiye,UNKNOWN,,,,,UNKNOWN,,,
064e8ba8-588,plr_c8c0c305,2023,2023-07-01,2577000.0,14.7621,22.0,484.0,GOALKEEPER,Goalkeeper,Iceland,UNKNOWN,,,,,UNKNOWN,,,
c98bfeb8-de3,plr_13c77bdd,2023,2023-07-01,429500.0,12.9704,23.0,529.0,FORWARD,Centre-Forward,Türkiye,UNKNOWN,,,,,UNKNOWN,,,
7b6bce4f-3b6,plr_1dfc1298,2023,2023-07-01,29377800.0,17.1957,21.0,441.0,FORWARD,Centre-Forward,Brazil,club_78ab8ea7,,,,,UNKNOWN,,,
0b5c64ab-a6f,plr_e48ec7e8,2023,2023-07-01,23193000.0,16.9594,19.0,361.0,MIDFIELDER,Defensive Midfield,Cameroon,UNKNOWN,,,,,UNKNOWN,,,
557d0752-1ff,plr_13740610,2023,2023-07-01,17180000.0,16.6593,20.0,400.0,GOALKEEPER,Goalkeeper,Netherlands,UNKNOWN,,,,,UNKNOWN,,,
75e6c0de-513,plr_8d1b3359,2023,2023-07-01,14173500.0,16.4669,25.0,625.0,DEFENDER,Centre-Back,Brazil,UNKNOWN,,,,,UNKNOWN,,,
74d75744-494,plr_4cb0ff62,2023,2023-07-01,7859850.0,15.8773,19.0,361.0,MIDFIELDER,Central Midfield,Argentina,UNKNOWN,,,,,UNKNOWN,,,
927d363d-bc4,plr_e3f9c5b6,2023,2023-07-01,99644000.0,18.4171,21.0,441.0,MIDFIELDER,Defensive Midfield,Ecuador,club_2be5211f,,,,,UNKNOWN,,,
92c68bc9-b50,plr_3238b13b,2023,2023-07-01,36078000.0,17.4012,24.0,576.0,MIDFIELDER,Central Midfield,Argentina,club_2be5211f,,,,,UNKNOWN,,,
4e3de709-0ac,plr_a9b3e452,2023,2023-07-01,19757000.0,16.799,25.0,625.0,GOALKEEPER,Goalkeeper,Spain,club_2be5211f,,,,,UNKNOWN,,,
298f0b13-022,plr_bcfffb31,2023,2023-07-01,1159650.0,13.9636,23.0,529.0,FORWARD,Centre-Forward,Ireland,club_464350c5,,,,,UNKNOWN,,,
3e9f28ca-9f4,plr_77a249d2,2023,2023-07-01,15977400.0,16.5867,22.0,484.0,FORWARD,Centre-Forward,Switzerland,club_559decae,,,,,UNKNOWN,,,
89b5b76c-9d7,plr_6f459aa1,2023,2023-07-01,14860700.0,16.5142,20.0,400.0,GOALKEEPER,Goalkeeper,England,club_48b91a73,,,,,UNKNOWN,,,
9132882a-b65,plr_9bb18cac,2023,2023-07-01,14130550.0,16.4638,20.0,400.0,MIDFIELDER,Attacking Midfield,England,club_3cbb9e40,,,,,UNKNOWN,,,
ac66b315-50f,plr_249105b5,2023,2023-07-01,12885000.0,16.3716,23.0,529.0,DEFENDER,Centre-Back,Germany,UNKNOWN,,,,,UNKNOWN,,,
f66566b9-0ee,plr_218df882,2023,2023-07-01,11940100.0,16.2954,25.0,625.0,MIDFIELDER,Defensive Midfield,Norway,club_48b91a73,,,,,UNKNOWN,,,
3f812091-a3e,plr_1391ea77,2023,2023-07-01,10308000.0,16.1484,18.0,324.0,FORWARD,Left Winger,France,UNKNOWN,,,,,UNKNOWN,,,
0928c6c2-33e,plr_9f70d005,2023,2023-07-01,6700200.0,15.7176,24.0,576.0,DEFENDER,Centre-Back,Ireland,UNKNOWN,,,,,UNKNOWN,,,
11ad572a-5b7,plr_7f380ded,2023,2023-07-01,3436000.0,15.0498,23.0,529.0,FORWARD,Centre-Forward,Ireland,UNKNOWN,,,,,UNKNOWN,,,
57178725-f05,plr_d48dd460,2023,2023-07-01,2577000.0,14.7621,24.0,576.0,DEFENDER,Centre-Back,Haiti,UNKNOWN,,,,,UNKNOWN,,,
f5e42ad3-a79,plr_2c948b59,2023,2023-07-01,2577000.0,14.7621,18.0,324.0,FORWARD,Right Winger,Italy,UNKNOWN,,,,,UNKNOWN,,,
96724570-d3f,plr_6365b590,2023,2023-07-01,1975700.0,14.4964,22.0,484.0,DEFENDER,Centre-Back,England,club_e086bfa1,,,,,UNKNOWN,,,
c0f8072b-bfc,plr_cb9955d4,2023,2023-07-01,53343900.0,17.7923,19.0,361.0,MIDFIELDER,Defensive Midfield,Belgium,UNKNOWN,,,,,UNKNOWN,,,
5788095b-60e,plr_388d98dd,2023,2023-07-01,51540000.0,17.7579,25.0,625.0,FORWARD,Centre-Forward,France,UNKNOWN,,,,,UNKNOWN,,,
ac77ad59-10e,plr_cb9c7245,2023,2023-07-01,40373000.0,17.5137,21.0,441.0,MIDFIELDER,Attacking Midfield,England,club_1fcc1eb6,,,,,UNKNOWN,,,
e27bc3d0-c75,plr_4f1320bb,2023,2023-07-01,38655000.0,17.4702,25.0,625.0,DEFENDER,Centre-Back,France,UNKNOWN,,,,,UNKNOWN,,,
653f301b-b9e,plr_33b7c509,2023,2023-07-01,31783000.0,17.2744,22.0,484.0,FORWARD,Centre-Forward,Senegal,UNKNOWN,,,,,UNKNOWN,,,
5e6b4db7-e4e,plr_ef576cd5,2023,2023-07-01,23193000.0,16.9594,19.0,361.0,MIDFIELDER,Defensive Midfield,France,UNKNOWN,,,,,UNKNOWN,,,
74d8fa9f-757,plr_17657716,2023,2023-07-01,13744000.0,16.4361,23.0,529.0,GOALKEEPER,Goalkeeper,Serbia,UNKNOWN,,,,,UNKNOWN,,,
86f7b7ae-19a,plr_7f2ffafa,2023,2023-07-01,12885000.0,16.3716,18.0,324.0,FORWARD,Right Winger,Brazil,UNKNOWN,,,,,UNKNOWN,,,
b286fefd-6ed,plr_637cffd7,2023,2023-07-01,58154300.0,17.8786,24.0,576.0,MIDFIELDER,Attacking Midfield,England,club_1fcc1eb6,,,,,UNKNOWN,,,
ad5ab5da-6c1,plr_4b7ba546,2023,2023-07-01,24996900.0,17.0343,29.0,841.0,MIDFIELDER,Central Midfield,Croatia,club_1fcc1eb6,,,,,UNKNOWN,,,
82648137-1f8,plr_bfb02edb,2023,2023-07-01,19757000.0,16.799,32.0,1024.0,DEFENDER,Centre-Back,Senegal,UNKNOWN,,,,,UNKNOWN,,,
97dc83f6-503,plr_6382eea3,2023,2023-07-01,17867200.0,16.6985,24.0,576.0,FORWARD,Right Winger,United States,UNKNOWN,,,,,UNKNOWN,,,
aad1f2ef-1a3,plr_f0a0fe53,2023,2023-07-01,16235100.0,16.6027,27.0,729.0,MIDFIELDER,Central Midfield,England,UNKNOWN,,,,,UNKNOWN,,,
7bbb21c9-ec7,plr_13d84101,2023,2023-07-01,15891500.0,16.5813,31.0,961.0,GOALKEEPER,Goalkeeper,Senegal,UNKNOWN,,,,,UNKNOWN,,,
3857026c-1d0,plr_ad9fe8a5,2023,2023-07-01,18124900.0,16.7128,19.0,361.0,MIDFIELDER,Defensive Midfield,England,UNKNOWN,,,,,UNKNOWN,,,
8457147e-75e,plr_1e0af882,2023,2023-07-01,17180000.0,16.6593,19.0,361.0,FORWARD,Second Striker,Brazil,UNKNOWN,,,,,UNKNOWN,,,
4dfc6262-844,plr_b50ea4e2,2023,2023-07-01,15032500.0,16.5257,26.0,676.0,GOALKEEPER,Goalkeeper,England,club_28c2f5a2,,,,,UNKNOWN,,,
df5d16f8-ad1,plr_864b35a4,2023,2023-07-01,6872000.0,15.743,27.0,729.0,DEFENDER,Right-Back,Colombia,UNKNOWN,,,,,UNKNOWN,,,
4dc6edaa-400,plr_51d21893,2023,2023-07-01,21475000.0,16.8824,25.0,625.0,FORWARD,Centre-Forward,Guinea-Bissau,UNKNOWN,,,,,UNKNOWN,,,
4f7f165a-ed5,plr_4ea224fa,2023,2023-07-01,10737500.0,16.1893,19.0,361.0,FORWARD,Centre-Forward,Portugal,UNKNOWN,,,,,UNKNOWN,,,
06d8e23d-020,plr_dfa00273,2023,2023-07-01,22076300.0,16.91,27.0,729.0,MIDFIELDER,Defensive Midfield,Nigeria,club_c15a9332,,,,,UNKNOWN,,,
fa37e9f5-174,plr_c14e8a2b,2023,2023-07-01,7988700.0,15.8935,27.0,729.0,FORWARD,Left Winger,Jamaica,UNKNOWN,,,,,UNKNOWN,,,
df555090-39c,plr_39fe690b,2023,2023-07-01,7559200.0,15.8383,20.0,400.0,FORWARD,Centre-Forward,Ireland,UNKNOWN,,,,,UNKNOWN,,,
e3aee6df-c5c,plr_405fe593,2023,2023-07-01,6013000.0,15.6094,22.0,484.0,FORWARD,Centre-Forward,England,club_e086bfa1,,,,,UNKNOWN,,,
0ebb715e-a15,plr_0fb15eee,2023,2023-07-01,19327500.0,16.777,23.0,529.0,DEFENDER,Centre-Back,Nigeria,UNKNOWN,,,,,UNKNOWN,,,
aabcbabe-a79,plr_2b5cdf13,2023,2023-07-01,11167000.0,16.2285,27.0,729.0,DEFENDER,Right-Back,Belgium,UNKNOWN,,,,,UNKNOWN,,,
f70d8eb3-e7e,plr_b25117aa,2023,2023-07-01,5497600.0,15.5198,32.0,1024.0,FORWARD,Centre-Forward,Mexico,club_17e261c8,,,,,UNKNOWN,,,
3b77e3a7-59b,plr_093c3e0d,2023,2023-07-01,747330.0,13.5243,24.0,576.0,GOALKEEPER,Goalkeeper,Germany,UNKNOWN,,,,,UNKNOWN,,,
c11d25e8-163,plr_38fec590,2023,2023-07-01,45183400.0,17.6262,28.0,784.0,FORWARD,Centre-Forward,Serbia,UNKNOWN,,,,,UNKNOWN,,,
1fb51a00-527,plr_6f8855bd,2023,2023-07-01,60130000.0,17.912,22.0,484.0,MIDFIELDER,Attacking Midfield,Hungary,UNKNOWN,,,,,UNKNOWN,,,
e794160d-eea,plr_a85e719b,2023,2023-07-01,34360000.0,17.3524,21.0,441.0,MIDFIELDER,Defensive Midfield,Netherlands,UNKNOWN,,,,,UNKNOWN,,,
d4f1923d-a9f,plr_f4669e41,2023,2023-07-01,17180000.0,16.6593,30.0,900.0,MIDFIELDER,Defensive Midfield,Japan,UNKNOWN,,,,,UNKNOWN,,,
e66be7a1-7d3,plr_52fc3484,2023,2023-07-01,40115300.0,17.5073,29.0,841.0,MIDFIELDER,Defensive Midfield,Brazil,UNKNOWN,,,,,UNKNOWN,,,
2b775896-7db,plr_b807fd65,2023,2023-07-01,12026000.0,16.3026,33.0,1089.0,MIDFIELDER,Central Midfield,England,UNKNOWN,,,,,UNKNOWN,,,
c2e83d56-428,plr_941baab7,2023,2023-07-01,5025150.0,15.43,22.0,484.0,FORWARD,Left Winger,Spain,UNKNOWN,,,,,UNKNOWN,,,
07402c6f-1b0,plr_f7b10493,2023,2023-07-01,4037300.0,15.2111,23.0,529.0,MIDFIELDER,Attacking Midfield,Curacao,UNKNOWN,,,,,UNKNOWN,,,
ae2b268f-151,plr_a430bb9d,2023,2023-07-01,3006500.0,14.9163,25.0,625.0,DEFENDER,Centre-Back,Denmark,club_48b91a73,,,,,UNKNOWN,,,
c59ea3a6-a8a,plr_aa04a897,2023,2023-07-01,2491100.0,14.7282,25.0,625.0,FORWARD,Centre-Forward,Scotland,club_b361f3db,,,,,UNKNOWN,,,
536f88bc-806,plr_69b32dac,2023,2023-07-01,2491100.0,14.7282,30.0,900.0,GOALKEEPER,Goalkeeper,Belgium,UNKNOWN,,,,,UNKNOWN,,,
9731130c-b16,plr_8afd61a5,2023,2023-07-01,1718000.0,14.3567,24.0,576.0,DEFENDER,Right-Back,Japan,UNKNOWN,,,,,UNKNOWN,,,
1bfab133-6bf,plr_b5ad4ccb,2023,2023-07-01,987850.0,13.8033,23.0,529.0,DEFENDER,Centre-Back,England,UNKNOWN,,,,,UNKNOWN,,,
4b7ea051-4cb,plr_9f703434,2023,2023-07-01,257700.0,12.4596,24.0,576.0,FORWARD,Right Winger,Guinea-Bissau,UNKNOWN,,,,,UNKNOWN,,,
ce59fbce-56a,plr_046464c6,2023,2023-07-01,77310000.0,18.1633,21.0,441.0,DEFENDER,Centre-Back,Croatia,UNKNOWN,,,,,UNKNOWN,,,
00c50f34-1b7,plr_9210b7c6,2023,2023-07-01,53258000.0,17.7907,25.0,625.0,DEFENDER,Right-Back,Portugal,club_b361f3db,,,,,UNKNOWN,,,
19afd1f1-179,plr_9d7d2bf6,2023,2023-07-01,51540000.0,17.7579,21.0,441.0,FORWARD,Left Winger,Belgium,UNKNOWN,,,,,UNKNOWN,,,
63c95697-971,plr_b277a08a,2023,2023-07-01,15891500.0,16.5813,18.0,324.0,MIDFIELDER,Attacking Midfield,Argentina,UNKNOWN,,,,,UNKNOWN,,,
32b0747f-047,plr_55b9d557,2023,2023-07-01,30065000.0,17.2189,32.0,1024.0,FORWARD,Right Winger,Algeria,UNKNOWN,,,,,UNKNOWN,,,
b4e67910-2ed,plr_55d2e664,2023,2023-07-01,23622500.0,16.9777,29.0,841.0,DEFENDER,Centre-Back,Spain,UNKNOWN,,,,,UNKNOWN,,,
54a7c189-7eb,plr_50f9d46f,2023,2023-07-01,68548200.0,18.043,20.0,400.0,FORWARD,Centre-Forward,Denmark,UNKNOWN,,,,,UNKNOWN,,,
575c040f-fd5,plr_97778d6f,2023,2023-07-01,43121800.0,17.5795,27.0,729.0,GOALKEEPER,Goalkeeper,Cameroon,UNKNOWN,,,,,UNKNOWN,,,
4d0e500b-496,plr_83f0c09d,2023,2023-07-01,4295000.0,15.273,25.0,625.0,GOALKEEPER,Goalkeeper,Türkiye,UNKNOWN,,,,,UNKNOWN,,,
aef1d0f1-940,plr_4047166b,2023,2023-07-01,19696870.0,16.796,21.0,441.0,FORWARD,Right Winger,Sweden,UNKNOWN,,,,,UNKNOWN,,,
5535986f-79b,plr_4147f713,2023,2023-07-01,8366660.0,15.9398,30.0,900.0,MIDFIELDER,Central Midfield,Brazil,UNKNOWN,,,,,UNKNOWN,,,
79ba77c4-eed,plr_23d629e4,2023,2023-07-01,859000.0,13.6635,20.0,400.0,MIDFIELDER,Central Midfield,Iraq,UNKNOWN,,,,,UNKNOWN,,,
242197e2-34f,plr_af533806,2023,2023-07-01,57638900.0,17.8697,23.0,529.0,MIDFIELDER,Defensive Midfield,Italy,UNKNOWN,,,,,UNKNOWN,,,
c2510bc3-ecb,plr_5cf41944,2023,2023-07-01,37796000.0,17.4477,25.0,625.0,FORWARD,Left Winger,England,UNKNOWN,,,,,UNKNOWN,,,
708f2de9-89c,plr_5b461e8a,2023,2023-07-01,31954800.0,17.2798,20.0,400.0,DEFENDER,Right-Back,England,UNKNOWN,,,,,UNKNOWN,,,
8d1a0e70-2f0,plr_da4360a5,2023,2023-07-01,6872000.0,15.743,18.0,324.0,FORWARD,Right Winger,The Gambia,UNKNOWN,,,,,UNKNOWN,,,
a862e5b1-b81,plr_8488e4d6,2023,2023-07-01,23364800.0,16.9667,26.0,676.0,FORWARD,Left Winger,France,UNKNOWN,,,,,UNKNOWN,,,
5540c22a-81b,plr_e15da7ab,2023,2023-07-01,343600.0,12.7472,32.0,1024.0,GOALKEEPER,Goalkeeper,Wales,club_d970dbec,,,,,UNKNOWN,,,
a6dd40c9-b4d,plr_c9a5aa44,2023,2023-07-01,30065000.0,17.2189,25.0,625.0,MIDFIELDER,Defensive Midfield,Cote d'Ivoire,UNKNOWN,,,,,UNKNOWN,,,
85a07316-cd0,plr_57cd2581,2023,2023-07-01,11038150.0,16.2169,21.0,441.0,DEFENDER,Centre-Back,Ireland,UNKNOWN,,,,,UNKNOWN,,,
7a3ab7dd-1fc,plr_e0180d5f,2023,2023-07-01,10308000.0,16.1484,21.0,441.0,DEFENDER,Centre-Back,Brazil,UNKNOWN,,,,,UNKNOWN,,,
009730e1-dfc,plr_485d31f1,2023,2023-07-01,5712350.0,15.5581,25.0,625.0,MIDFIELDER,Central Midfield,Argentina,UNKNOWN,,,,,UNKNOWN,,,
93690fe1-2d3,plr_b7edbba9,2023,2023-07-01,5583500.0,15.5353,31.0,961.0,GOALKEEPER,Goalkeeper,Belgium,UNKNOWN,,,,,UNKNOWN,,,
9e0960d9-9a9,plr_d60456cb,2023,2023-07-01,4209100.0,15.2528,29.0,841.0,GOALKEEPER,Goalkeeper,Greece,UNKNOWN,,,,,UNKNOWN,,,
3f1ce6fc-a30,plr_6b87f341,2023,2023-07-01,47245000.0,17.6709,22.0,484.0,FORWARD,Right Winger,Wales,club_fe87899a,,,,,UNKNOWN,,,
96d93624-7b8,plr_60028ad9,2023,2023-07-01,4982200.0,15.4214,24.0,576.0,FORWARD,Centre-Forward,England,UNKNOWN,,,,,UNKNOWN,,,
4c777a20-8c7,plr_9dbfaf8c,2023,2023-07-01,3092400.0,14.9445,23.0,529.0,MIDFIELDER,Defensive Midfield,Paraguay,club_28c2f5a2,,,,,UNKNOWN,,,
5cbf7a66-b91,plr_c55733b8,2023,2023-07-01,85900.0,11.361,31.0,961.0,DEFENDER,Right-Back,Cote d'Ivoire,UNKNOWN,,,,,UNKNOWN,,,
3e193199-7cd,plr_18fb12f0,2023,2023-07-01,14860700.0,16.5142,26.0,676.0,MIDFIELDER,Central Midfield,Netherlands,club_e086bfa1,,,,,UNKNOWN,,,
a3945170-0be,plr_e32d3595,2023,2023-07-01,10737500.0,16.1893,24.0,576.0,MIDFIELDER,Defensive Midfield,Brazil,UNKNOWN,,,,,UNKNOWN,,,
0e68cdbc-78a,plr_cb48d7d0,2023,2023-07-01,3951400.0,15.1896,21.0,441.0,FORWARD,Left Winger,Cote d'Ivoire,UNKNOWN,,,,,UNKNOWN,,,
1a66eba3-166,plr_bccfb951,2023,2023-07-01,2319300.0,14.6568,22.0,484.0,MIDFIELDER,Attacking Midfield,Tunisia,UNKNOWN,,,,,UNKNOWN,,,
ee81ba2b-fc8,plr_67295785,2023,2023-07-01,2147500.0,14.5798,28.0,784.0,GOALKEEPER,Goalkeeper,Croatia,UNKNOWN,,,,,UNKNOWN,,,
10df408d-131,plr_44f9fb5c,2023,2023-07-01,14603000.0,16.4967,23.0,529.0,FORWARD,Left Winger,Senegal,club_559decae,,,,,UNKNOWN,,,
48494252-ddb,plr_901fe80d,2023,2023-07-01,39771700.0,17.4987,26.0,676.0,MIDFIELDER,Attacking Midfield,England,UNKNOWN,,,,,UNKNOWN,,,
778c8ebe-dd1,plr_212bfe1f,2023,2023-07-01,34360000.0,17.3524,22.0,484.0,DEFENDER,Centre-Back,Netherlands,UNKNOWN,,,,,UNKNOWN,,,
23a5e05c-cd5,plr_842d3ba4,2023,2023-07-01,34360000.0,17.3524,23.0,529.0,DEFENDER,Right-Back,Spain,UNKNOWN,,,,,UNKNOWN,,,
379e804e-fb3,plr_a3010a44,2023,2023-07-01,25770000.0,17.0647,23.0,529.0,MIDFIELDER,Attacking Midfield,Sweden,UNKNOWN,,,,,UNKNOWN,,,
3744ec1f-940,plr_b46dc6d7,2023,2023-07-01,24052000.0,16.9957,21.0,441.0,DEFENDER,Centre-Back,Romania,UNKNOWN,,,,,UNKNOWN,,,
cb0915f9-d58,plr_cd17d787,2023,2023-07-01,15891500.0,16.5813,26.0,676.0,GOALKEEPER,Goalkeeper,Italy,UNKNOWN,,,,,UNKNOWN,,,
87e9ddbc-7b8,plr_693aaf28,2023,2023-07-01,12885000.0,16.3716,20.0,400.0,FORWARD,Centre-Forward,Argentina,UNKNOWN,,,,,UNKNOWN,,,
4c14534f-5c3,plr_f8f939a9,2023,2023-07-01,1975700.0,14.4964,18.0,324.0,DEFENDER,Centre-Back,England,UNKNOWN,,,,,UNKNOWN,,,
d07ef547-6ae,plr_8eb0bb19,2023,2023-07-01,81605000.0,18.2174,30.0,900.0,FORWARD,Centre-Forward,England,UNKNOWN,,,,,UNKNOWN,,,
48de4795-0de,plr_11a69670,2023,2023-07-01,8160500.0,15.9148,27.0,729.0,DEFENDER,Centre-Back,Colombia,UNKNOWN,,,,,UNKNOWN,,,
62db7b1f-acc,plr_655a21e1,2023,2023-07-01,36937000.0,17.4247,23.0,529.0,FORWARD,Right Winger,Ghana,UNKNOWN,,,,,UNKNOWN,,,
5af3ac16-50e,plr_8373bb64,2023,2023-07-01,32642000.0,17.3011,25.0,625.0,MIDFIELDER,Defensive Midfield,Mexico,UNKNOWN,,,,,UNKNOWN,,,
adcb8166-eb2,plr_ca21714d,2023,2023-07-01,29893200.0,17.2131,28.0,784.0,MIDFIELDER,Central Midfield,England,UNKNOWN,,,,,UNKNOWN,,,
046dddd2-ae2,plr_aa1bc266,2023,2023-07-01,17180000.0,16.6593,25.0,625.0,DEFENDER,Centre-Back,Greece,UNKNOWN,,,,,UNKNOWN,,,
00de185f-948,plr_537016a9,2023,2023-07-01,1503250.0,14.2231,23.0,529.0,MIDFIELDER,Central Midfield,Scotland,UNKNOWN,,,,,UNKNOWN,,,
e50619b0-977,plr_f10d6756,2023,2023-07-01,24052000.0,16.9957,24.0,576.0,FORWARD,Centre-Forward,Italy,UNKNOWN,,,,,UNKNOWN,,,
2c78fdd8-b85,plr_9d39ada1,2023,2023-07-01,6872000.0,15.743,27.0,729.0,MIDFIELDER,Central Midfield,Spain,UNKNOWN,,,,,UNKNOWN,,,
edf2f984-c56,plr_33306427,2023,2023-07-01,996440.0,13.8119,23.0,529.0,MIDFIELDER,Defensive Midfield,Ireland,UNKNOWN,,,,,UNKNOWN,,,
503a343e-a95,plr_cf45ba4c,2023,2023-07-01,42950000.0,17.5755,24.0,576.0,FORWARD,Centre-Forward,Brazil,UNKNOWN,,,,,UNKNOWN,,,
035cbaf9-c5e,plr_5f9e44c6,2023,2023-07-01,12885000.0,16.3716,25.0,625.0,MIDFIELDER,Central Midfield,Haiti,UNKNOWN,,,,,UNKNOWN,,,
0dc736ef-efd,plr_79a2bc2d,2023,2023-07-01,10308000.0,16.1484,24.0,576.0,DEFENDER,Centre-Back,Uruguay,UNKNOWN,,,,,UNKNOWN,,,
80f26175-c71,plr_0c7249ff,2023,2023-07-01,9449000.0,16.0614,21.0,441.0,MIDFIELDER,Defensive Midfield,Mali,UNKNOWN,,,,,UNKNOWN,,,
bd8ee1a3-ca3,plr_3f2c8aec,2023,2023-07-01,5154000.0,15.4553,18.0,324.0,FORWARD,Left Winger,Paraguay,UNKNOWN,,,,,UNKNOWN,,,
57238177-a34,plr_6edc17bd,2023,2023-07-01,47245000.0,17.6709,26.0,676.0,MIDFIELDER,Defensive Midfield,Portugal,UNKNOWN,,,,,UNKNOWN,,,
75303a49-3d8,plr_01a61434,2023,2023-07-01,1202600.0,14.0,26.0,676.0,GOALKEEPER,Goalkeeper,Montenegro,UNKNOWN,,,,,UNKNOWN,,,
eb9594f2-e84,plr_92cc17a7,2023_2024,2023-07-01,100159400.0,18.4223,24.0,576.0,MIDFIELDER,Central Midfield,England,club_559decae,70,2.188,38.0,,UNKNOWN,,,
06948f6a-006,plr_4dccb5ef,2023_2024,2023-07-01,64425000.0,17.981,24.0,576.0,FORWARD,Centre-Forward,Germany,club_559decae,70,2.188,38.0,,UNKNOWN,,,
41d42c25-dac,plr_2a8fa7d4,2023_2024,2023-07-01,34360000.0,17.3524,22.0,484.0,DEFENDER,Right-Back,Netherlands,UNKNOWN,,,,,UNKNOWN,,,
679eb3c5-cff,plr_2f273f97,2023_2024,2023-07-01,12885000.0,16.3716,30.0,900.0,MIDFIELDER,Defensive Midfield,Switzerland,UNKNOWN,,,,,UNKNOWN,,,
24ee9b41-f43,plr_37424213,2023_2024,2023-07-01,7000850.0,15.7615,29.0,841.0,GOALKEEPER,Goalkeeper,United States,club_559decae,70,2.188,38.0,,UNKNOWN,,,
f19b9fd7-333,plr_4ffb3b78,2023_2024,2023-07-01,4982200.0,15.4214,24.0,576.0,DEFENDER,Centre-Back,United States,club_559decae,70,2.188,38.0,,UNKNOWN,,,
31eb51bc-155,plr_6db50417,2023_2024,2023-07-01,1030800.0,13.8458,27.0,729.0,DEFENDER,Centre-Back,England,club_559decae,70,2.188,38.0,,UNKNOWN,,,
83847f1e-216,plr_d957e627,2023_2024,2023-07-01,47245000.0,17.6709,24.0,576.0,FORWARD,Right Winger,France,UNKNOWN,,,,,UNKNOWN,,,
ff746d09-5aa,plr_754b9491,2023_2024,2023-07-01,28347000.0,17.16,21.0,441.0,MIDFIELDER,Attacking Midfield,England,UNKNOWN,,,,,UNKNOWN,,,
d296b201-fd7,plr_8c0e66a9,2023_2024,2023-07-01,28347000.0,17.16,26.0,676.0,DEFENDER,Centre-Back,Spain,UNKNOWN,,,,,UNKNOWN,,,
b97b6df0-a11,plr_23298e97,2023_2024,2023-07-01,6528400.0,15.6917,18.0,324.0,DEFENDER,Right-Back,Serbia,UNKNOWN,,,,,UNKNOWN,,,
e26bb897-67d,plr_da75d646,2023_2024,2023-07-01,1288500.0,14.069,23.0,529.0,GOALKEEPER,Goalkeeper,Australia,club_95b443a0,59,1.844,27.0,,UNKNOWN,,,
3767e665-680,plr_6b18b25c,2023_2024,2023-07-01,18511450.0,16.7339,21.0,441.0,FORWARD,Centre-Forward,England,club_3cbb9e40,48,1.5,3.0,,UNKNOWN,,,
f0b999ff-65d,plr_e7e8fb9f,2023_2024,2023-07-01,4982200.0,15.4214,21.0,441.0,FORWARD,Left Winger,England,club_464350c5,,,,,UNKNOWN,,,
03ab4610-98b,plr_2de731b9,2023_2024,2023-07-01,2491100.0,14.7282,29.0,841.0,MIDFIELDER,Defensive Midfield,Zimbabwe,club_3cbb9e40,48,1.5,3.0,,UNKNOWN,,,
daebd4df-cee,plr_ed563351,2023_2024,2023-07-01,1975700.0,14.4964,25.0,625.0,FORWARD,Centre-Forward,England,UNKNOWN,,,,,UNKNOWN,,,
3edc9516-697,plr_ebe00fad,2023_2024,2023-07-01,23107100.0,16.9557,24.0,576.0,MIDFIELDER,Defensive Midfield,United States,club_d970dbec,,,,,UNKNOWN,,,
81d92e99-874,plr_e46371bb,2023_2024,2023-07-01,22007580.0,16.9069,23.0,529.0,FORWARD,Left Winger,Cote d'Ivoire,UNKNOWN,,,,,UNKNOWN,,,
11178282-f96,plr_95a7f520,2023_2024,2023-07-01,19757000.0,16.799,19.0,361.0,MIDFIELDER,Central Midfield,England,UNKNOWN,,,,,UNKNOWN,,,
305a8408-c66,plr_b5fc3b52,2023_2024,2023-07-01,17583730.0,16.6825,19.0,361.0,DEFENDER,Left-Back,Hungary,UNKNOWN,,,,,UNKNOWN,,,
316a9644-f5a,plr_9029bacd,2023_2024,2023-07-01,12885000.0,16.3716,25.0,625.0,MIDFIELDER,Attacking Midfield,France,UNKNOWN,,,,,UNKNOWN,,,
d0e66a40-3d8,plr_0d2e1c82,2023_2024,2023-07-01,9277200.0,16.0431,24.0,576.0,MIDFIELDER,Attacking Midfield,Netherlands,UNKNOWN,,,,,UNKNOWN,,,
c74bede9-d99,plr_0c5d5e48,2023_2024,2023-07-01,6957900.0,15.7554,23.0,529.0,DEFENDER,Right-Back,England,UNKNOWN,,,,,UNKNOWN,,,
856b526e-70c,plr_0c621202,2023_2024,2023-07-01,1288500.0,14.069,28.0,784.0,MIDFIELDER,Defensive Midfield,England,club_b361f3db,71,2.219,48.0,,UNKNOWN,,,
7a6a5f72-5fa,plr_71160be8,2023_2024,2023-07-01,23064150.0,16.9538,22.0,484.0,DEFENDER,Centre-Back,Ireland,club_78ab8ea7,47,1.469,4.0,,UNKNOWN,,,
b0d34ec3-2d2,plr_6558a172,2023_2024,2023-07-01,21475000.0,16.8824,21.0,441.0,FORWARD,Left Winger,Germany,UNKNOWN,,,,,UNKNOWN,,,
324e174c-efe,plr_64fc4378,2023_2024,2023-07-01,11167000.0,16.2285,30.0,900.0,GOALKEEPER,Goalkeeper,Netherlands,UNKNOWN,,,,,UNKNOWN,,,
0f3d7146-616,plr_629610b7,2023_2024,2023-07-01,3865500.0,15.1676,18.0,324.0,MIDFIELDER,Defensive Midfield,Türkiye,UNKNOWN,,,,,UNKNOWN,,,
4751c9ff-2e2,plr_c8c0c305,2023_2024,2023-07-01,2577000.0,14.7621,22.0,484.0,GOALKEEPER,Goalkeeper,Iceland,UNKNOWN,,,,,UNKNOWN,,,
819ea7cc-3f0,plr_13c77bdd,2023_2024,2023-07-01,429500.0,12.9704,23.0,529.0,FORWARD,Centre-Forward,Türkiye,UNKNOWN,,,,,UNKNOWN,,,
faeb3398-3b5,plr_1dfc1298,2023_2024,2023-07-01,29377800.0,17.1957,21.0,441.0,FORWARD,Centre-Forward,Brazil,club_78ab8ea7,47,1.469,4.0,,UNKNOWN,,,
827bdf64-0d2,plr_e48ec7e8,2023_2024,2023-07-01,23193000.0,16.9594,19.0,361.0,MIDFIELDER,Defensive Midfield,Cameroon,UNKNOWN,,,,,UNKNOWN,,,
3b03c098-466,plr_13740610,2023_2024,2023-07-01,17180000.0,16.6593,20.0,400.0,GOALKEEPER,Goalkeeper,Netherlands,UNKNOWN,,,,,UNKNOWN,,,
32fa0fa0-f2c,plr_8d1b3359,2023_2024,2023-07-01,14173500.0,16.4669,25.0,625.0,DEFENDER,Centre-Back,Brazil,UNKNOWN,,,,,UNKNOWN,,,
fdbf510e-5ae,plr_4cb0ff62,2023_2024,2023-07-01,7859850.0,15.8773,19.0,361.0,MIDFIELDER,Central Midfield,Argentina,UNKNOWN,,,,,UNKNOWN,,,
e036a1b2-c86,plr_e3f9c5b6,2023_2024,2023-07-01,99644000.0,18.4171,21.0,441.0,MIDFIELDER,Defensive Midfield,Ecuador,club_2be5211f,48,1.5,11.0,,UNKNOWN,,,
82bf14ce-e38,plr_3238b13b,2023_2024,2023-07-01,36078000.0,17.4012,24.0,576.0,MIDFIELDER,Central Midfield,Argentina,club_2be5211f,48,1.5,11.0,,UNKNOWN,,,
c684052c-3e9,plr_a9b3e452,2023_2024,2023-07-01,19757000.0,16.799,25.0,625.0,GOALKEEPER,Goalkeeper,Spain,club_2be5211f,48,1.5,11.0,,UNKNOWN,,,
6e862aca-353,plr_bcfffb31,2023_2024,2023-07-01,1159650.0,13.9636,23.0,529.0,FORWARD,Centre-Forward,Ireland,club_464350c5,,,,,UNKNOWN,,,
537120ba-8ac,plr_77a249d2,2023_2024,2023-07-01,15977400.0,16.5867,22.0,484.0,FORWARD,Centre-Forward,Switzerland,club_559decae,70,2.188,38.0,,UNKNOWN,,,
cb873a38-db3,plr_6f459aa1,2023_2024,2023-07-01,14860700.0,16.5142,20.0,400.0,GOALKEEPER,Goalkeeper,England,club_48b91a73,,,,,UNKNOWN,,,
df90cc88-eaf,plr_9bb18cac,2023_2024,2023-07-01,14130550.0,16.4638,20.0,400.0,MIDFIELDER,Attacking Midfield,England,club_3cbb9e40,48,1.5,3.0,,UNKNOWN,,,
b9c67b8d-483,plr_249105b5,2023_2024,2023-07-01,12885000.0,16.3716,23.0,529.0,DEFENDER,Centre-Back,Germany,UNKNOWN,,,,,UNKNOWN,,,
a860c2d7-1dd,plr_218df882,2023_2024,2023-07-01,11940100.0,16.2954,25.0,625.0,MIDFIELDER,Defensive Midfield,Norway,club_48b91a73,,,,,UNKNOWN,,,
e4d2bfd8-442,plr_1391ea77,2023_2024,2023-07-01,10308000.0,16.1484,18.0,324.0,FORWARD,Left Winger,France,UNKNOWN,,,,,UNKNOWN,,,
53e28e41-800,plr_9f70d005,2023_2024,2023-07-01,6700200.0,15.7176,24.0,576.0,DEFENDER,Centre-Back,Ireland,UNKNOWN,,,,,UNKNOWN,,,
0332ff65-4b5,plr_7f380ded,2023_2024,2023-07-01,3436000.0,15.0498,23.0,529.0,FORWARD,Centre-Forward,Ireland,UNKNOWN,,,,,UNKNOWN,,,
bdea45e5-824,plr_d48dd460,2023_2024,2023-07-01,2577000.0,14.7621,24.0,576.0,DEFENDER,Centre-Back,Haiti,UNKNOWN,,,,,UNKNOWN,,,
3f9b6721-d6a,plr_2c948b59,2023_2024,2023-07-01,2577000.0,14.7621,18.0,324.0,FORWARD,Right Winger,Italy,UNKNOWN,,,,,UNKNOWN,,,
12ea02be-586,plr_6365b590,2023_2024,2023-07-01,1975700.0,14.4964,22.0,484.0,DEFENDER,Centre-Back,England,club_e086bfa1,,,,,UNKNOWN,,,
23e58400-fd4,plr_cb9955d4,2023_2024,2023-07-01,53343900.0,17.7923,19.0,361.0,MIDFIELDER,Defensive Midfield,Belgium,UNKNOWN,,,,,UNKNOWN,,,
d430104c-000,plr_388d98dd,2023_2024,2023-07-01,51540000.0,17.7579,25.0,625.0,FORWARD,Centre-Forward,France,UNKNOWN,,,,,UNKNOWN,,,
4204421c-ec3,plr_cb9c7245,2023_2024,2023-07-01,40373000.0,17.5137,21.0,441.0,MIDFIELDER,Attacking Midfield,England,club_1fcc1eb6,35,1.094,-8.0,,UNKNOWN,,,
e8e1a821-38d,plr_4f1320bb,2023_2024,2023-07-01,38655000.0,17.4702,25.0,625.0,DEFENDER,Centre-Back,France,UNKNOWN,,,,,UNKNOWN,,,
f17f9070-c0c,plr_33b7c509,2023_2024,2023-07-01,31783000.0,17.2744,22.0,484.0,FORWARD,Centre-Forward,Senegal,UNKNOWN,,,,,UNKNOWN,,,
7d83f38e-26d,plr_ef576cd5,2023_2024,2023-07-01,23193000.0,16.9594,19.0,361.0,MIDFIELDER,Defensive Midfield,France,UNKNOWN,,,,,UNKNOWN,,,
0cd123f7-3c8,plr_17657716,2023_2024,2023-07-01,13744000.0,16.4361,23.0,529.0,GOALKEEPER,Goalkeeper,Serbia,UNKNOWN,,,,,UNKNOWN,,,
dbfa41b5-7a7,plr_7f2ffafa,2023_2024,2023-07-01,12885000.0,16.3716,18.0,324.0,FORWARD,Right Winger,Brazil,UNKNOWN,,,,,UNKNOWN,,,
258c6260-bf4,plr_637cffd7,2023_2024,2023-07-01,58154300.0,17.8786,24.0,576.0,MIDFIELDER,Attacking Midfield,England,club_1fcc1eb6,35,1.094,-8.0,,UNKNOWN,,,
f4148257-cad,plr_4b7ba546,2023_2024,2023-07-01,24996900.0,17.0343,29.0,841.0,MIDFIELDER,Central Midfield,Croatia,club_1fcc1eb6,35,1.094,-8.0,,UNKNOWN,,,
4e221667-0e8,plr_bfb02edb,2023_2024,2023-07-01,19757000.0,16.799,32.0,1024.0,DEFENDER,Centre-Back,Senegal,UNKNOWN,,,,,UNKNOWN,,,
9a854da1-643,plr_6382eea3,2023_2024,2023-07-01,17867200.0,16.6985,24.0,576.0,FORWARD,Right Winger,United States,UNKNOWN,,,,,UNKNOWN,,,
385af624-cca,plr_f0a0fe53,2023_2024,2023-07-01,16235100.0,16.6027,27.0,729.0,MIDFIELDER,Central Midfield,England,UNKNOWN,,,,,UNKNOWN,,,
7fe53c20-a85,plr_13d84101,2023_2024,2023-07-01,15891500.0,16.5813,31.0,961.0,GOALKEEPER,Goalkeeper,Senegal,UNKNOWN,,,,,UNKNOWN,,,
745dd121-74f,plr_ad9fe8a5,2023_2024,2023-07-01,18124900.0,16.7128,19.0,361.0,MIDFIELDER,Defensive Midfield,England,UNKNOWN,,,,,UNKNOWN,,,
bbcb6e93-670,plr_1e0af882,2023_2024,2023-07-01,17180000.0,16.6593,19.0,361.0,FORWARD,Second Striker,Brazil,UNKNOWN,,,,,UNKNOWN,,,
956a15a8-f76,plr_b50ea4e2,2023_2024,2023-07-01,15032500.0,16.5257,26.0,676.0,GOALKEEPER,Goalkeeper,England,club_28c2f5a2,29,0.906,-18.0,,UNKNOWN,,,
3268cb61-211,plr_864b35a4,2023_2024,2023-07-01,6872000.0,15.743,27.0,729.0,DEFENDER,Right-Back,Colombia,UNKNOWN,,,,,UNKNOWN,,,
7e7bc716-002,plr_51d21893,2023_2024,2023-07-01,21475000.0,16.8824,25.0,625.0,FORWARD,Centre-Forward,Guinea-Bissau,UNKNOWN,,,,,UNKNOWN,,,
d165a589-ccd,plr_4ea224fa,2023_2024,2023-07-01,10737500.0,16.1893,19.0,361.0,FORWARD,Centre-Forward,Portugal,UNKNOWN,,,,,UNKNOWN,,,
a1cb1d86-fbc,plr_dfa00273,2023_2024,2023-07-01,22076300.0,16.91,27.0,729.0,MIDFIELDER,Defensive Midfield,Nigeria,club_c15a9332,28,0.875,-22.0,,UNKNOWN,,,
8b65a6b9-508,plr_c14e8a2b,2023_2024,2023-07-01,7988700.0,15.8935,27.0,729.0,FORWARD,Left Winger,Jamaica,UNKNOWN,,,,,UNKNOWN,,,
5b6a044a-787,plr_39fe690b,2023_2024,2023-07-01,7559200.0,15.8383,20.0,400.0,FORWARD,Centre-Forward,Ireland,UNKNOWN,,,,,UNKNOWN,,,
b97e39f6-930,plr_405fe593,2023_2024,2023-07-01,6013000.0,15.6094,22.0,484.0,FORWARD,Centre-Forward,England,club_e086bfa1,,,,,UNKNOWN,,,
802a2bcf-575,plr_0fb15eee,2023_2024,2023-07-01,19327500.0,16.777,23.0,529.0,DEFENDER,Centre-Back,Nigeria,UNKNOWN,,,,,UNKNOWN,,,
9efc6d18-d04,plr_2b5cdf13,2023_2024,2023-07-01,11167000.0,16.2285,27.0,729.0,DEFENDER,Right-Back,Belgium,UNKNOWN,,,,,UNKNOWN,,,
4a3d523a-c6c,plr_b25117aa,2023_2024,2023-07-01,5497600.0,15.5198,32.0,1024.0,FORWARD,Centre-Forward,Mexico,club_17e261c8,34,1.062,-6.0,,UNKNOWN,,,
6d1ffbd7-4ae,plr_093c3e0d,2023_2024,2023-07-01,747330.0,13.5243,24.0,576.0,GOALKEEPER,Goalkeeper,Germany,UNKNOWN,,,,,UNKNOWN,,,
0e9bb4ec-1c2,plr_38fec590,2023_2024,2023-07-01,45183400.0,17.6262,28.0,784.0,FORWARD,Centre-Forward,Serbia,UNKNOWN,,,,,UNKNOWN,,,
1b1f10f7-4e9,plr_6f8855bd,2023_2024,2023-07-01,60130000.0,17.912,22.0,484.0,MIDFIELDER,Attacking Midfield,Hungary,UNKNOWN,,,,,UNKNOWN,,,
05bdd19b-415,plr_a85e719b,2023_2024,2023-07-01,34360000.0,17.3524,21.0,441.0,MIDFIELDER,Defensive Midfield,Netherlands,UNKNOWN,,,,,UNKNOWN,,,
a8a0e0cf-79e,plr_f4669e41,2023_2024,2023-07-01,17180000.0,16.6593,30.0,900.0,MIDFIELDER,Defensive Midfield,Japan,UNKNOWN,,,,,UNKNOWN,,,
1abe0f15-348,plr_52fc3484,2023_2024,2023-07-01,40115300.0,17.5073,29.0,841.0,MIDFIELDER,Defensive Midfield,Brazil,UNKNOWN,,,,,UNKNOWN,,,
97272648-f11,plr_b807fd65,2023_2024,2023-07-01,12026000.0,16.3026,33.0,1089.0,MIDFIELDER,Central Midfield,England,UNKNOWN,,,,,UNKNOWN,,,
99771e73-acb,plr_941baab7,2023_2024,2023-07-01,5025150.0,15.43,22.0,484.0,FORWARD,Left Winger,Spain,UNKNOWN,,,,,UNKNOWN,,,
bed06dfc-0c5,plr_f7b10493,2023_2024,2023-07-01,4037300.0,15.2111,23.0,529.0,MIDFIELDER,Attacking Midfield,Curacao,UNKNOWN,,,,,UNKNOWN,,,
57422ee2-6f8,plr_a430bb9d,2023_2024,2023-07-01,3006500.0,14.9163,25.0,625.0,DEFENDER,Centre-Back,Denmark,club_48b91a73,,,,,UNKNOWN,,,
76d9a227-fd7,plr_aa04a897,2023_2024,2023-07-01,2491100.0,14.7282,25.0,625.0,FORWARD,Centre-Forward,Scotland,club_b361f3db,71,2.219,48.0,,UNKNOWN,,,
52a8c99c-38c,plr_69b32dac,2023_2024,2023-07-01,2491100.0,14.7282,30.0,900.0,GOALKEEPER,Goalkeeper,Belgium,UNKNOWN,,,,,UNKNOWN,,,
9644e986-0c6,plr_8afd61a5,2023_2024,2023-07-01,1718000.0,14.3567,24.0,576.0,DEFENDER,Right-Back,Japan,UNKNOWN,,,,,UNKNOWN,,,
560e7bf4-d2e,plr_b5ad4ccb,2023_2024,2023-07-01,987850.0,13.8033,23.0,529.0,DEFENDER,Centre-Back,England,UNKNOWN,,,,,UNKNOWN,,,
765a311b-d8c,plr_9f703434,2023_2024,2023-07-01,257700.0,12.4596,24.0,576.0,FORWARD,Right Winger,Guinea-Bissau,UNKNOWN,,,,,UNKNOWN,,,
665efbf0-a6a,plr_046464c6,2023_2024,2023-07-01,77310000.0,18.1633,21.0,441.0,DEFENDER,Centre-Back,Croatia,UNKNOWN,,,,,UNKNOWN,,,
eb83734a-e96,plr_9210b7c6,2023_2024,2023-07-01,53258000.0,17.7907,25.0,625.0,DEFENDER,Right-Back,Portugal,club_b361f3db,71,2.219,48.0,,UNKNOWN,,,
41062291-7d1,plr_9d7d2bf6,2023_2024,2023-07-01,51540000.0,17.7579,21.0,441.0,FORWARD,Left Winger,Belgium,UNKNOWN,,,,,UNKNOWN,,,
7c24c583-b54,plr_b277a08a,2023_2024,2023-07-01,15891500.0,16.5813,18.0,324.0,MIDFIELDER,Attacking Midfield,Argentina,UNKNOWN,,,,,UNKNOWN,,,
1c9993db-613,plr_55b9d557,2023_2024,2023-07-01,30065000.0,17.2189,32.0,1024.0,FORWARD,Right Winger,Algeria,UNKNOWN,,,,,UNKNOWN,,,
af7db753-626,plr_55d2e664,2023_2024,2023-07-01,23622500.0,16.9777,29.0,841.0,DEFENDER,Centre-Back,Spain,UNKNOWN,,,,,UNKNOWN,,,
b605d49c-12a,plr_50f9d46f,2023_2024,2023-07-01,68548200.0,18.043,20.0,400.0,FORWARD,Centre-Forward,Denmark,UNKNOWN,,,,,UNKNOWN,,,
e5afb9ba-4c6,plr_97778d6f,2023_2024,2023-07-01,43121800.0,17.5795,27.0,729.0,GOALKEEPER,Goalkeeper,Cameroon,UNKNOWN,,,,,UNKNOWN,,,
a47a3a10-80f,plr_83f0c09d,2023_2024,2023-07-01,4295000.0,15.273,25.0,625.0,GOALKEEPER,Goalkeeper,Türkiye,UNKNOWN,,,,,UNKNOWN,,,
9156e2d5-f9e,plr_4047166b,2023_2024,2023-07-01,19696870.0,16.796,21.0,441.0,FORWARD,Right Winger,Sweden,UNKNOWN,,,,,UNKNOWN,,,
a3d65fad-a9c,plr_4147f713,2023_2024,2023-07-01,8366660.0,15.9398,30.0,900.0,MIDFIELDER,Central Midfield,Brazil,UNKNOWN,,,,,UNKNOWN,,,
ce3e2ab9-46c,plr_23d629e4,2023_2024,2023-07-01,859000.0,13.6635,20.0,400.0,MIDFIELDER,Central Midfield,Iraq,UNKNOWN,,,,,UNKNOWN,,,
7dbdc616-837,plr_af533806,2023_2024,2023-07-01,57638900.0,17.8697,23.0,529.0,MIDFIELDER,Defensive Midfield,Italy,UNKNOWN,,,,,UNKNOWN,,,
e1149218-e8b,plr_5cf41944,2023_2024,2023-07-01,37796000.0,17.4477,25.0,625.0,FORWARD,Left Winger,England,UNKNOWN,,,,,UNKNOWN,,,
048f5dfc-7c5,plr_5b461e8a,2023_2024,2023-07-01,31954800.0,17.2798,20.0,400.0,DEFENDER,Right-Back,England,UNKNOWN,,,,,UNKNOWN,,,
8adb8bca-bd1,plr_da4360a5,2023_2024,2023-07-01,6872000.0,15.743,18.0,324.0,FORWARD,Right Winger,The Gambia,UNKNOWN,,,,,UNKNOWN,,,
61887460-2d7,plr_8488e4d6,2023_2024,2023-07-01,23364800.0,16.9667,26.0,676.0,FORWARD,Left Winger,France,UNKNOWN,,,,,UNKNOWN,,,
c7cd5f0b-d97,plr_e15da7ab,2023_2024,2023-07-01,343600.0,12.7472,32.0,1024.0,GOALKEEPER,Goalkeeper,Wales,club_d970dbec,,,,,UNKNOWN,,,
077575d6-5e7,plr_c9a5aa44,2023_2024,2023-07-01,30065000.0,17.2189,25.0,625.0,MIDFIELDER,Defensive Midfield,Cote d'Ivoire,UNKNOWN,,,,,UNKNOWN,,,
c5641f1e-f5c,plr_57cd2581,2023_2024,2023-07-01,11038150.0,16.2169,21.0,441.0,DEFENDER,Centre-Back,Ireland,UNKNOWN,,,,,UNKNOWN,,,
5ab1fd20-f90,plr_e0180d5f,2023_2024,2023-07-01,10308000.0,16.1484,21.0,441.0,DEFENDER,Centre-Back,Brazil,UNKNOWN,,,,,UNKNOWN,,,
bbc59164-d23,plr_485d31f1,2023_2024,2023-07-01,5712350.0,15.5581,25.0,625.0,MIDFIELDER,Central Midfield,Argentina,UNKNOWN,,,,,UNKNOWN,,,
ee1f9c0b-99c,plr_b7edbba9,2023_2024,2023-07-01,5583500.0,15.5353,31.0,961.0,GOALKEEPER,Goalkeeper,Belgium,UNKNOWN,,,,,UNKNOWN,,,
bf388073-c15,plr_d60456cb,2023_2024,2023-07-01,4209100.0,15.2528,29.0,841.0,GOALKEEPER,Goalkeeper,Greece,UNKNOWN,,,,,UNKNOWN,,,
830f71db-4dd,plr_6b87f341,2023_2024,2023-07-01,47245000.0,17.6709,22.0,484.0,FORWARD,Right Winger,Wales,club_fe87899a,26,0.812,-30.0,,UNKNOWN,,,
eeabaaf7-f07,plr_60028ad9,2023_2024,2023-07-01,4982200.0,15.4214,24.0,576.0,FORWARD,Centre-Forward,England,UNKNOWN,,,,,UNKNOWN,,,
6697a4bb-7f1,plr_9dbfaf8c,2023_2024,2023-07-01,3092400.0,14.9445,23.0,529.0,MIDFIELDER,Defensive Midfield,Paraguay,club_28c2f5a2,29,0.906,-18.0,,UNKNOWN,,,
42d0a4ae-91a,plr_c55733b8,2023_2024,2023-07-01,85900.0,11.361,31.0,961.0,DEFENDER,Right-Back,Cote d'Ivoire,UNKNOWN,,,,,UNKNOWN,,,
cf1fec69-316,plr_18fb12f0,2023_2024,2023-07-01,14860700.0,16.5142,26.0,676.0,MIDFIELDER,Central Midfield,Netherlands,club_e086bfa1,,,,,UNKNOWN,,,
8ccf5f28-da9,plr_e32d3595,2023_2024,2023-07-01,10737500.0,16.1893,24.0,576.0,MIDFIELDER,Defensive Midfield,Brazil,UNKNOWN,,,,,UNKNOWN,,,
abaa4d76-f7f,plr_cb48d7d0,2023_2024,2023-07-01,3951400.0,15.1896,21.0,441.0,FORWARD,Left Winger,Cote d'Ivoire,UNKNOWN,,,,,UNKNOWN,,,
f0d048f6-972,plr_bccfb951,2023_2024,2023-07-01,2319300.0,14.6568,22.0,484.0,MIDFIELDER,Attacking Midfield,Tunisia,UNKNOWN,,,,,UNKNOWN,,,
4437f0d4-b2e,plr_67295785,2023_2024,2023-07-01,2147500.0,14.5798,28.0,784.0,GOALKEEPER,Goalkeeper,Croatia,UNKNOWN,,,,,UNKNOWN,,,
410c948f-f5a,plr_44f9fb5c,2023_2024,2023-07-01,14603000.0,16.4967,23.0,529.0,FORWARD,Left Winger,Senegal,club_559decae,70,2.188,38.0,,UNKNOWN,,,
bba9ac36-51c,plr_901fe80d,2023_2024,2023-07-01,39771700.0,17.4987,26.0,676.0,MIDFIELDER,Attacking Midfield,England,UNKNOWN,,,,,UNKNOWN,,,
f38b4d3e-44d,plr_212bfe1f,2023_2024,2023-07-01,34360000.0,17.3524,22.0,484.0,DEFENDER,Centre-Back,Netherlands,UNKNOWN,,,,,UNKNOWN,,,
397d1ca6-6eb,plr_842d3ba4,2023_2024,2023-07-01,34360000.0,17.3524,23.0,529.0,DEFENDER,Right-Back,Spain,UNKNOWN,,,,,UNKNOWN,,,
105458ac-4a2,plr_a3010a44,2023_2024,2023-07-01,25770000.0,17.0647,23.0,529.0,MIDFIELDER,Attacking Midfield,Sweden,UNKNOWN,,,,,UNKNOWN,,,
fc3b5abe-646,plr_b46dc6d7,2023_2024,2023-07-01,24052000.0,16.9957,21.0,441.0,DEFENDER,Centre-Back,Romania,UNKNOWN,,,,,UNKNOWN,,,
b307f66d-3e8,plr_cd17d787,2023_2024,2023-07-01,15891500.0,16.5813,26.0,676.0,GOALKEEPER,Goalkeeper,Italy,UNKNOWN,,,,,UNKNOWN,,,
e3543471-198,plr_693aaf28,2023_2024,2023-07-01,12885000.0,16.3716,20.0,400.0,FORWARD,Centre-Forward,Argentina,UNKNOWN,,,,,UNKNOWN,,,
3951f663-e8c,plr_f8f939a9,2023_2024,2023-07-01,1975700.0,14.4964,18.0,324.0,DEFENDER,Centre-Back,England,UNKNOWN,,,,,UNKNOWN,,,
439de166-4bb,plr_8eb0bb19,2023_2024,2023-07-01,81605000.0,18.2174,30.0,900.0,FORWARD,Centre-Forward,England,UNKNOWN,,,,,UNKNOWN,,,
1647c615-ea1,plr_11a69670,2023_2024,2023-07-01,8160500.0,15.9148,27.0,729.0,DEFENDER,Centre-Back,Colombia,UNKNOWN,,,,,UNKNOWN,,,
4d0216f4-2ba,plr_655a21e1,2023_2024,2023-07-01,36937000.0,17.4247,23.0,529.0,FORWARD,Right Winger,Ghana,UNKNOWN,,,,,UNKNOWN,,,
ef573768-428,plr_8373bb64,2023_2024,2023-07-01,32642000.0,17.3011,25.0,625.0,MIDFIELDER,Defensive Midfield,Mexico,UNKNOWN,,,,,UNKNOWN,,,
e4f52273-757,plr_ca21714d,2023_2024,2023-07-01,29893200.0,17.2131,28.0,784.0,MIDFIELDER,Central Midfield,England,UNKNOWN,,,,,UNKNOWN,,,
c08c4b63-27a,plr_aa1bc266,2023_2024,2023-07-01,17180000.0,16.6593,25.0,625.0,DEFENDER,Centre-Back,Greece,UNKNOWN,,,,,UNKNOWN,,,
26ff546f-232,plr_537016a9,2023_2024,2023-07-01,1503250.0,14.2231,23.0,529.0,MIDFIELDER,Central Midfield,Scotland,UNKNOWN,,,,,UNKNOWN,,,
42f18ab0-cb0,plr_f10d6756,2023_2024,2023-07-01,24052000.0,16.9957,24.0,576.0,FORWARD,Centre-Forward,Italy,UNKNOWN,,,,,UNKNOWN,,,
2052c6f3-a9e,plr_9d39ada1,2023_2024,2023-07-01,6872000.0,15.743,27.0,729.0,MIDFIELDER,Central Midfield,Spain,UNKNOWN,,,,,UNKNOWN,,,
1b5d1767-cb2,plr_33306427,2023_2024,2023-07-01,996440.0,13.8119,23.0,529.0,MIDFIELDER,Defensive Midfield,Ireland,UNKNOWN,,,,,UNKNOWN,,,
fdf7860c-fa1,plr_cf45ba4c,2023_2024,2023-07-01,42950000.0,17.5755,24.0,576.0,FORWARD,Centre-Forward,Brazil,UNKNOWN,,,,,UNKNOWN,,,
a68ab5ce-096,plr_5f9e44c6,2023_2024,2023-07-01,12885000.0,16.3716,25.0,625.0,MIDFIELDER,Central Midfield,Haiti,UNKNOWN,,,,,UNKNOWN,,,
e98e25a8-c79,plr_79a2bc2d,2023_2024,2023-07-01,10308000.0,16.1484,24.0,576.0,DEFENDER,Centre-Back,Uruguay,UNKNOWN,,,,,UNKNOWN,,,
52d7324c-0b6,plr_0c7249ff,2023_2024,2023-07-01,9449000.0,16.0614,21.0,441.0,MIDFIELDER,Defensive Midfield,Mali,UNKNOWN,,,,,UNKNOWN,,,
68e9fd9d-97c,plr_3f2c8aec,2023_2024,2023-07-01,5154000.0,15.4553,18.0,324.0,FORWARD,Left Winger,Paraguay,UNKNOWN,,,,,UNKNOWN,,,
59ec9387-343,plr_6edc17bd,2023_2024,2023-07-01,47245000.0,17.6709,26.0,676.0,MIDFIELDER,Defensive Midfield,Portugal,UNKNOWN,,,,,UNKNOWN,,,
d861ba4d-e9d,plr_01a61434,2023_2024,2023-07-01,1202600.0,14.0,26.0,676.0,GOALKEEPER,Goalkeeper,Montenegro,UNKNOWN,,,,,UNKNOWN,,,
