transfer_id,master_player_id,season_id,transfer_date,fee_gbp,log_fee_gbp,age_at_transfer,age_squared,position,previous_transfer_count,career_minutes_before_transfer,career_goals_before_transfer,selling_club_pts_t1,selling_club_gd_t1,transfer_month,is_summer_window
7fc90591-550,plr_d4fe9a7f,2018_2019,2018-07-01,60342000.0,17.91553895322688,,,UNKNOWN,0,0,0,,,7,1
94b04300-6b2,plr_6ce27a5c,2018_2019,2018-07-01,5607000.0,15.539526553454287,,,UNKNOWN,0,0,0,,,7,1
21b2e143-861,plr_d9942f53,2018_2019,2018-07-01,2225000.0,14.615267923020578,,,UNKNOWN,0,0,0,,,7,1
8df1aa0a-d72,plr_891787eb,2018_2019,2018-07-01,979000.0,13.794287942962585,,,UNKNOWN,0,0,0,,,7,1
12269456-437,plr_4311aba5,2018_2019,2018-07-01,792100.0,13.582444187918435,,,UNKNOWN,0,0,0,,,7,1
f101d124-116,plr_2fe7533c,2018_2019,2018-07-01,15130000.0,16.53219015185839,,,UNKNOWN,0,0,0,,,7,1
f58799a2-6fa,plr_adc0bd21,2018_2019,2018-07-01,10057000.0,16.12377956685984,,,UNKNOWN,0,0,0,,,7,1
d33bd6a1-89a,plr_3a4682e5,2018_2019,2018-07-01,3471000.0,15.059953582945294,,,UNKNOWN,0,0,0,,,7,1
252e6531-265,plr_4b4e9062,2018_2019,2018-07-01,3026000.0,14.92275250379965,,,UNKNOWN,0,0,0,,,7,1
c44a74e1-52f,plr_88531af6,2018_2019,2018-07-01,52510000.0,17.776514204658035,,,UNKNOWN,0,0,0,,,7,1
278fbb72-ea3,plr_3b898ca3,2018_2019,2018-07-01,19580000.0,16.79001924613916,,,UNKNOWN,0,0,0,,,7,1
8b05c788-474,plr_20bf0c13,2018_2019,2018-07-01,1513000.0,14.229605653708807,,,UNKNOWN,0,0,0,,,7,1
0b6d12c6-20f,plr_5345e7e6,2018_2019,2018-07-01,14240000.0,16.47156553417282,,,UNKNOWN,0,0,0,,,7,1
22b9bd43-13a,plr_fac07f1b,2018_2019,2018-07-01,6541500.0,15.693677207803193,,,UNKNOWN,0,0,0,,,7,1
d4a4ed7a-926,plr_99affe97,2018_2019,2018-07-01,6408000.0,15.673057923785251,,,UNKNOWN,0,0,0,,,7,1
b8122fa0-8eb,plr_d66f80e9,2018_2019,2018-07-01,4761500.0,15.376073512634067,,,UNKNOWN,0,0,0,,,7,1
505a75b0-822,plr_977f13d1,2018_2019,2018-07-01,64525000.0,17.98256331906682,,,UNKNOWN,0,0,0,,,7,1
af76ae1e-4dd,plr_84f33201,2018_2019,2018-07-01,53400000.0,17.793321322657015,,,UNKNOWN,0,0,0,,,7,1
654f1935-8c3,plr_5b5a812c,2018_2019,2018-07-01,40050000.0,17.50563925644743,,,UNKNOWN,0,0,0,,,7,1
dbdbe580-bf7,plr_1b87d1fe,2018_2019,2018-07-01,13083000.0,16.386824311928077,,,UNKNOWN,0,0,0,,,7,1
e3b11b25-790,plr_9732bf26,2018_2019,2018-07-01,18868000.0,16.752977976386077,,,UNKNOWN,0,0,0,,,7,1
13718e8d-5e2,plr_bba8cd3e,2018_2019,2018-07-01,12460000.0,16.3380341515804,,,UNKNOWN,0,0,0,,,7,1
055dda0d-2b0,plr_1f14c6b5,2018_2019,2018-07-01,1352800.0,14.117687815773804,,,UNKNOWN,0,0,0,,,7,1
24f2c9bf-645,plr_b4e80d7d,2018_2019,2018-07-01,71200000.0,18.08100339042715,,,UNKNOWN,0,0,0,,,7,1
8a4f2d5d-1f2,plr_c8e1d3e4,2018_2019,2018-07-01,56960000.0,17.857859842624173,,,UNKNOWN,0,0,0,,,7,1
765d8279-fa5,plr_b4894a46,2018_2019,2018-07-01,50730000.0,17.742028029255074,,,UNKNOWN,0,0,0,,,7,1
d02ef27f-bd6,plr_fc038919,2018_2019,2018-07-01,31150000.0,17.254324835300466,,,UNKNOWN,0,0,0,,,7,1
b37c7ac4-c59,plr_29b78a2b,2018_2019,2018-07-01,8010000.0,15.89620144388848,,,UNKNOWN,0,0,0,,,7,1
573223b1-2ce,plr_c757edcd,2018_2019,2018-07-01,25498500.0,17.054130224087064,,,UNKNOWN,0,0,0,,,7,1
200527a3-e4b,plr_634e9930,2018_2019,2018-07-01,22250000.0,16.917852611520342,,,UNKNOWN,0,0,0,,,7,1
55290cca-942,plr_5c4b19bc,2018_2019,2018-07-01,14240000.0,16.47156553417282,,,UNKNOWN,0,0,0,,,7,1
7cbe0888-ddb,plr_81a1d9d8,2018_2019,2018-07-01,7120000.0,15.778418423837588,,,UNKNOWN,0,0,0,,,7,1
30679011-9fe,plr_df840e05,2018_2019,2018-07-01,15041000.0,16.52629043012229,,,UNKNOWN,0,0,0,,,7,1
3c854ebf-0d1,plr_1a143339,2018_2019,2018-07-01,10858000.0,16.20041278554552,,,UNKNOWN,0,0,0,,,7,1
e35f90f4-7e5,plr_70d3e67e,2018_2019,2018-07-01,7120000.0,15.778418423837588,,,UNKNOWN,0,0,0,,,7,1
648359d1-69b,plr_b01d671b,2018_2019,2018-07-01,34888000.0,17.36765351716789,,,UNKNOWN,0,0,0,,,7,1
eb050f6f-ae8,plr_0dd44e08,2018_2019,2018-07-01,26922500.0,17.108472963328826,,,UNKNOWN,0,0,0,,,7,1
2877820f-f91,plr_45f061fc,2018_2019,2018-07-01,17978000.0,16.70465940173902,,,UNKNOWN,0,0,0,,,7,1
bfad9f1d-b86,plr_0ef34d4b,2018_2019,2018-07-01,12015000.0,16.301666510382,,,UNKNOWN,0,0,0,,,7,1
4fed5fd3-45f,plr_3c865baa,2018_2019,2018-07-01,8010000.0,15.89620144388848,,,UNKNOWN,0,0,0,,,7,1
632ee12c-0df,plr_b2e83c13,2018_2019,2018-07-01,4094000.0,15.225033289463235,,,UNKNOWN,0,0,0,,,7,1
66b640f8-ca3,plr_08c4ff98,2018_2019,2018-07-01,22250000.0,16.917852611520342,,,UNKNOWN,0,0,0,,,7,1
2af56b5a-dcb,plr_b35c022e,2018_2019,2018-07-01,19580000.0,16.79001924613916,,,UNKNOWN,0,0,0,,,7,1
7c2ec4b0-166,plr_63f8c48b,2018_2019,2018-07-01,18779000.0,16.748249835441314,,,UNKNOWN,0,0,0,,,7,1
39250c82-7a6,plr_19ce8a87,2018_2019,2018-07-01,12905000.0,16.373125468624192,,,UNKNOWN,0,0,0,,,7,1
5feeb86c-c62,plr_83c69039,2018_2019,2018-07-01,12460000.0,16.3380341515804,,,UNKNOWN,0,0,0,,,7,1
3b7e62a0-67c,plr_57e4dcc2,2018_2019,2018-07-01,3560000.0,15.08527138372705,,,UNKNOWN,0,0,0,,,7,1
d7dfa7a2-155,plr_bacca275,2018_2019,2018-07-01,8900000.0,16.001561947061912,,,UNKNOWN,0,0,0,,,7,1
57b03145-d18,plr_d3c9cb2e,2018_2019,2018-07-01,21360000.0,16.877030618872748,,,UNKNOWN,0,0,0,,,7,1
955f6f3c-859,plr_b40eeb69,2018_2019,2018-07-01,9523000.0,16.069220588185104,,,UNKNOWN,0,0,0,,,7,1
1de0c933-e51,plr_bd5e5c2f,2018_2019,2018-07-01,6230000.0,15.644887051277268,,,UNKNOWN,0,0,0,,,7,1
02697d42-ecf,plr_1b522698,2018_2019,2018-07-01,5963000.0,15.601084435806051,,,UNKNOWN,0,0,0,,,7,1
90b0b4a8-eea,plr_8df5df51,2018_2019,2018-07-01,3560000.0,15.08527138372705,,,UNKNOWN,0,0,0,,,7,1
57ecd9a0-a0e,plr_3c1b82bc,2018_2019,2018-07-01,3560000.0,15.08527138372705,,,UNKNOWN,0,0,0,,,7,1
c244b357-350,plr_16f6ad9e,2018_2019,2018-07-01,21983000.0,16.90578003083195,,,UNKNOWN,0,0,0,,,7,1
29537f30-d90,plr_ed6df28a,2018_2019,2018-07-01,4147400.0,15.237992430960764,,,UNKNOWN,0,0,0,,,7,1
43609cea-5bb,plr_3474ca80,2018_2019,2018-07-01,1691000.0,14.340831219246597,,,UNKNOWN,0,0,0,,,7,1
2b04e9c2-c65,plr_d52c07a2,2018_2019,2018-07-01,347100.0,12.757371082859844,,,UNKNOWN,0,0,0,,,7,1
9ff04104-87c,plr_8a51f508,2018_2019,2018-07-01,9523000.0,16.069220588185104,,,UNKNOWN,0,0,0,,,7,1
1b05ce03-ff9,plr_9fd87804,2018_2019,2018-07-01,27145000.0,17.116703462160885,,,UNKNOWN,0,0,0,,,7,1
a53f295b-c35,plr_b57732f9,2018_2019,2018-07-01,13350000.0,16.407027017716896,,,UNKNOWN,0,0,0,,,7,1
1b684efc-3ff,plr_5285d7af,2018_2019,2018-07-01,12104000.0,16.309046617067644,,,UNKNOWN,0,0,0,,,7,1
fae93c04-bba,plr_b26ab018,2018_2019,2018-07-01,10057000.0,16.12377956685984,,,UNKNOWN,0,0,0,,,7,1
535d3edc-d58,plr_80e8a9ac,2018_2019,2018-07-01,6052000.0,15.615899519125003,,,UNKNOWN,0,0,0,,,7,1
94d9d1fb-e64,plr_c676e533,2018_2019,2018-07-01,33820000.0,17.336562931003012,,,UNKNOWN,0,0,0,,,7,1
2723a4f1-855,plr_f5d6ab96,2018_2019,2018-07-01,22250000.0,16.917852611520342,,,UNKNOWN,0,0,0,,,7,1
0f54bf27-4fb,plr_53c88d25,2018_2019,2018-07-01,17800000.0,16.694709071442087,,,UNKNOWN,0,0,0,,,7,1
e8a01c23-9d7,plr_ac110e71,2018_2019,2018-07-01,7120000.0,15.778418423837588,,,UNKNOWN,0,0,0,,,7,1
e8c63d46-161,plr_65c5779e,2018_2019,2018-07-01,3560000.0,15.08527138372705,,,UNKNOWN,0,0,0,,,7,1
e878fd13-882,plr_e23bcf5d,2018_2019,2018-07-01,1335000.0,14.104442598879876,,,UNKNOWN,0,0,0,,,7,1
91c8c55c-b98,plr_705377af,2018_2019,2018-07-01,1513000.0,14.229605653708807,,,UNKNOWN,0,0,0,,,7,1
39d72caf-ef8,plr_bcb1cd3e,2018_2019,2018-07-01,11570000.0,16.26392618560028,,,UNKNOWN,0,0,0,,,7,1
d45ed6b1-2f9,plr_d347b54b,2018_2019,2018-07-01,4450000.0,15.308414878861498,,,UNKNOWN,0,0,0,,,7,1
dba8a2a8-a18,plr_a7a47032,2018_2019,2018-07-01,2492000.0,14.728596560173509,,,UNKNOWN,0,0,0,,,7,1
8a5f675e-85c,plr_20fde6cf,2018_2019,2018-07-01,2002500.0,14.509907457300306,,,UNKNOWN,0,0,0,,,7,1
c551e7b7-7c7,plr_8f10420e,2018_2019,2018-07-01,2002500.0,14.509907457300306,,,UNKNOWN,0,0,0,,,7,1
efe56e4e-587,plr_304213b2,2018_2019,2018-07-01,1780000.0,14.392124484065864,,,UNKNOWN,0,0,0,,,7,1
4ec2ea3e-9b9,plr_3720f0c5,2018_2019,2018-07-01,1513000.0,14.229605653708807,,,UNKNOWN,0,0,0,,,7,1
ffab1cca-431,plr_5addcb66,2018_2019,2018-07-01,979000.0,13.794287942962585,,,UNKNOWN,0,0,0,,,7,1
c9e60884-ce5,plr_2195712e,2018_2019,2018-07-01,2011400.0,14.514342052158547,,,UNKNOWN,0,0,0,,,7,1
afd4aad2-eec,plr_1b36a009,2018_2019,2018-07-01,20025000.0,16.812492100856275,,,UNKNOWN,0,0,0,,,7,1
769168e5-260,plr_84948ef1,2018_2019,2018-07-01,14952000.0,16.52035569499822,,,UNKNOWN,0,0,0,,,7,1
e6df14b9-a42,plr_c942c5b8,2018_2019,2018-07-01,8900000.0,16.001561947061912,,,UNKNOWN,0,0,0,,,7,1
bd25b361-2c1,plr_cda89c8b,2018_2019,2018-07-01,7120000.0,15.778418423837588,,,UNKNOWN,0,0,0,,,7,1
2e104d1f-de9,plr_4a5b40cd,2018_2019,2018-07-01,6230000.0,15.644887051277268,,,UNKNOWN,0,0,0,,,7,1
389bc865-ef8,plr_74154d84,2018_2019,2018-07-01,5340000.0,15.490736398202278,,,UNKNOWN,0,0,0,,,7,1
3418aa80-e7a,plr_2c8a55cc,2018_2019,2018-07-01,4005000.0,15.203054388172456,,,UNKNOWN,0,0,0,,,7,1
d36f7e8c-e51,plr_6d952da6,2018_2019,2018-07-01,3159500.0,14.965924661701374,,,UNKNOWN,0,0,0,,,7,1
d4404a9f-9e1,plr_104c652f,2018_2019,2018-07-01,2848000.0,14.862127902637537,,,UNKNOWN,0,0,0,,,7,1
49753934-46c,plr_ce1ab973,2018_2019,2018-07-01,2670000.0,14.797589404908198,,,UNKNOWN,0,0,0,,,7,1
81ec8f34-2e3,plr_e5e9177e,2018_2019,2018-07-01,2581000.0,14.763687866147402,,,UNKNOWN,0,0,0,,,7,1
64063f07-c08,plr_42bb6778,2018_2019,2018-07-01,1958000.0,14.487434612797692,,,UNKNOWN,0,0,0,,,7,1
44b44c03-16c,plr_74563a10,2018_2019,2018-07-01,765400.0,13.548155158479288,,,UNKNOWN,0,0,0,,,7,1
e424c6dd-a45,plr_33cfc77f,2018_2019,2018-07-01,97900.0,11.49171204297103,,,UNKNOWN,0,0,0,,,7,1
c2048fbd-2ba,plr_fbb623c8,2018_2019,2018-07-01,3471000.0,15.059953582945294,,,UNKNOWN,0,0,0,,,7,1
447a6003-3f2,plr_9bde845b,2018_2019,2018-07-01,3026000.0,14.92275250379965,,,UNKNOWN,0,0,0,,,7,1
d39e6cca-4d3,plr_77d5ede2,2018_2019,2018-07-01,1068000.0,13.881299234831427,,,UNKNOWN,0,0,0,,,7,1
203d1b11-b6b,plr_8d8aeb04,2018_2019,2018-07-01,890000.0,13.698977865303197,,,UNKNOWN,0,0,0,,,7,1
3afa8195-575,plr_dda5e347,2018_2019,2018-07-01,17800000.0,16.694709071442087,,,UNKNOWN,0,0,0,,,7,1
07e12b19-9e2,plr_34f1a0f5,2018_2019,2018-07-01,8900000.0,16.001561947061912,,,UNKNOWN,0,0,0,,,7,1
c13e3244-d82,plr_09b8c77a,2018_2019,2018-07-01,5785000.0,15.570779091470746,,,UNKNOWN,0,0,0,,,7,1
18bec550-f6b,plr_ce293b28,2018_2019,2018-07-01,4450000.0,15.308414878861498,,,UNKNOWN,0,0,0,,,7,1
1bdfc572-9d3,plr_19dfd711,2018_2019,2018-07-01,2225000.0,14.615267923020578,,,UNKNOWN,0,0,0,,,7,1
c11857a1-c94,plr_d111f137,2018_2019,2018-07-01,2225000.0,14.615267923020578,,,UNKNOWN,0,0,0,,,7,1
90e6906b-483,plr_2fb371b5,2018_2019,2018-07-01,1513000.0,14.229605653708807,,,UNKNOWN,0,0,0,,,7,1
200f529a-0d0,plr_658dd79f,2018_2019,2018-07-01,9968000.0,16.114890620330392,,,UNKNOWN,0,0,0,,,7,1
1f0f2a36-829,plr_7d2d9a69,2018_2019,2018-07-01,293700.0,12.59031752201578,,,UNKNOWN,0,0,0,,,7,1
752f5a3a-7f2,plr_67be5fcc,2018_2019,2018-07-01,22250000.0,16.917852611520342,,,UNKNOWN,0,0,0,,,7,1
e2798055-cf7,plr_c3263e37,2018_2019,2018-07-01,16020000.0,16.58934856202646,,,UNKNOWN,0,0,0,,,7,1
6768acf6-09c,plr_4e572f44,2018_2019,2018-07-01,7075500.0,15.772148811707321,,,UNKNOWN,0,0,0,,,7,1
24e4c4fb-3c5,plr_2553d4ca,2018_2019,2018-07-01,12193000.0,16.31637265655667,,,UNKNOWN,0,0,0,,,7,1
eff10b20-d8c,plr_27f45a15,2018_2019,2018-07-01,10591000.0,16.17551523624559,,,UNKNOWN,0,0,0,,,7,1
d5099bb6-ed7,plr_31c4b970,2018_2019,2018-07-01,18690000.0,16.74349923293629,,,UNKNOWN,0,0,0,,,7,1
6f5901e4-ae7,plr_c7aeef1f,2018_2019,2018-07-01,17800000.0,16.694709071442087,,,UNKNOWN,0,0,0,,,7,1
390223a4-88e,plr_63a1c29e,2018_2019,2018-07-01,16020000.0,16.58934856202646,,,UNKNOWN,0,0,0,,,7,1
a6a1eb61-4a8,plr_71723f7c,2018_2019,2018-07-01,12460000.0,16.3380341515804,,,UNKNOWN,0,0,0,,,7,1
27fc4ec8-af6,plr_5d39258c,2018_2019,2018-07-01,10680000.0,16.18388348512928,,,UNKNOWN,0,0,0,,,7,1
c13d9eb9-848,plr_db8f402d,2018_2019,2018-07-01,4984000.0,15.42174354009146,,,UNKNOWN,0,0,0,,,7,1
cf024e2c-061,plr_847ffb23,2018_2019,2018-07-01,4227500.0,15.257121596301266,,,UNKNOWN,0,0,0,,,7,1
d6348ad8-9d8,plr_52496127,2018_2019,2018-07-01,3560000.0,15.08527138372705,,,UNKNOWN,0,0,0,,,7,1
863e9f0e-fd8,plr_c4f139f8,2018_2019,2018-07-01,2002500.0,14.509907457300306,,,UNKNOWN,0,0,0,,,7,1
8fcfb14e-9e7,plr_4597433e,2018_2019,2018-07-01,3026000.0,14.92275250379965,,,UNKNOWN,0,0,0,,,7,1
46e9df8d-f84,plr_764640ab,2018_2019,2018-07-01,1513000.0,14.229605653708807,,,UNKNOWN,0,0,0,,,7,1
fb323077-5d0,plr_b4a4084b,2018_2019,2018-07-01,15130000.0,16.53219015185839,,,UNKNOWN,0,0,0,,,7,1
1a298a91-2d7,plr_fdd76e4b,2018_2019,2018-07-01,10146000.0,16.132590195669778,,,UNKNOWN,0,0,0,,,7,1
480b59ac-62f,plr_1cd7820a,2018_2019,2018-07-01,10101500.0,16.12819458463093,,,UNKNOWN,0,0,0,,,7,1
5dd0736a-f33,plr_e694cc73,2018_2019,2018-07-01,3560000.0,15.08527138372705,,,UNKNOWN,0,0,0,,,7,1
17a43adc-dab,plr_205966c9,2018_2019,2018-07-01,3560000.0,15.08527138372705,,,UNKNOWN,0,0,0,,,7,1
e59c9cbe-e92,plr_8af13f12,2018_2019,2018-07-01,3070500.0,14.937351298431395,,,UNKNOWN,0,0,0,,,7,1
83946009-ca5,plr_2c5df6c4,2018_2019,2018-07-01,26700000.0,17.10017416082366,,,UNKNOWN,0,0,0,,,7,1
37cdfe8d-6e1,plr_f115b1c8,2018_2019,2018-07-01,22116500.0,16.91183453946607,,,UNKNOWN,0,0,0,,,7,1
12d98aac-337,plr_83cadcaf,2018_2019,2018-07-01,14996500.0,16.523327465188917,,,UNKNOWN,0,0,0,,,7,1
5863bef9-1c6,plr_0459a50c,2018_2019,2018-07-01,5963000.0,15.601084435806051,,,UNKNOWN,0,0,0,,,7,1
f2389805-140,plr_47cfcd49,2018_2019,2018-07-01,5340000.0,15.490736398202278,,,UNKNOWN,0,0,0,,,7,1
136a9208-afa,plr_eb8a0fc7,2018_2019,2018-07-01,3560000.0,15.08527138372705,,,UNKNOWN,0,0,0,,,7,1
3273aaa7-6eb,plr_843ea864,2018_2019,2018-07-01,1780000.0,14.392124484065864,,,UNKNOWN,0,0,0,,,7,1
b2a97bea-95e,plr_66f45059,2019_2020,2019-07-01,63000000.0,17.958645300228824,,,UNKNOWN,0,0,0,,,7,1
f939f9d7-bdb,plr_327ece73,2019_2020,2019-07-01,58500000.0,17.8845373292961,,,UNKNOWN,0,0,0,,,7,1
31da409f-081,plr_b6b8cae5,2019_2020,2019-07-01,10800000.0,16.195056784687036,,,UNKNOWN,0,0,0,,,7,1
351561ce-cfd,plr_d332cebc,2019_2020,2019-07-01,10800000.0,16.195056784687036,,,UNKNOWN,0,0,0,,,7,1
b8ab7475-5a9,plr_d9dae094,2019_2020,2019-07-01,6138000.0,15.630009677081324,,,UNKNOWN,0,0,0,,,7,1
c804e0d3-10b,plr_ef242937,2019_2020,2019-07-01,2700000.0,14.80876270134486,,,UNKNOWN,0,0,0,,,7,1
1fcb26c0-f94,plr_76a44c23,2019_2020,2019-07-01,900000.0,13.710151153416941,,,UNKNOWN,0,0,0,,,7,1
8ba96375-9cb,plr_470aff4c,2019_2020,2019-07-01,33300000.0,17.3210679849807,,,UNKNOWN,0,0,0,,,7,1
1ecc38d5-f3b,plr_f11e8f77,2019_2020,2019-07-01,8550000.0,15.961441957872001,,,UNKNOWN,0,722,0,,,7,1
a9501d9a-614,plr_c9a87952,2019_2020,2019-07-01,7650000.0,15.850216336521664,,,UNKNOWN,0,0,0,,,7,1
49c730c0-03c,plr_09c5ae11,2019_2020,2019-07-01,1710000.0,14.352004513273993,,,UNKNOWN,0,0,0,,,7,1
1010cc76-1b1,plr_ad21f153,2019_2020,2019-07-01,6480000.0,15.684231222649434,,,UNKNOWN,1,0,0,,,7,1
9c119e3a-dd6,plr_76c2506a,2019_2020,2019-07-01,6300000.0,15.656060350091908,,,UNKNOWN,0,0,0,,,7,1
55f0baf7-89b,plr_75cff6ca,2019_2020,2019-07-01,40500000.0,17.516812556768127,,,UNKNOWN,1,1725,0,,,7,1
a807ef7b-4f5,plr_0daccff1,2019_2020,2019-07-01,108720000.0,18.5042863370051,,,UNKNOWN,0,2918,16,,,7,1
26594a94-d0c,plr_93e98e82,2019_2020,2019-07-01,8100000.0,15.90737474309945,,,UNKNOWN,1,0,0,,,7,1
afd87f6d-9e1,plr_a5f4fc03,2019_2020,2019-07-01,7830000.0,15.873473195680898,,,UNKNOWN,0,0,0,,,7,1
426145e2-bb1,plr_6ca10512,2019_2020,2019-07-01,55800000.0,17.837284445272687,,,UNKNOWN,0,0,0,,,7,1
ed2ee30e-e7c,plr_f428296c,2019_2020,2019-07-01,27000000.0,17.11134746100564,,,UNKNOWN,0,0,0,,,7,1
caf4dfe8-733,plr_5db62951,2019_2020,2019-07-01,24300000.0,17.00598694946304,,,UNKNOWN,0,2291,2,,,7,1
a50ce30d-4e7,plr_2f41b992,2019_2020,2019-07-01,9900000.0,16.108045416114916,,,UNKNOWN,0,0,0,,,7,1
eed06e21-cb3,plr_d1d2a3e7,2019_2020,2019-07-01,24300000.0,17.00598694946304,,,UNKNOWN,0,2770,8,,,7,1
f0906321-c71,plr_ab4ca947,2019_2020,2019-07-01,19800000.0,16.801192546169812,,,UNKNOWN,0,2275,1,,,7,1
1300914f-d8b,plr_82df0ec9,2019_2020,2019-07-01,8100000.0,15.90737474309945,,,UNKNOWN,1,36,0,,,7,1
d7148479-c63,plr_8f9ee1b7,2019_2020,2019-07-01,72000000.0,18.09217669086922,,,UNKNOWN,0,0,0,,,7,1
38acf972-fb2,plr_a676aabc,2019_2020,2019-07-01,27000000.0,17.11134746100564,,,UNKNOWN,0,0,0,,,7,1
92331da1-7db,plr_613a0af2,2019_2020,2019-07-01,24300000.0,17.00598694946304,,,UNKNOWN,0,0,0,,,7,1
867289f7-3e8,plr_23d4c173,2019_2020,2019-07-01,6390000.0,15.670244982848228,,,UNKNOWN,0,0,0,,,7,1
fb14508e-0ce,plr_c565aaf3,2019_2020,2019-07-01,27360000.0,17.12459268726833,,,UNKNOWN,0,1961,3,,,7,1
01f2a17c-b0c,plr_f307296c,2019_2020,2019-07-01,7380000.0,15.814284332078001,,,UNKNOWN,1,0,0,,,7,1
7c9cf38d-605,plr_de11106d,2019_2020,2019-07-01,4500000.0,15.319588176962746,,,UNKNOWN,0,1329,3,,,7,1
2d3c04b8-afc,plr_b42fb01d,2019_2020,2019-07-01,1980000.0,14.498607907721096,,,UNKNOWN,0,165,0,,,7,1
81cb5b70-ece,plr_810d5971,2019_2020,2019-07-01,225000.0,12.323860125621126,,,UNKNOWN,0,1860,1,,,7,1
18b7a241-ea2,plr_e3d94a33,2019_2020,2019-07-01,78300000.0,18.176058173732425,,,UNKNOWN,0,2596,3,,,7,1
3c98ac7b-dc3,plr_1cc801df,2019_2020,2019-07-01,58500000.0,17.8845373292961,,,UNKNOWN,0,0,0,,,7,1
5197a76f-273,plr_684bc4d0,2019_2020,2019-07-01,49500000.0,17.71748324774094,,,UNKNOWN,0,3134,0,,,7,1
ea219d6a-303,plr_8ab5b7a9,2019_2020,2019-07-01,16020000.0,16.58934856202646,,,UNKNOWN,0,0,0,,,7,1
473335cf-497,plr_87480001,2019_2020,2019-07-01,66600000.0,18.014215150525633,,,UNKNOWN,0,2126,12,,,7,1
7f20889c-c8c,plr_36f73597,2019_2020,2019-07-01,2232000.0,14.618409050511913,,,UNKNOWN,0,443,0,,,7,1
eb8f7eee-499,plr_a50887e3,2019_2020,2019-07-01,1530000.0,14.240778946963175,,,UNKNOWN,0,2568,2,,,7,1
1b8667a1-390,plr_cf8e9dd2,2019_2020,2019-07-01,34200000.0,17.3477362312726,,,UNKNOWN,1,3112,13,,,7,1
e16b0d1e-62f,plr_b48c8ef4,2019_2020,2019-07-01,17640000.0,16.68567966523226,,,UNKNOWN,0,0,0,,,7,1
9d1f4b74-280,plr_66d26851,2019_2020,2019-07-01,16200000.0,16.600521861931007,,,UNKNOWN,0,0,0,,,7,1
df6086e7-759,plr_98dd022f,2019_2020,2019-07-01,16110000.0,16.5949508172264,,,UNKNOWN,0,0,0,,,7,1
f4c66e89-09e,plr_39c2d6d9,2019_2020,2019-07-01,12420000.0,16.334818714984902,,,UNKNOWN,1,1465,2,,,7,1
f6cabc79-4f4,plr_acbb1404,2019_2020,2019-07-01,8010000.0,15.89620144388848,,,UNKNOWN,0,0,0,,,7,1
7efbe084-c42,plr_f444d2d7,2019_2020,2019-07-01,450000.0,13.017005083966255,,,UNKNOWN,0,0,0,,,7,1
1582a4af-f2a,plr_37dfb4ff,2019_2020,2019-07-01,24750000.0,17.024336087383013,,,UNKNOWN,0,0,0,,,7,1
34395553-83b,plr_c4284768,2019_2020,2019-07-01,22500000.0,16.929025911619092,,,UNKNOWN,0,0,0,,,7,1
f1fcab06-109,plr_40b5504c,2019_2020,2019-07-01,22500000.0,16.929025911619092,,,UNKNOWN,1,0,0,,,7,1
eb94e601-c96,plr_642b0ffa,2019_2020,2019-07-01,990000.0,13.805461232211272,,,UNKNOWN,0,0,0,,,7,1
734b41cd-c81,plr_235235e6,2019_2020,2019-07-01,27000000.0,17.11134746100564,,,UNKNOWN,0,2821,0,,,7,1
baf07348-01f,plr_e250d10e,2019_2020,2019-07-01,16200000.0,16.600521861931007,,,UNKNOWN,1,600,0,,,7,1
27e88cf2-2d1,plr_dfb435a1,2019_2020,2019-07-01,2970000.0,14.904072847479162,,,UNKNOWN,0,14,0,,,7,1
f091759c-606,plr_d23a9923,2019_2020,2019-07-01,40500000.0,17.516812556768127,,,UNKNOWN,1,1087,3,,,7,1
1458f5b4-b7c,plr_d0afa1c3,2019_2020,2019-07-01,30060000.0,17.218705975555903,,,UNKNOWN,0,2916,12,,,7,1
efc9fdd2-30b,plr_8cf7a125,2019_2020,2019-07-01,17280000.0,16.66506037921055,,,UNKNOWN,0,0,0,,,7,1
4d348960-efc,plr_5c1669b0,2019_2020,2019-07-01,6030000.0,15.612257734540833,,,UNKNOWN,0,0,0,,,7,1
5c71c4b2-330,plr_b7aa5b85,2019_2020,2019-07-01,1350000.0,14.115615891155079,,,UNKNOWN,1,0,0,,,7,1
f381eeae-ec0,plr_76beed3c,2019_2020,2019-07-01,45000000.0,17.622173069956816,,,UNKNOWN,0,0,0,,,7,1
15bd505e-78c,plr_74894589,2019_2020,2019-07-01,25200000.0,17.04235459216419,,,UNKNOWN,0,0,0,,,7,1
5879c56a-563,plr_81f65f62,2019_2020,2019-07-01,19170000.0,16.768857167186667,,,UNKNOWN,0,0,0,,,7,1
7fa29a8d-19f,plr_45be4581,2019_2020,2019-07-01,10170000.0,16.134952866353157,,,UNKNOWN,0,0,0,,,7,1
92e163b2-e52,plr_df711a71,2019_2020,2019-07-01,4230000.0,15.257712787429051,,,UNKNOWN,0,0,0,,,7,1
50f0f9c8-cc9,plr_14a412fb,2019_2020,2019-07-01,22500000.0,16.929025911619092,,,UNKNOWN,0,1988,10,,,7,1
15875367-41d,plr_9e65d294,2019_2020,2019-07-01,6975000.0,15.757843029040869,,,UNKNOWN,0,0,0,,,7,1
c8edf059-7bc,plr_30077fc2,2019_2020,2019-07-01,6975000.0,15.757843029040869,,,UNKNOWN,0,1116,0,,,7,1
8baca1a1-070,plr_48bf8be6,2019_2020,2019-07-01,2340000.0,14.66566191468422,,,UNKNOWN,1,0,0,,,7,1
2607ef41-949,plr_fdf1bdab,2019_2020,2019-07-01,2070000.0,14.543059648333223,,,UNKNOWN,1,465,3,,,7,1
880db327-dd7,plr_d62d3034,2019_2020,2019-07-01,747000.0,13.523821802802145,,,UNKNOWN,1,0,0,,,7,1
c004ea4c-957,plr_7574de8f,2019_2020,2019-07-01,27000000.0,17.11134746100564,,,UNKNOWN,0,0,0,,,7,1
98b8a4ec-912,plr_d2b1e200,2019_2020,2019-07-01,10350000.0,16.152497174294005,,,UNKNOWN,0,0,0,,,7,1
74572034-613,plr_00e15715,2019_2020,2019-07-01,7650000.0,15.850216336521664,,,UNKNOWN,0,0,0,,,7,1
92e4818d-c09,plr_6e66c0f6,2019_2020,2019-07-01,5400000.0,15.501909696719672,,,UNKNOWN,0,0,0,,,7,1
e9d647e6-b60,plr_9a8754ac,2019_2020,2019-07-01,2520000.0,14.739769856312924,,,UNKNOWN,1,1176,1,,,7,1
09f6e727-a35,plr_99bf9a2f,2019_2020,2019-07-01,39150000.0,17.48291100594387,,,UNKNOWN,0,0,0,,,7,1
09c088b5-219,plr_8858104b,2019_2020,2019-07-01,16200000.0,16.600521861931007,,,UNKNOWN,0,0,0,,,7,1
22b8daea-5b5,plr_1e6d4e3c,2019_2020,2019-07-01,4860000.0,15.396549201637972,,,UNKNOWN,0,0,0,,,7,1
ed4c3bea-c3a,plr_e421aaeb,2019_2020,2019-07-01,2016000.0,14.51662640420502,,,UNKNOWN,0,0,0,,,7,1
e5133f2c-f3e,plr_dad034bd,2019_2020,2019-07-01,14850000.0,16.51351049055305,,,UNKNOWN,0,2187,2,,,7,1
d7025fac-809,plr_575ecdb5,2019_2020,2019-07-01,14814000.0,16.51108330505908,,,UNKNOWN,0,0,0,,,7,1
b8a6decd-bf3,plr_3d445e80,2019_2020,2019-07-01,13320000.0,16.40477729815159,,,UNKNOWN,0,0,0,,,7,1
08d89da6-e38,plr_b45d0eb7,2019_2020,2019-07-01,4005000.0,15.203054388172456,,,UNKNOWN,0,0,0,,,7,1
e0dd3423-043,plr_c796514d,2019_2020,2019-07-01,20070000.0,16.81473677059813,,,UNKNOWN,1,141,0,,,7,1
8f3a5e85-a42,plr_96797f6e,2019_2020,2019-07-01,9990000.0,16.11709525072483,,,UNKNOWN,0,350,1,,,7,1
4212f895-087,plr_8c62b2af,2019_2020,2019-07-01,990000.0,13.805461232211272,,,UNKNOWN,1,0,0,,,7,1
58e41d80-b3f,plr_71c79708,2019_2020,2019-07-01,9000000.0,16.012735246411598,,,UNKNOWN,0,0,0,,,7,1
58a94a4c-6ea,plr_e8d8171c,2019_2020,2019-07-01,9000000.0,16.012735246411598,,,UNKNOWN,0,0,0,,,7,1
2bd59230-dd8,plr_8ebbb3c8,2019_2020,2019-07-01,2475000.0,14.72175135802525,,,UNKNOWN,0,0,0,,,7,1
2350a274-379,plr_1d2ae72b,2019_2020,2019-07-01,990000.0,13.805461232211272,,,UNKNOWN,0,0,0,,,7,1
cd172a04-652,plr_d6e5b3c4,2019_2020,2019-07-01,7920000.0,15.884901890053227,,,UNKNOWN,0,1710,0,,,7,1
fb709f19-eed,plr_65402e15,2019_2020,2019-07-01,15030000.0,16.525558828262753,,,UNKNOWN,0,0,0,,,7,1
eacc5a24-8c4,plr_249f5236,2019_2020,2019-07-01,14130000.0,16.463810825432116,,,UNKNOWN,0,0,0,,,7,1
1870bfa2-1b1,plr_9c7230d8,2019_2020,2019-07-01,13950000.0,16.450990137916232,,,UNKNOWN,0,1185,1,,,7,1
62d509d9-bfe,plr_ef832514,2019_2020,2019-07-01,5850000.0,15.581952390148196,,,UNKNOWN,0,32,0,,,7,1
130c1cc9-afe,plr_517efdfa,2019_2020,2019-07-01,3870000.0,15.168765323403864,,,UNKNOWN,0,970,2,,,7,1
eb3d0ab9-f71,plr_7dfe82c6,2019_2020,2019-07-01,19998000.0,16.811142876522933,,,UNKNOWN,0,0,0,,,7,1
8f33eb6b-bbc,plr_f06dc418,2019_2020,2019-07-01,14004000.0,16.45485363246486,,,UNKNOWN,0,0,0,,,7,1
8f65a45e-327,plr_86e96a92,2019_2020,2019-07-01,14004000.0,16.45485363246486,,,UNKNOWN,0,0,0,,,7,1
3d147a3a-c61,plr_7cd5b41d,2019_2020,2019-07-01,3510000.0,15.071126880342293,,,UNKNOWN,0,0,0,,,7,1
7023ecc1-f8d,plr_24f03c74,2019_2020,2019-07-01,2970000.0,14.904072847479162,,,UNKNOWN,0,2326,3,,,7,1
a62dad4b-063,plr_3d013c6a,2019_2020,2019-07-01,1080000.0,13.8924725250259,,,UNKNOWN,0,0,0,,,7,1
df517b14-fec,plr_732d7f48,2019_2020,2019-07-01,450000.0,13.017005083966255,,,UNKNOWN,0,1805,0,,,7,1
87f9f73b-110,plr_1b6c36af,2019_2020,2019-07-01,3735000.0,15.133258644286636,,,UNKNOWN,0,0,0,,,7,1
a5c01a0e-c25,plr_5d3bc85c,2019_2020,2019-07-01,450000.0,13.017005083966255,,,UNKNOWN,0,0,0,,,7,1
087b7540-c4f,plr_033a20c3,2019_2020,2019-07-01,301500.0,12.616528611893463,,,UNKNOWN,0,0,0,,,7,1
e07c5901-7e3,plr_eed8241d,2019_2020,2019-07-01,900000.0,13.710151153416941,,,UNKNOWN,0,0,0,,,7,1
6cac4d66-885,plr_a023ed0c,2019_2020,2019-07-01,180000.0,12.100717685412471,,,UNKNOWN,0,0,0,,,7,1
5e2d80ad-c57,plr_13f356d6,2019_2020,2019-07-01,22500000.0,16.929025911619092,,,UNKNOWN,0,0,0,,,7,1
1c6c45d9-698,plr_31f8a041,2019_2020,2019-07-01,17190000.0,16.659838435532386,,,UNKNOWN,0,0,0,,,7,1
d00a10da-4d8,plr_07229da2,2019_2020,2019-07-01,7020000.0,15.764273918452126,,,UNKNOWN,0,0,0,,,7,1
7b2f516d-e14,plr_eab72cd9,2019_2020,2019-07-01,5040000.0,15.43291683846023,,,UNKNOWN,0,0,0,,,7,1
3b742baf-cde,plr_6d4603f9,2019_2020,2019-07-01,3510000.0,15.071126880342293,,,UNKNOWN,0,0,0,,,7,1
ade23302-2fe,plr_fe7fc868,2019_2020,2019-07-01,180000.0,12.100717685412471,,,UNKNOWN,0,0,0,,,7,1
f79bd3cf-c21,plr_1a076377,2019_2020,2019-07-01,135000.0,11.813037464800539,,,UNKNOWN,0,0,0,,,7,1
645a9c8d-893,plr_5bf18f58,2019_2020,2019-07-01,22500000.0,16.929025911619092,,,UNKNOWN,0,0,0,,,7,1
1c4011f0-425,plr_144ac752,2019_2020,2019-07-01,11970000.0,16.297914161076342,,,UNKNOWN,0,0,0,,,7,1
b2df0bba-944,plr_f019a698,2019_2020,2019-07-01,10800000.0,16.195056784687036,,,UNKNOWN,0,0,0,,,7,1
eba6cf9e-fdc,plr_99c35a11,2019_2020,2019-07-01,9450000.0,16.061525405290027,,,UNKNOWN,0,0,0,,,7,1
51703c20-092,plr_ab4ab7f4,2019_2020,2019-07-01,9000000.0,16.012735246411598,,,UNKNOWN,0,0,0,,,7,1
99b6e62e-92f,plr_a6e1b977,2019_2020,2019-07-01,8100000.0,15.90737474309945,,,UNKNOWN,0,0,0,,,7,1
f6ef528d-29f,plr_a48c249b,2019_2020,2019-07-01,7200000.0,15.789591722875162,,,UNKNOWN,0,0,0,,,7,1
0ceca448-5d4,plr_4fed8f87,2019_2020,2019-07-01,4050000.0,15.214227685996272,,,UNKNOWN,0,0,0,,,7,1
3cee5880-f0c,plr_8108fd43,2019_2020,2019-07-01,2700000.0,14.80876270134486,,,UNKNOWN,0,0,0,,,7,1
9fdd3958-3b3,plr_661da56d,2020_2021,2020-07-01,45000000.0,17.622173069956816,,,UNKNOWN,0,0,0,,,7,1
aa822567-229,plr_99b3265e,2020_2021,2020-07-01,23400000.0,16.96824662306297,,,UNKNOWN,0,0,0,,,7,1
c01f1ca5-17c,plr_00a8d482,2020_2021,2020-07-01,5400000.0,15.501909696719672,,,UNKNOWN,3,113,0,,,7,1
3d9ae8b9-a41,plr_38ce3bf6,2020_2021,2020-07-01,1800000.0,14.403297778421795,,,UNKNOWN,0,0,0,,,7,1
07030eb3-afb,plr_7c5b9fd5,2020_2021,2020-07-01,15660000.0,16.56662031238389,,,UNKNOWN,1,770,0,,,7,1
b72048c1-06f,plr_f885a567,2020_2021,2020-07-01,30600000.0,17.236510599602347,,,UNKNOWN,0,0,0,,,7,1
31a3f256-35a,plr_d797c37f,2020_2021,2020-07-01,16560000.0,16.62250076730786,,,UNKNOWN,0,0,0,,,7,1
f00707d7-4a5,plr_38a98ab2,2020_2021,2020-07-01,14220000.0,16.470160052662855,,,UNKNOWN,0,0,0,,,7,1
227a66df-4d0,plr_0633db4c,2020_2021,2020-07-01,14175000.0,16.466990478124824,,,UNKNOWN,0,0,0,,,7,1
c51634a5-64b,plr_f7ed3f00,2020_2021,2020-07-01,25380000.0,17.049472059651617,,,UNKNOWN,0,0,0,,,7,1
45b1a53e-11d,plr_a1ddf5cf,2020_2021,2020-07-01,9900000.0,16.108045416114916,,,UNKNOWN,0,0,0,,,7,1
5ea64d8d-9ea,plr_47a4d508,2020_2021,2020-07-01,5850000.0,15.581952390148196,,,UNKNOWN,0,0,0,,,7,1
f6e483e3-197,plr_4dac028f,2020_2021,2020-07-01,3600000.0,15.096444681204078,,,UNKNOWN,0,0,0,,,7,1
74665c28-89a,plr_aa7ad5d6,2020_2021,2020-07-01,3510000.0,15.071126880342293,,,UNKNOWN,0,0,0,,,7,1
758588eb-b00,plr_58fe70d2,2020_2021,2020-07-01,900000.0,13.710151153416941,,,UNKNOWN,0,0,0,,,7,1
ea74ee02-db5,plr_24f03c74,2020_2021,2020-07-01,4050000.0,15.214227685996272,,,UNKNOWN,1,4405,5,,,7,1
0633338d-9ef,plr_2c8a55cc,2020_2021,2020-07-01,990000.0,13.805461232211272,,,UNKNOWN,1,360,0,,,7,1
714507dd-140,plr_7d91ec43,2020_2021,2020-07-01,990000.0,13.805461232211272,,,UNKNOWN,0,5009,1,,,7,1
ad845ac7-cb7,plr_bfa3a90d,2020_2021,2020-07-01,90000000.0,18.31532023940565,,,UNKNOWN,0,0,0,,,7,1
ba142a67-f12,plr_5c295cf4,2020_2021,2020-07-01,47700000.0,17.68044197682293,,,UNKNOWN,0,0,0,,,7,1
c8d5312e-3a4,plr_24dcf74a,2020_2021,2020-07-01,45180000.0,17.626165091137818,,,UNKNOWN,0,0,0,,,7,1
5a339a69-148,plr_41e64e77,2020_2021,2020-07-01,36000000.0,17.399029524198163,,,UNKNOWN,0,0,0,,,7,1
1d30df2d-272,plr_1527e18a,2020_2021,2020-07-01,21600000.0,16.888203918950687,,,UNKNOWN,0,0,0,,,7,1
b29a1074-4bb,plr_e32c66d7,2020_2021,2020-07-01,16020000.0,16.58934856202646,,,UNKNOWN,0,0,0,,,7,1
4f3e9154-115,plr_3a248523,2020_2021,2020-07-01,990000.0,13.805461232211272,,,UNKNOWN,0,0,0,,,7,1
e960cdaf-9ea,plr_167b00c7,2020_2021,2020-07-01,24750000.0,17.024336087383013,,,UNKNOWN,0,2644,0,,,7,1
90720f23-bf0,plr_ccdae309,2020_2021,2020-07-01,22140000.0,16.91289653041188,,,UNKNOWN,2,0,0,,,7,1
33633e36-d3d,plr_790049ab,2020_2021,2020-07-01,19800000.0,16.801192546169812,,,UNKNOWN,0,6217,9,,,7,1
30926473-236,plr_9bead35d,2020_2021,2020-07-01,243000.0,12.400820837540556,,,UNKNOWN,0,0,0,,,7,1
2e0be0b2-969,plr_5e7375e9,2020_2021,2020-07-01,2007000.0,14.512152126034454,,,UNKNOWN,0,1830,0,,,7,1
bfc61328-b2f,plr_61ef797c,2020_2021,2020-07-01,5850000.0,15.581952390148196,,,UNKNOWN,2,0,0,,,7,1
2854ceca-b19,plr_dda5e347,2020_2021,2020-07-01,3960000.0,15.191754835755884,,,UNKNOWN,1,2716,1,,,7,1
b608067d-fea,plr_3ea22dc0,2020_2021,2020-07-01,2880000.0,14.873301199334291,,,UNKNOWN,0,0,0,,,7,1
6a74fe34-c18,plr_971097fe,2020_2021,2020-07-01,1890000.0,14.452087916136215,,,UNKNOWN,0,0,0,,,7,1
6afbb94a-023,plr_2749971e,2020_2021,2020-07-01,1485000.0,14.210926003619385,,,UNKNOWN,0,0,0,,,7,1
ff62ddf2-297,plr_66f45059,2020_2021,2020-07-01,27000000.0,17.11134746100564,,,UNKNOWN,1,0,0,,,7,1
fe98a487-94e,plr_cf0d2dad,2020_2021,2020-07-01,18900000.0,16.75467253293992,,,UNKNOWN,0,0,0,,,7,1
f8f5d03d-ca0,plr_43fb204f,2020_2021,2020-07-01,18000000.0,16.705882371415992,,,UNKNOWN,0,0,0,,,7,1
b457a0f4-b85,plr_f5370e60,2020_2021,2020-07-01,16740000.0,16.63331168276276,,,UNKNOWN,0,0,0,,,7,1
4a7b4c7e-bd6,plr_e178c262,2020_2021,2020-07-01,15930000.0,16.583714744660867,,,UNKNOWN,1,1333,1,,,7,1
a286a15e-b5c,plr_13f27626,2020_2021,2020-07-01,11700000.0,16.275099485238066,,,UNKNOWN,0,0,0,,,7,1
5d98c8ab-0d3,plr_645b47e6,2020_2021,2020-07-01,5850000.0,15.581952390148196,,,UNKNOWN,0,0,0,,,7,1
1e884e5b-740,plr_29297e7f,2020_2021,2020-07-01,900000.0,13.710151153416941,,,UNKNOWN,0,0,0,,,7,1
207f17f7-b17,plr_f1cd55a2,2020_2021,2020-07-01,31500000.0,17.265498135541893,,,UNKNOWN,0,0,0,,,7,1
5ab4defe-6f5,plr_252933a8,2020_2021,2020-07-01,18810000.0,16.74989925444042,,,UNKNOWN,0,0,0,,,7,1
0f9f663d-e22,plr_b367ce38,2020_2021,2020-07-01,1800000.0,14.403297778421795,,,UNKNOWN,0,2583,6,,,7,1
12570a16-e84,plr_71723f7c,2020_2021,2020-07-01,40230000.0,17.510123568783044,,,UNKNOWN,1,4630,16,,,7,1
04e500d6-f90,plr_ee7c737e,2020_2021,2020-07-01,19800000.0,16.801192546169812,,,UNKNOWN,0,0,0,,,7,1
aca6e8e6-532,plr_b7330263,2020_2021,2020-07-01,11700000.0,16.275099485238066,,,UNKNOWN,0,0,0,,,7,1
f0036537-61f,plr_5f3cf632,2020_2021,2020-07-01,1665000.0,14.325336281997101,,,UNKNOWN,0,3267,0,,,7,1
8196ac2c-b50,plr_5eeb8e1a,2020_2021,2020-07-01,675000.0,13.42246945133505,,,UNKNOWN,0,0,0,,,7,1
12d434fd-497,plr_519fbfad,2020_2021,2020-07-01,10800000.0,16.195056784687036,,,UNKNOWN,0,1762,1,,,7,1
014d741f-607,plr_79c20634,2020_2021,2020-07-01,64440000.0,17.981245131791358,,,UNKNOWN,0,0,0,,,7,1
9054caa0-e2b,plr_8a925715,2020_2021,2020-07-01,40770000.0,17.523457099323274,,,UNKNOWN,0,5914,6,,,7,1
a5629819-38c,plr_d72dcec3,2020_2021,2020-07-01,30150000.0,17.221695514304965,,,UNKNOWN,0,0,0,,,7,1
ddd80ea0-0b2,plr_388d82f6,2020_2021,2020-07-01,5850000.0,15.581952390148196,,,UNKNOWN,0,0,0,,,7,1
61694790-3b5,plr_cf735f91,2020_2021,2020-07-01,5400000.0,15.501909696719672,,,UNKNOWN,0,0,0,,,7,1
847f7599-54a,plr_5421fb44,2020_2021,2020-07-01,5400000.0,15.501909696719672,,,UNKNOWN,0,0,0,,,7,1
7b515993-9fe,plr_de757263,2020_2021,2020-07-01,4050000.0,15.214227685996272,,,UNKNOWN,0,0,0,,,7,1
12f7e7aa-550,plr_60bbeee9,2020_2021,2020-07-01,44100000.0,17.60197036309281,,,UNKNOWN,0,1868,10,,,7,1
a84a3f7e-541,plr_06c62ee8,2020_2021,2020-07-01,13500000.0,16.41820031748273,,,UNKNOWN,0,2943,2,,,7,1
40b49b2b-68f,plr_e05d7af7,2020_2021,2020-07-01,35100000.0,17.373711716926124,,,UNKNOWN,0,0,0,,,7,1
5ce92385-5c7,plr_4d6a0ba1,2020_2021,2020-07-01,24570000.0,17.0170367851974,,,UNKNOWN,0,0,0,,,7,1
a6804e89-ef9,plr_272f88b2,2020_2021,2020-07-01,13500000.0,16.41820031748273,,,UNKNOWN,0,0,0,,,7,1
f36b76f8-b13,plr_9e4aca74,2020_2021,2020-07-01,7785000.0,15.86770949170238,,,UNKNOWN,0,0,0,,,7,1
993c9515-b86,plr_3023cf08,2020_2021,2020-07-01,1530000.0,14.240778946963175,,,UNKNOWN,1,927,0,,,7,1
c843adf3-577,plr_f6cf1a89,2020_2021,2020-07-01,20025000.0,16.812492100856275,,,UNKNOWN,0,5434,22,,,7,1
fe0f7af6-4f1,plr_37fa38e4,2020_2021,2020-07-01,14850000.0,16.51351049055305,,,UNKNOWN,0,2301,1,,,7,1
bc317f7b-d0a,plr_18824005,2020_2021,2020-07-01,702000.0,13.461690107508359,,,UNKNOWN,2,0,0,,,7,1
9a7c8d03-0cc,plr_4d5a52f6,2020_2021,2020-07-01,23400000.0,16.96824662306297,,,UNKNOWN,0,0,0,,,7,1
8966e07f-9f7,plr_bab72f8f,2020_2021,2020-07-01,18450000.0,16.73057498265135,,,UNKNOWN,1,3330,0,,,7,1
e9ab00c3-dec,plr_80c55793,2020_2021,2020-07-01,5850000.0,15.581952390148196,,,UNKNOWN,0,0,0,,,7,1
ac58b724-743,plr_bb42bc5b,2020_2021,2020-07-01,3465000.0,15.058223479206388,,,UNKNOWN,0,0,0,,,7,1
41c9a5b1-8c8,plr_fc28b5d3,2020_2021,2020-07-01,3465000.0,15.058223479206388,,,UNKNOWN,0,0,0,,,7,1
a8780044-9eb,plr_7f2e6acb,2020_2021,2020-07-01,1800000.0,14.403297778421795,,,UNKNOWN,0,0,0,,,7,1
3e6521fc-ce8,plr_5023ee68,2020_2021,2020-07-01,11970000.0,16.297914161076342,,,UNKNOWN,1,1318,0,,,7,1
3d67532a-e0a,plr_c9fa2a4f,2020_2021,2020-07-01,10800000.0,16.195056784687036,,,UNKNOWN,0,0,0,,,7,1
7572a486-858,plr_a97198da,2020_2021,2020-07-01,10800000.0,16.195056784687036,,,UNKNOWN,0,0,0,,,7,1
4b31094d-caa,plr_52be7334,2020_2021,2020-07-01,14940000.0,16.519552804603347,,,UNKNOWN,0,5510,4,,,7,1
09e99d65-787,plr_89cc9c81,2020_2021,2020-07-01,28800000.0,17.175885979828397,,,UNKNOWN,1,1482,0,,,7,1
4458594f-2f1,plr_9a50e2f0,2020_2021,2020-07-01,27000000.0,17.11134746100564,,,UNKNOWN,0,0,0,,,7,1
157988e7-83f,plr_32c6f1bd,2020_2021,2020-07-01,15120000.0,16.531528994853225,,,UNKNOWN,0,5977,8,,,7,1
e3444708-d91,plr_04461480,2020_2021,2020-07-01,10890000.0,16.203355586736503,,,UNKNOWN,0,0,0,,,7,1
03081fff-c26,plr_2fb371b5,2020_2021,2020-07-01,14850000.0,16.51351049055305,,,UNKNOWN,1,873,3,,,7,1
aaf1b4ad-1e5,plr_05e2af90,2020_2021,2020-07-01,12150000.0,16.312839810055355,,,UNKNOWN,2,600,0,,,7,1
6df6af2c-2ec,plr_c6734958,2020_2021,2020-07-01,7425000.0,15.820363377333162,,,UNKNOWN,0,0,0,,,7,1
78bf4725-991,plr_7878f227,2020_2021,2020-07-01,990000.0,13.805461232211272,,,UNKNOWN,0,0,0,,,7,1
ad1e8881-e37,plr_d0a372ec,2020_2021,2020-07-01,99000.0,11.502885230075814,,,UNKNOWN,0,3719,7,,,7,1
6ae5e20d-866,plr_d32c4032,2020_2021,2020-07-01,990000.0,13.805461232211272,,,UNKNOWN,0,0,0,,,7,1
f598ded8-e6b,plr_76cd5b5c,2020_2021,2020-07-01,20790000.0,16.84998270793424,,,UNKNOWN,0,0,0,,,7,1
1c3cc996-175,plr_3ba49082,2020_2021,2020-07-01,14580000.0,16.495161353131888,,,UNKNOWN,1,0,0,,,7,1
d685fc59-5b7,plr_d4a2ba62,2020_2021,2020-07-01,5400000.0,15.501909696719672,,,UNKNOWN,0,0,0,,,7,1
7c82fe68-1ec,plr_ceb30a98,2020_2021,2020-07-01,1440000.0,14.180154365996387,,,UNKNOWN,0,0,0,,,7,1
47c4907b-28e,plr_76beed3c,2020_2021,2020-07-01,20250000.0,16.823665400899536,,,UNKNOWN,1,2259,7,,,7,1
e71507e3-674,plr_45be4581,2020_2021,2020-07-01,4950000.0,15.414898336565054,,,UNKNOWN,1,132,0,,,7,1
38f06169-008,plr_3794ea64,2020_2021,2020-07-01,36000000.0,17.399029524198163,,,UNKNOWN,0,0,0,,,7,1
66b9beea-d59,plr_cf08a764,2020_2021,2020-07-01,28800000.0,17.175885979828397,,,UNKNOWN,0,0,0,,,7,1
b468bd64-b38,plr_e8be0c14,2020_2021,2020-07-01,8820000.0,15.992532541361653,,,UNKNOWN,0,0,0,,,7,1
282bd856-c09,plr_1fa2cdd4,2020_2021,2020-07-01,1800000.0,14.403297778421795,,,UNKNOWN,0,0,0,,,7,1
65d399f4-987,plr_336006c1,2020_2021,2020-07-01,710100.0,13.473162492421553,,,UNKNOWN,0,0,0,,,7,1
d3888673-a37,plr_20593912,2021_2022,2021-07-01,50193000.0,17.731386152631007,,,UNKNOWN,3,3192,0,,,7,1
8330842d-3a4,plr_d4abdf00,2021_2022,2021-07-01,30030000.0,17.217707473259544,,,UNKNOWN,1,861,1,,,7,1
efa4ce71-df1,plr_bab72f8f,2021_2022,2021-07-01,24024000.0,16.994563930270346,,,UNKNOWN,2,6750,0,,,7,1
24de4eeb-fc2,plr_e02efec9,2021_2022,2021-07-01,15958800.0,16.585521021850607,,,UNKNOWN,0,0,0,,,7,1
598585a6-7fe,plr_c45cf70c,2021_2022,2021-07-01,15015000.0,16.524560325999634,,,UNKNOWN,0,0,0,,,7,1
01203dad-b1d,plr_8e969dee,2021_2022,2021-07-01,6864000.0,15.74180106583757,,,UNKNOWN,0,0,0,,,7,1
228f5c8f-bf0,plr_6fed86e9,2021_2022,2021-07-01,1544400.0,14.250146690872656,,,UNKNOWN,0,0,0,,,7,1
609c0ab3-fa5,plr_97c28932,2021_2022,2021-07-01,25225200.0,17.04335409245763,,,UNKNOWN,2,0,0,,,7,1
1c67968c-f5e,plr_ff1f8d4e,2021_2022,2021-07-01,32947200.0,17.310416868415373,,,UNKNOWN,0,2458,1,,,7,1
6ad1efb7-4c9,plr_b8ac3415,2021_2022,2021-07-01,27456000.0,17.128095317691738,,,UNKNOWN,0,0,0,,,7,1
07111dde-ee6,plr_45f061fc,2021_2022,2021-07-01,25740000.0,17.063556798982294,,,UNKNOWN,1,8676,4,,,7,1
5354ca7f-29d,plr_2b802e0c,2021_2022,2021-07-01,25225200.0,17.04335409245763,,,UNKNOWN,2,6622,41,,,7,1
e3edd9d9-a58,plr_f281a667,2021_2022,2021-07-01,100815000.0,18.42879772197347,,,UNKNOWN,0,5416,14,,,7,1
ada8f489-945,plr_a48c249b,2021_2022,2021-07-01,3003000.0,14.915122679965744,,,UNKNOWN,1,0,0,,,7,1
105e60f9-ebf,plr_891988a6,2021_2022,2021-07-01,13470600.0,16.4160201650601,,,UNKNOWN,0,0,0,,,7,1
19c145ae-80c,plr_13e402b8,2021_2022,2021-07-01,8580000.0,15.964944588014255,,,UNKNOWN,0,0,0,,,7,1
abc20830-b89,plr_141e55c8,2021_2022,2021-07-01,8580000.0,15.964944588014255,,,UNKNOWN,0,0,0,,,7,1
e59109ec-1fd,plr_d054dec6,2021_2022,2021-07-01,1287000.0,14.067825263578738,,,UNKNOWN,0,0,0,,,7,1
46b2f21d-e3c,plr_34ee455d,2021_2022,2021-07-01,19734000.0,16.79785364507321,,,UNKNOWN,0,0,0,,,7,1
ef221509-0b0,plr_3f44c055,2021_2022,2021-07-01,15444000.0,16.552731201116327,,,UNKNOWN,0,0,0,,,7,1
467295a2-86d,plr_df6830ef,2021_2022,2021-07-01,9438000.0,16.060254757223117,,,UNKNOWN,0,0,0,,,7,1
8bc19ec6-ac0,plr_48170ea8,2021_2022,2021-07-01,6864000.0,15.74180106583757,,,UNKNOWN,0,0,0,,,7,1
93f71f56-980,plr_1e14c0b4,2021_2022,2021-07-01,6006000.0,15.608269694025566,,,UNKNOWN,0,0,0,,,7,1
22dee879-297,plr_498f21d9,2021_2022,2021-07-01,4290000.0,15.271797524004405,,,UNKNOWN,0,0,0,,,7,1
d3ef6420-79e,plr_6fe35ac1,2021_2022,2021-07-01,2574000.0,14.760972055638522,,,UNKNOWN,0,0,0,,,7,1
098677ad-2e1,plr_a540a812,2021_2022,2021-07-01,497640.0,13.117634212511176,,,UNKNOWN,0,0,0,,,7,1
ffc6fd70-6f2,plr_6d952da6,2021_2022,2021-07-01,12870000.0,16.370409657272383,,,UNKNOWN,1,4936,1,,,7,1
60775938-351,plr_104c652f,2021_2022,2021-07-01,1544400.0,14.250146690872656,,,UNKNOWN,3,101,0,,,7,1
5ba201b4-932,plr_21f23f3d,2021_2022,2021-07-01,1029600.0,13.844681906514554,,,UNKNOWN,2,0,0,,,7,1
3ef02ef6-623,plr_1b36a009,2021_2022,2021-07-01,858000.0,13.662360543970586,,,UNKNOWN,1,1839,2,,,7,1
52c5517a-1fc,plr_5c973e10,2021_2022,2021-07-01,15015000.0,16.524560325999634,,,UNKNOWN,0,0,0,,,7,1
e7c38afb-ae3,plr_7826fc27,2021_2022,2021-07-01,12870000.0,16.370409657272383,,,UNKNOWN,0,0,0,,,7,1
165ff125-d80,plr_f79ac1a7,2021_2022,2021-07-01,12012000.0,16.301416791335438,,,UNKNOWN,1,0,0,,,7,1
fa69744d-26c,plr_deb04719,2021_2022,2021-07-01,2488200.0,14.727070517359401,,,UNKNOWN,0,0,0,,,7,1
0e455989-f25,plr_33e09e16,2021_2022,2021-07-01,25740000.0,17.063556798982294,,,UNKNOWN,0,7757,36,,,7,1
ae51da7a-70b,plr_df840e05,2021_2022,2021-07-01,7979400.0,15.892373903952008,,,UNKNOWN,3,62,1,,,7,1
e681c97e-650,plr_6b28dfca,2021_2022,2021-07-01,1029600.0,13.844681906514554,,,UNKNOWN,1,260,0,,,7,1
80f936d6-08a,plr_87480001,2021_2022,2021-07-01,96954000.0,18.389747207496608,,,UNKNOWN,1,2126,12,,,7,1
0c216cb0-392,plr_9803489d,2021_2022,2021-07-01,35178000.0,17.375931473601263,,,UNKNOWN,1,3237,21,,,7,1
045c2607-14b,plr_7e7e82c7,2021_2022,2021-07-01,30030000.0,17.217707473259544,,,UNKNOWN,2,6983,7,,,7,1
9726a834-78a,plr_a47d06d3,2021_2022,2021-07-01,20025720.0,16.81252805526429,,,UNKNOWN,2,0,0,,,7,1
29848a20-f89,plr_e81cda0a,2021_2022,2021-07-01,4118400.0,15.230975539196658,,,UNKNOWN,0,2556,14,,,7,1
4409f487-fcf,plr_f6bc0ed5,2021_2022,2021-07-01,15015000.0,16.524560325999634,,,UNKNOWN,1,2729,1,,,7,1
8785e3f4-ffd,plr_96914183,2021_2022,2021-07-01,13985400.0,16.453524557785954,,,UNKNOWN,0,0,0,,,7,1
31601f76-de8,plr_480bd380,2021_2022,2021-07-01,9438000.0,16.060254757223117,,,UNKNOWN,1,215,1,,,7,1
fa2d7f6d-324,plr_0a58b322,2021_2022,2021-07-01,7979400.0,15.892373903952008,,,UNKNOWN,0,0,0,,,7,1
4b394a5c-86b,plr_8b25b311,2021_2022,2021-07-01,6006000.0,15.608269694025566,,,UNKNOWN,0,4668,3,,,7,1
8e0e9bf8-670,plr_e3a78dd7,2021_2022,2021-07-01,1012440.0,13.827874804660038,,,UNKNOWN,0,0,0,,,7,1
6965c240-990,plr_0cd88ad5,2021_2022,2021-07-01,20163000.0,16.819359849216006,,,UNKNOWN,0,0,0,,,7,1
489fc010-6ae,plr_df28308e,2021_2022,2021-07-01,12012000.0,16.301416791335438,,,UNKNOWN,0,0,0,,,7,1
d82b1950-47a,plr_b367ce38,2021_2022,2021-07-01,1716000.0,14.355507141780457,,,UNKNOWN,1,2601,6,,,7,1
6aafe572-0c6,plr_3ad5bd8e,2021_2022,2021-07-01,6864000.0,15.74180106583757,,,UNKNOWN,1,1763,6,,,7,1
64cd6fe6-921,plr_c942c5b8,2021_2022,2021-07-01,858000.0,13.662360543970586,,,UNKNOWN,3,0,0,,,7,1
8ffff09c-f4b,plr_8ab5b7a9,2021_2022,2021-07-01,24967800.0,17.033097592699132,,,UNKNOWN,1,3188,6,,,7,1
07a11aef-692,plr_ceb5e7df,2021_2022,2021-07-01,12870000.0,16.370409657272383,,,UNKNOWN,0,0,0,,,7,1
609db557-721,plr_7f94557a,2021_2022,2021-07-01,10982400.0,16.211804640450445,,,UNKNOWN,1,2846,8,,,7,1
44ab6386-ae8,plr_b2e8e91c,2021_2022,2021-07-01,2059200.0,14.537828601449368,,,UNKNOWN,0,0,0,,,7,1
1ee91c39-b7b,plr_6d2103b7,2021_2022,2021-07-01,25740000.0,17.063556798982294,,,UNKNOWN,0,0,0,,,7,1
bfb3cf63-a80,plr_0a442f23,2021_2022,2021-07-01,17160000.0,16.658091710299146,,,UNKNOWN,0,0,0,,,7,1
610332b5-e15,plr_67be5fcc,2021_2022,2021-07-01,15100800.0,16.53025834673586,,,UNKNOWN,1,6097,4,,,7,1
9dfce3db-cd3,plr_876f118d,2021_2022,2021-07-01,42042000.0,17.554179700366465,,,UNKNOWN,0,0,0,,,7,1
7335cf7f-8c9,plr_426b6a7d,2021_2022,2021-07-01,34320000.0,17.351238861721566,,,UNKNOWN,0,0,0,,,7,1
2016be26-086,plr_a4606ad5,2021_2022,2021-07-01,12012000.0,16.301416791335438,,,UNKNOWN,5,1637,7,,,7,1
ace9e838-470,plr_1b87d1fe,2021_2022,2021-07-01,5148000.0,15.45411904194833,,,UNKNOWN,1,1781,7,,,7,1
54bde75c-15d,plr_48c5312e,2021_2022,2021-07-01,18361200.0,16.725750354960574,,,UNKNOWN,0,0,0,,,7,1
883f714f-175,plr_d72dcec3,2021_2022,2021-07-01,47190000.0,17.6696925848935,,,UNKNOWN,1,1297,7,,,7,1
63605e29-338,plr_c8e9227e,2021_2022,2021-07-01,72930000.0,18.105010648672195,,,UNKNOWN,0,0,0,,,7,1
e247184b-811,plr_7743caa9,2021_2022,2021-07-01,34320000.0,17.351238861721566,,,UNKNOWN,0,0,0,,,7,1
0f89dd6d-394,plr_08e858d7,2021_2022,2021-07-01,14586000.0,16.495572791085205,,,UNKNOWN,0,0,0,,,7,1
79554187-592,plr_32c5ec4e,2021_2022,2021-07-01,42985800.0,17.576380409824413,,,UNKNOWN,0,0,0,,,7,1
43b36245-a0e,plr_ab4ca947,2021_2022,2021-07-01,12012000.0,16.301416791335438,,,UNKNOWN,1,2275,1,,,7,1
42344825-69d,plr_07476d25,2021_2022,2021-07-01,9438000.0,16.060254757223117,,,UNKNOWN,0,0,0,,,7,1
88dc694e-d89,plr_8a1ddee1,2021_2022,2021-07-01,9438000.0,16.060254757223117,,,UNKNOWN,0,0,0,,,7,1
8e1f814d-6b8,plr_cd57a117,2021_2022,2021-07-01,8151000.0,15.91365129976092,,,UNKNOWN,0,0,0,,,7,1
a3e069c6-2a5,plr_b97e96d4,2021_2022,2021-07-01,6435000.0,15.677262554412508,,,UNKNOWN,0,0,0,,,7,1
27d6c920-a0e,plr_adc0bd21,2021_2022,2021-07-01,5019300.0,15.428801238944812,,,UNKNOWN,2,1980,0,,,7,1
a042cc09-bc8,plr_8a55b0c9,2021_2022,2021-07-01,3346200.0,15.023336230452108,,,UNKNOWN,0,0,0,,,7,1
9f8a9ec5-e50,plr_3d0f6788,2021_2022,2021-07-01,22479600.0,16.92811883372193,,,UNKNOWN,0,0,0,,,7,1
a3053a5c-ff1,plr_3474ca80,2021_2022,2021-07-01,15186600.0,16.535924083897402,,,UNKNOWN,1,0,0,,,7,1
c82c4121-741,plr_a6a221b2,2021_2022,2021-07-01,10296000.0,16.147266125383194,,,UNKNOWN,0,0,0,,,7,1
366e0e1c-2d4,plr_9c95a4a5,2021_2022,2021-07-01,6435000.0,15.677262554412508,,,UNKNOWN,0,0,0,,,7,1
d75aadfa-9fd,plr_c0d88392,2021_2022,2021-07-01,4719000.0,15.367107682617805,,,UNKNOWN,3,3308,2,,,7,1
bff05486-28f,plr_bf208aa9,2021_2022,2021-07-01,1716000.0,14.355507141780457,,,UNKNOWN,1,846,4,,,7,1
5282e701-56b,plr_b43fd4d0,2021_2022,2021-07-01,21450000.0,16.881235249958344,,,UNKNOWN,0,0,0,,,7,1
ae97f314-cce,plr_e9919fb2,2021_2022,2021-07-01,21450000.0,16.881235249958344,,,UNKNOWN,0,0,0,,,7,1
0674276a-ea4,plr_2936e0c3,2021_2022,2021-07-01,16302000.0,16.606798418978705,,,UNKNOWN,0,0,0,,,7,1
7e941382-e55,plr_8adf5bf9,2021_2022,2021-07-01,14500200.0,16.48967306936369,,,UNKNOWN,0,0,0,,,7,1
5141b087-aab,plr_22f9a5cc,2021_2022,2021-07-01,11154000.0,16.227308825585567,,,UNKNOWN,0,8118,3,,,7,1
f3a17515-0f8,plr_e8bcc908,2021_2022,2021-07-01,3003000.0,14.915122679965744,,,UNKNOWN,0,6356,2,,,7,1
37220a0d-58b,plr_3a4682e5,2021_2022,2021-07-01,1029600.0,13.844681906514554,,,UNKNOWN,2,1710,0,,,7,1
441ba487-03c,plr_a55cae14,2021_2022,2021-07-01,8580000.0,15.964944588014255,,,UNKNOWN,0,0,0,,,7,1
f4e2b27a-8c8,plr_46e6bce2,2021_2022,2021-07-01,4290000.0,15.271797524004405,,,UNKNOWN,0,0,0,,,7,1
a2cd8aba-bd9,plr_b16e6c6f,2021_2022,2021-07-01,4290000.0,15.271797524004405,,,UNKNOWN,0,0,0,,,7,1
f240e77d-fd7,plr_4e7651d0,2021_2022,2021-07-01,4032600.0,15.209922135165053,,,UNKNOWN,0,0,0,,,7,1
6fe11ee7-03d,plr_0f329f85,2021_2022,2021-07-01,3432000.0,15.048654030965238,,,UNKNOWN,0,0,0,,,7,1
29252825-bf0,plr_7193b30c,2021_2022,2021-07-01,3432000.0,15.048654030965238,,,UNKNOWN,0,0,0,,,7,1
64ec51d6-78b,plr_d63986bd,2021_2022,2021-07-01,2574000.0,14.760972055638522,,,UNKNOWN,0,0,0,,,7,1
6ff292ff-032,plr_8de0b8b6,2021_2022,2021-07-01,2574000.0,14.760972055638522,,,UNKNOWN,0,0,0,,,7,1
457af567-7d7,plr_50bcccba,2021_2022,2021-07-01,257400.0,12.458390459140501,,,UNKNOWN,0,0,0,,,7,1
87f69d48-3a9,plr_6e66c0f6,2021_2022,2021-07-01,1973400.0,14.495269008144712,,,UNKNOWN,3,4284,5,,,7,1
c594277f-920,plr_9d56d6d2,2021_2022,2021-07-01,1544400.0,14.250146690872656,,,UNKNOWN,1,0,0,,,7,1
29e6305b-d58,plr_3720f0c5,2021_2022,2021-07-01,1501500.0,14.221975832405967,,,UNKNOWN,3,26,0,,,7,1
62c025fb-e75,plr_d05ffa93,2021_2022,2021-07-01,25740000.0,17.063556798982294,,,UNKNOWN,2,0,0,,,7,1
8b9ef9c3-249,plr_8266781f,2021_2022,2021-07-01,9523800.0,16.069304591788487,,,UNKNOWN,1,0,0,,,7,1
78427ce2-eb9,plr_631caa1f,2021_2022,2021-07-01,6864000.0,15.74180106583757,,,UNKNOWN,0,0,0,,,7,1
bbe16a73-0c5,plr_8a47b298,2021_2022,2021-07-01,4461600.0,15.311018228192296,,,UNKNOWN,0,0,0,,,7,1
aa44a4cb-1c2,plr_5ade698e,2021_2022,2021-07-01,3003000.0,14.915122679965744,,,UNKNOWN,0,0,0,,,7,1
76f85f7d-38b,plr_518db7a0,2021_2022,2021-07-01,1716000.0,14.355507141780457,,,UNKNOWN,0,0,0,,,7,1
5007b36b-cf3,plr_244ab45d,2021_2022,2021-07-01,1029600.0,13.844681906514554,,,UNKNOWN,0,0,0,,,7,1
78bf8612-a5d,plr_1c926102,2021_2022,2021-07-01,514800.0,13.151535697204164,,,UNKNOWN,0,0,0,,,7,1
e243b739-bfd,plr_63a1c29e,2021_2022,2021-07-01,10124400.0,16.130459008713,,,UNKNOWN,1,0,0,,,7,1
4134790f-f36,plr_1df57bc6,2021_2022,2021-07-01,3432000.0,15.048654030965238,,,UNKNOWN,1,185,0,,,7,1
24b11dd6-765,plr_26d10b56,2022_2023,2022-07-01,44668000.0,17.61476794193521,,,UNKNOWN,0,0,0,,,7,1
26e9dc27-a03,plr_609bdeb5,2022_2023,2022-07-01,30065000.0,17.218872295717073,,,UNKNOWN,0,4939,0,,,7,1
b16fb33d-063,plr_c6ff28e5,2022_2023,2022-07-01,30065000.0,17.218872295717073,,,UNKNOWN,0,0,0,,,7,1
d4967922-812,plr_86e96a92,2022_2023,2022-07-01,20616000.0,16.84157807982035,,,UNKNOWN,1,7409,18,,,7,1
81f3eefd-b6c,plr_d4b245ea,2022_2023,2022-07-01,16750500.0,16.6339387262358,,,UNKNOWN,0,0,0,,,7,1
c265feb3-098,plr_b4894a46,2022_2023,2022-07-01,9706700.0,16.088327029706306,,,UNKNOWN,1,0,0,,,7,1
836adabd-fc5,plr_4fd5bcc1,2022_2023,2022-07-01,5068100.0,15.438476749190649,,,UNKNOWN,0,0,0,,,7,1
e5b85102-e43,plr_c6b24e5c,2022_2023,2022-07-01,3006500.0,14.916287502074377,,,UNKNOWN,0,0,0,,,7,1
ca9eca46-1d6,plr_634e9930,2022_2023,2022-07-01,3092400.0,14.944458369801836,,,UNKNOWN,1,8975,0,,,7,1
ab0bb941-bda,plr_cf735f91,2022_2023,2022-07-01,26629000.0,17.09751144300458,,,UNKNOWN,1,0,0,,,7,1
36752228-044,plr_0fa30054,2022_2023,2022-07-01,25340500.0,17.047914503774685,,,UNKNOWN,0,0,0,,,7,1
350f991e-602,plr_552be377,2022_2023,2022-07-01,17180000.0,16.6592565327276,,,UNKNOWN,1,0,0,,,7,1
4f6cf34e-1ee,plr_39c2d6d9,2022_2023,2022-07-01,12885000.0,16.371574479678223,,,UNKNOWN,2,8698,9,,,7,1
f5ff19f7-6fb,plr_50f35810,2022_2023,2022-07-01,11596500.0,16.266213972643687,,,UNKNOWN,0,0,0,,,7,1
dbd8a644-dee,plr_260d855e,2022_2023,2022-07-01,3006500.0,14.916287502074377,,,UNKNOWN,2,720,0,,,7,1
0be7c00c-bcd,plr_df7f7c3f,2022_2023,2022-07-01,15462000.0,16.55389602353724,,,UNKNOWN,1,309,0,,,7,1
0c618c2d-eb5,plr_9c7230d8,2022_2023,2022-07-01,15032500.0,16.525725148418392,,,UNKNOWN,2,9751,3,,,7,1
5510fed8-97a,plr_2b802e0c,2022_2023,2022-07-01,10308000.0,16.148430947766418,,,UNKNOWN,3,8513,48,,,7,1
839f547a-f9f,plr_858a727a,2022_2023,2022-07-01,28347000.0,17.160031797709973,,,UNKNOWN,0,0,0,,,7,1
7ca34836-30f,plr_5040016d,2022_2023,2022-07-01,19327500.0,16.777039561916514,,,UNKNOWN,0,0,0,,,7,1
4436e00c-da7,plr_3de98b1f,2022_2023,2022-07-01,12885000.0,16.371574479678223,,,UNKNOWN,0,0,0,,,7,1
fa61816e-cf4,plr_73ba83c0,2022_2023,2022-07-01,10222100.0,16.140062698911127,,,UNKNOWN,0,0,0,,,7,1
9a292cb5-56b,plr_797109ee,2022_2023,2022-07-01,8804750.0,15.990802020125862,,,UNKNOWN,0,0,0,,,7,1
5585f40f-cd2,plr_47c2d1ef,2022_2023,2022-07-01,16321000.0,16.607963241403585,,,UNKNOWN,0,0,0,,,7,1
1413dd62-928,plr_12d0b725,2022_2023,2022-07-01,12885000.0,16.371574479678223,,,UNKNOWN,0,0,0,,,7,1
b9aa9021-3cf,plr_aefade49,2022_2023,2022-07-01,12240750.0,16.32028118937539,,,UNKNOWN,0,0,0,,,7,1
6957c931-ecf,plr_751c1546,2022_2023,2022-07-01,3092400.0,14.944458369801836,,,UNKNOWN,1,203,0,,,7,1
24c52738-bc2,plr_682bed9a,2022_2023,2022-07-01,15290200.0,16.542722723665797,,,UNKNOWN,2,0,0,,,7,1
c9a2bf2a-9d1,plr_c83cf3d8,2022_2023,2022-07-01,9964400.0,16.114529399435977,,,UNKNOWN,0,0,0,,,7,1
7233b254-be0,plr_3789db73,2022_2023,2022-07-01,7129700.0,15.779779856027291,,,UNKNOWN,2,2302,0,,,7,1
93b18501-ba9,plr_6fc28347,2022_2023,2022-07-01,6872000.0,15.742965888164262,,,UNKNOWN,0,0,0,,,7,1
7ea290b2-bd6,plr_8e359899,2022_2023,2022-07-01,5154000.0,15.455283864218488,,,UNKNOWN,0,0,0,,,7,1
7e613591-870,plr_5c40b91b,2022_2023,2022-07-01,3436000.0,15.049818853122328,,,UNKNOWN,0,0,0,,,7,1
b971a359-067,plr_3f44c055,2022_2023,2022-07-01,56092700.0,17.842516255076408,,,UNKNOWN,1,3089,1,,,7,1
85142864-db9,plr_84948ef1,2022_2023,2022-07-01,25082800.0,17.037692950108585,,,UNKNOWN,1,8239,3,,,7,1
497109c0-5b8,plr_f06dc418,2022_2023,2022-07-01,10136200.0,16.13162383109431,,,UNKNOWN,1,7540,26,,,7,1
080a496b-8ef,plr_7cd5b41d,2022_2023,2022-07-01,2233400.0,14.619036093741556,,,UNKNOWN,3,0,0,,,7,1
4849af33-fa5,plr_ee3f566f,2022_2023,2022-07-01,103939000.0,18.45931475618416,,,UNKNOWN,0,0,0,,,7,1
79690847-e49,plr_f1cd55a2,2022_2023,2022-07-01,69063600.0,18.05053839163072,,,UNKNOWN,1,2890,0,,,7,1
7b88f0a0-fbd,plr_f4fac15e,2022_2023,2022-07-01,60130000.0,17.912019459646384,,,UNKNOWN,0,0,0,,,7,1
ca390395-de4,plr_ebcedd76,2022_2023,2022-07-01,48275800.0,17.69244097858035,,,UNKNOWN,0,10076,60,,,7,1
534ce60f-a10,plr_44c2f4c7,2022_2023,2022-07-01,35992100.0,17.398810055678357,,,UNKNOWN,0,0,0,,,7,1
695b068c-34b,plr_807e9f5b,2022_2023,2022-07-01,32642000.0,17.301110391328155,,,UNKNOWN,0,0,0,,,7,1
68e8571a-7f1,plr_6fae9c12,2022_2023,2022-07-01,30065000.0,17.218872295717073,,,UNKNOWN,0,0,0,,,7,1
67990a39-db2,plr_83a55a63,2022_2023,2022-07-01,25770000.0,17.06472162143336,,,UNKNOWN,0,0,0,,,7,1
3f23eee8-09e,plr_0c47d1a3,2022_2023,2022-07-01,12764740.0,16.362197318596806,,,UNKNOWN,0,0,0,,,7,1
5500a786-d4c,plr_31b72aac,2022_2023,2022-07-01,10737500.0,16.18925293840619,,,UNKNOWN,0,0,0,,,7,1
d913af40-0af,plr_20eae0e1,2022_2023,2022-07-01,10308000.0,16.148430947766418,,,UNKNOWN,1,9224,58,,,7,1
29b7245a-57e,plr_dfd69fff,2022_2023,2022-07-01,10308000.0,16.148430947766418,,,UNKNOWN,0,0,0,,,7,1
3274024e-bb0,plr_d9cf1804,2022_2023,2022-07-01,7808310.0,15.870699237224457,,,UNKNOWN,0,0,0,,,7,1
14d34aed-fbd,plr_5c295cf4,2022_2023,2022-07-01,17180000.0,16.6592565327276,,,UNKNOWN,1,3876,10,,,7,1
f963c19c-2c4,plr_83c97534,2022_2023,2022-07-01,429500.0,12.970379348692445,,,UNKNOWN,5,0,0,,,7,1
e739a37e-1e6,plr_e81db617,2022_2023,2022-07-01,19413400.0,16.781474158755444,,,UNKNOWN,0,0,0,,,7,1
abb5104b-b3b,plr_e1e79aa4,2022_2023,2022-07-01,10308000.0,16.148430947766418,,,UNKNOWN,0,0,0,,,7,1
e2a6013f-c26,plr_27b0f6f4,2022_2023,2022-07-01,10308000.0,16.148430947766418,,,UNKNOWN,0,0,0,,,7,1
6cf68cc4-20a,plr_6acc6414,2022_2023,2022-07-01,4690140.0,15.360973203936435,,,UNKNOWN,0,4999,17,,,7,1
958a569b-884,plr_3cd92fc2,2022_2023,2022-07-01,34248330.0,17.34914839155816,,,UNKNOWN,0,0,0,,,7,1
2c3a37cd-bba,plr_cfa86999,2022_2023,2022-07-01,14603000.0,16.496737613501686,,,UNKNOWN,1,11101,7,,,7,1
482963f2-e90,plr_3b2ffa81,2022_2023,2022-07-01,8933600.0,16.00533011905067,,,UNKNOWN,2,9,0,,,7,1
e720cdb1-356,plr_235235e6,2022_2023,2022-07-01,3436000.0,15.049818853122328,,,UNKNOWN,1,2821,0,,,7,1
0b6e362e-06f,plr_b01d671b,2022_2023,2022-07-01,49822000.0,17.723967231584265,,,UNKNOWN,1,0,0,,,7,1
990cc88a-dac,plr_f0a7a8ac,2022_2023,2022-07-01,39170400.0,17.483431943016214,,,UNKNOWN,2,2800,4,,,7,1
f53e32e2-15c,plr_3af603f8,2022_2023,2022-07-01,21389100.0,16.878392051189838,,,UNKNOWN,0,0,0,,,7,1
0ac91384-c6a,plr_f5d6ab96,2022_2023,2022-07-01,15290200.0,16.542722723665797,,,UNKNOWN,1,8075,6,,,7,1
58fae245-302,plr_62f028f7,2022_2023,2022-07-01,8418200.0,15.945906705433151,,,UNKNOWN,0,0,0,,,7,1
92cccd04-d4e,plr_5071100a,2022_2023,2022-07-01,8160500.0,15.914816122114392,,,UNKNOWN,4,2068,2,,,7,1
1140d63f-0d8,plr_ca2f3eb9,2022_2023,2022-07-01,4724500.0,15.368272504867406,,,UNKNOWN,0,0,0,,,7,1
76d0ef65-751,plr_3c978601,2022_2023,2022-07-01,4295000.0,15.272962346229336,,,UNKNOWN,2,0,0,,,7,1
419db4e2-e2f,plr_8b4aab40,2022_2023,2022-07-01,8074600.0,15.904234014087487,,,UNKNOWN,0,254,1,,,7,1
e42e95ac-24b,plr_393761a8,2022_2023,2022-07-01,34789500.0,17.364826203823192,,,UNKNOWN,0,0,0,,,7,1
ced7d67a-dd2,plr_15bcd0ed,2022_2023,2022-07-01,28209560.0,17.155171520999595,,,UNKNOWN,0,0,0,,,7,1
584503d9-235,plr_aea4b50b,2022_2023,2022-07-01,21475000.0,16.882400072400365,,,UNKNOWN,0,0,0,,,7,1
ba1de6db-d9f,plr_66d09dc6,2022_2023,2022-07-01,14603000.0,16.496737613501686,,,UNKNOWN,0,0,0,,,7,1
2d58dc69-036,plr_2dbe5c49,2022_2023,2022-07-01,11167000.0,16.22847364797749,,,UNKNOWN,0,0,0,,,7,1
da9a4084-dd9,plr_fb7541f9,2022_2023,2022-07-01,10308000.0,16.148430947766418,,,UNKNOWN,0,0,0,,,7,1
ec813762-744,plr_3eb94dde,2022_2023,2022-07-01,10308000.0,16.148430947766418,,,UNKNOWN,0,0,0,,,7,1
9a5534a6-8db,plr_7c321f66,2022_2023,2022-07-01,4982200.0,15.42138231923329,,,UNKNOWN,0,0,0,,,7,1
070ee97e-88f,plr_cdc22890,2022_2023,2022-07-01,3865500.0,15.167601856441378,,,UNKNOWN,0,0,0,,,7,1
33d202ad-5e1,plr_f5370e60,2022_2023,2022-07-01,49822000.0,17.723967231584265,,,UNKNOWN,1,0,0,,,7,1
7a026086-b67,plr_e70086c2,2022_2023,2022-07-01,42091000.0,17.555344522835068,,,UNKNOWN,0,4022,1,,,7,1
d3f1c7a0-de6,plr_193eb1f2,2022_2023,2022-07-01,1030800.0,13.845846727880172,,,UNKNOWN,1,31,0,,,7,1
b430923c-fde,plr_a4ed1258,2022_2023,2022-07-01,14603000.0,16.496737613501686,,,UNKNOWN,0,0,0,,,7,1
d4a6141e-ada,plr_e7f8a2f0,2022_2023,2022-07-01,14603000.0,16.496737613501686,,,UNKNOWN,0,0,0,,,7,1
41a4c4dc-264,plr_b7d58feb,2022_2023,2022-07-01,12026000.0,16.302581613734816,,,UNKNOWN,0,0,0,,,7,1
5e20c94d-7fa,plr_b7754a77,2022_2023,2022-07-01,859000.0,13.663525365110068,,,UNKNOWN,0,13590,0,,,7,1
de90c820-e57,plr_945f770c,2022_2023,2022-07-01,73015000.0,18.106175471152525,,,UNKNOWN,0,0,0,,,7,1
675e1599-c45,plr_c25883da,2022_2023,2022-07-01,36078000.0,17.401193846967484,,,UNKNOWN,0,0,0,,,7,1
4e4560aa-4e0,plr_af2dc731,2022_2023,2022-07-01,27488000.0,17.12926014014563,,,UNKNOWN,0,11447,67,,,7,1
a2de6620-d33,plr_e78ec43c,2022_2023,2022-07-01,17180000.0,16.6592565327276,,,UNKNOWN,2,482,0,,,7,1
3873b8e5-7ca,plr_c9a87952,2022_2023,2022-07-01,12885000.0,16.371574479678223,,,UNKNOWN,3,1418,6,,,7,1
9e64cdc6-baa,plr_5f3cf632,2022_2023,2022-07-01,3521900.0,15.074511458614262,,,UNKNOWN,2,7144,1,,,7,1
3590e033-6c1,plr_5e57b55f,2022_2023,2022-07-01,51540000.0,17.757868782590897,,,UNKNOWN,0,6371,78,,,7,1
5cb9e7a9-e07,plr_37025c73,2022_2023,2022-07-01,17180000.0,16.6592565327276,,,UNKNOWN,0,0,0,,,7,1
86e25179-44b,plr_1d595d73,2022_2023,2022-07-01,12885000.0,16.371574479678223,,,UNKNOWN,0,0,0,,,7,1
e1e0dd4e-bb1,plr_177e62dd,2022_2023,2022-07-01,9449000.0,16.061419579596063,,,UNKNOWN,0,0,0,,,7,1
28def603-6d4,plr_ce8ac0fd,2022_2023,2022-07-01,81605000.0,18.217401104821086,,,UNKNOWN,0,0,0,,,7,1
d3df952e-dde,plr_4a6904f8,2022_2023,2022-07-01,60130000.0,17.912019459646384,,,UNKNOWN,0,0,0,,,7,1
36303f0a-90a,plr_9beccfb1,2022_2023,2022-07-01,49280830.0,17.713045739872037,,,UNKNOWN,0,0,0,,,7,1
863016da-945,plr_6a56ca40,2022_2023,2022-07-01,12885000.0,16.371574479678223,,,UNKNOWN,0,0,0,,,7,1
40b033c1-89b,plr_bba14dc1,2022_2023,2022-07-01,1503250.0,14.223140654126938,,,UNKNOWN,3,71,0,,,7,1
6de97bf6-13d,plr_2f103d47,2022_2023,2022-07-01,66572500.0,18.013802152346912,,,UNKNOWN,0,0,0,,,7,1
95d7cb54-80a,plr_eec20e57,2022_2023,2022-07-01,31783000.0,17.274442145073976,,,UNKNOWN,0,0,0,,,7,1
e6e431e0-6c5,plr_87a3b4e5,2022_2023,2022-07-01,9878500.0,16.105871337565535,,,UNKNOWN,0,9540,0,,,7,1
e84fd0ba-be2,plr_94cf10e1,2022_2023,2022-07-01,5583500.0,15.5353265569671,,,UNKNOWN,0,7658,10,,,7,1
5ddbbebf-333,plr_b8317c2f,2022_2023,2022-07-01,25340500.0,17.047914503774685,,,UNKNOWN,2,1184,1,,,7,1
9cab31b4-ee4,plr_e5a28978,2022_2023,2022-07-01,17609500.0,16.683949143898282,,,UNKNOWN,5,0,0,,,7,1
0422eec4-69d,plr_470aff4c,2022_2023,2022-07-01,17180000.0,16.6592565327276,,,UNKNOWN,1,0,0,,,7,1
3e5d55b6-ccb,plr_0f329f85,2022_2023,2022-07-01,12713200.0,16.35815146039486,,,UNKNOWN,1,2579,10,,,7,1
b383fda9-b7f,plr_195ed5d6,2022_2023,2022-07-01,11854200.0,16.288192877487834,,,UNKNOWN,0,0,0,,,7,1
bcaf079f-1e9,plr_8d75c493,2022_2023,2022-07-01,11167000.0,16.22847364797749,,,UNKNOWN,0,0,0,,,7,1
e7daecc5-01a,plr_1f32629b,2022_2023,2022-07-01,8590000.0,15.966109410374866,,,UNKNOWN,0,0,0,,,7,1
9bea1f1f-3b5,plr_4b8d4aab,2022_2023,2022-07-01,8074600.0,15.904234014087487,,,UNKNOWN,0,0,0,,,7,1
fb9aa658-af2,plr_2aacbc31,2022_2023,2022-07-01,7301500.0,15.803590501420812,,,UNKNOWN,1,0,0,,,7,1
6e61787f-c3c,plr_589923ac,2022_2023,2022-07-01,7129700.0,15.779779856027291,,,UNKNOWN,0,0,0,,,7,1
77315422-539,plr_9f045028,2022_2023,2022-07-01,3436000.0,15.049818853122328,,,UNKNOWN,0,0,0,,,7,1
a11c7099-3e2,plr_5d39258c,2022_2023,2022-07-01,2233400.0,14.619036093741556,,,UNKNOWN,1,7927,5,,,7,1
22c33bf4-b3b,plr_74efe143,2022_2023,2022-07-01,2061600.0,14.538993423380322,,,UNKNOWN,0,0,0,,,7,1
d4b02890-29b,plr_6328d560,2022_2023,2022-07-01,1975700.0,14.496433830051087,,,UNKNOWN,0,0,0,,,7,1
c32468d4-7e5,plr_e84b2b9e,2022_2023,2022-07-01,1975700.0,14.496433830051087,,,UNKNOWN,0,0,0,,,7,1
240e090b-54e,plr_1e2fe7ea,2022_2023,2022-07-01,816050.0,13.612232131993201,,,UNKNOWN,0,0,0,,,7,1
9cb10191-2ab,plr_2ef365cf,2022_2023,2022-07-01,4295000.0,15.272962346229336,,,UNKNOWN,0,0,0,,,7,1
fde8a017-8de,plr_dabe76ba,2022_2023,2022-07-01,21475000.0,16.882400072400365,,,UNKNOWN,0,0,0,,,7,1
66fbf265-2d7,plr_276a6f76,2022_2023,2022-07-01,19121340.0,16.76631559911138,,,UNKNOWN,0,0,0,,,7,1
00809ca8-46a,plr_1bbcc3e8,2022_2023,2022-07-01,15462000.0,16.55389602353724,,,UNKNOWN,0,0,0,,,7,1
4fb31e7d-ee4,plr_bf969d80,2022_2023,2022-07-01,12026000.0,16.302581613734816,,,UNKNOWN,0,0,0,,,7,1
9e9e17de-177,plr_8bb80d14,2022_2023,2022-07-01,11725350.0,16.277263807882658,,,UNKNOWN,0,0,0,,,7,1
cdb699ff-8c6,plr_2e92dd49,2022_2023,2022-07-01,10308000.0,16.148430947766418,,,UNKNOWN,0,0,0,,,7,1
d33a7269-36d,plr_5c40b4aa,2022_2023,2022-07-01,9878500.0,16.105871337565535,,,UNKNOWN,0,0,0,,,7,1
bddae300-891,plr_ab5ab5e2,2022_2023,2022-07-01,7043800.0,15.767658497205414,,,UNKNOWN,0,0,0,,,7,1
2af470d1-892,plr_99de1080,2022_2023,2022-07-01,6872000.0,15.742965888164262,,,UNKNOWN,0,0,0,,,7,1
fe151bd9-c29,plr_11d4a85b,2022_2023,2022-07-01,6872000.0,15.742965888164262,,,UNKNOWN,0,0,0,,,7,1
d91d706a-cf2,plr_c35de330,2022_2023,2022-07-01,6013000.0,15.609434516328028,,,UNKNOWN,0,0,0,,,7,1
538583b8-7d9,plr_c56a61dd,2022_2023,2022-07-01,4939250.0,15.412724258235519,,,UNKNOWN,0,0,0,,,7,1
bf994641-1b5,plr_65840605,2022_2023,2022-07-01,730150.0,13.501006641049273,,,UNKNOWN,3,0,0,,,7,1
66c31e00-40d,plr_8bdd3866,2022_2023,2022-07-01,4724500.0,15.368272504867406,,,UNKNOWN,0,0,0,,,7,1
3b937c34-bb8,plr_1c1c1401,2022_2023,2022-07-01,46214200.0,17.6487976897725,,,UNKNOWN,1,1844,1,,,7,1
df22706a-929,plr_bd299ebd,2022_2023,2022-07-01,15462000.0,16.55389602353724,,,UNKNOWN,0,0,0,,,7,1
a966c0e6-362,plr_8b60f0a3,2022_2023,2022-07-01,12627300.0,16.351371773944575,,,UNKNOWN,0,0,0,,,7,1
b1872de7-5b3,plr_f428296c,2022_2023,2022-07-01,26843750.0,17.105543614401423,,,UNKNOWN,1,2449,7,,,7,1
870fe68c-713,plr_9745763d,2022_2023,2022-07-01,6013000.0,15.609434516328028,,,UNKNOWN,4,0,0,,,7,1
e531b51c-e16,plr_3928e525,2022_2023,2022-07-01,36894050.0,17.4235608765013,,,UNKNOWN,0,0,0,,,7,1
94e10ca9-d26,plr_5658bfb7,2022_2023,2022-07-01,33157400.0,17.31677650759636,,,UNKNOWN,0,0,0,,,7,1
57dbbdea-4d9,plr_8c1a3433,2022_2023,2022-07-01,30065000.0,17.218872295717073,,,UNKNOWN,0,0,0,,,7,1
bfbcf9e8-780,plr_7826fc27,2022_2023,2022-07-01,17781300.0,16.69365795747657,,,UNKNOWN,1,1764,9,,,7,1
58e54745-b89,plr_f9a4d47f,2022_2023,2022-07-01,10308000.0,16.148430947766418,,,UNKNOWN,0,0,0,,,7,1
56f2361e-b0a,plr_963b4306,2022_2023,2022-07-01,9148350.0,16.02908420243115,,,UNKNOWN,0,0,0,,,7,1
8d2f8877-076,plr_4535a2d0,2022_2023,2022-07-01,7988700.0,15.893538726302408,,,UNKNOWN,2,3330,0,,,7,1
62ca93cb-81a,plr_6e66c0f6,2022_2023,2022-07-01,3221250.0,14.985280351387159,,,UNKNOWN,4,7036,7,,,7,1
92acb1fd-00d,plr_b392662c,2022_2023,2022-07-01,40716600.0,17.522146454227432,,,UNKNOWN,0,0,0,,,7,1
d90faad1-bb7,plr_4ddd44cc,2022_2023,2022-07-01,28003400.0,17.147836525049005,,,UNKNOWN,0,0,0,,,7,1
22815b86-708,plr_f79ac1a7,2022_2023,2022-07-01,20873700.0,16.85400059922007,,,UNKNOWN,2,1670,2,,,7,1
4bb36993-d44,plr_7150631d,2022_2023,2022-07-01,16063300.0,16.59204778708064,,,UNKNOWN,0,0,0,,,7,1
985729de-680,plr_6c349e4f,2022_2023,2022-07-01,15462000.0,16.55389602353724,,,UNKNOWN,0,0,0,,,7,1
42d44673-d4a,plr_faee00a1,2022_2023,2022-07-01,14345300.0,16.478932990098343,,,UNKNOWN,1,1811,5,,,7,1
2742cade-8b1,plr_c0d88392,2022_2023,2022-07-01,9449000.0,16.061419579596063,,,UNKNOWN,4,3308,2,,,7,1
72e172a6-d81,plr_67351ab5,2022_2023,2022-07-01,4295000.0,15.272962346229336,,,UNKNOWN,0,0,0,,,7,1
f30ffbb0-fde,plr_b3e8b6c5,2022_2023,2022-07-01,47245.0,10.763123273253704,,,UNKNOWN,0,0,0,,,7,1
de1f722f-1e8,plr_a62de1be,2022_2023,2022-07-01,489630.0,13.101407325169282,,,UNKNOWN,4,0,0,,,7,1
c1a7dd08-e58,plr_e7ba80f2,2023_2024,2023-07-01,100159400.0,18.42227348486687,,,UNKNOWN,0,15753,10,,,7,1
54d45369-044,plr_bfa3a90d,2023_2024,2023-07-01,64425000.0,17.981012330024626,,,UNKNOWN,1,5879,19,,,7,1
88201ceb-dfe,plr_fb11791c,2023_2024,2023-07-01,34360000.0,17.352403684183937,,,UNKNOWN,0,0,0,,,7,1
dac86c95-f54,plr_8fe2b25f,2023_2024,2023-07-01,12885000.0,16.371574479678223,,,UNKNOWN,0,12922,14,,,7,1
9e95e3b7-1fc,plr_4fd5bcc1,2023_2024,2023-07-01,7000850.0,15.761542271058952,,,UNKNOWN,1,0,0,,,7,1
a48bf9eb-2c0,plr_6fed86e9,2023_2024,2023-07-01,4982200.0,15.42138231923329,,,UNKNOWN,2,0,0,,,7,1
4583de3d-da9,plr_ba008d62,2023_2024,2023-07-01,1030800.0,13.845846727880172,,,UNKNOWN,0,5345,2,,,7,1
c8a18ddb-8e1,plr_8b075d1e,2023_2024,2023-07-01,47245000.0,17.670857407365123,,,UNKNOWN,0,0,0,,,7,1
0e3a0ef8-4c3,plr_cf9f7d2d,2023_2024,2023-07-01,28347000.0,17.160031797709973,,,UNKNOWN,0,0,0,,,7,1
f8777772-41f,plr_318630a5,2023_2024,2023-07-01,28347000.0,17.160031797709973,,,UNKNOWN,0,0,0,,,7,1
b3d42ec8-865,plr_642f66d5,2023_2024,2023-07-01,6528400.0,15.691672601435554,,,UNKNOWN,0,0,0,,,7,1
a29e5b73-0cb,plr_4442009e,2023_2024,2023-07-01,1288500.0,14.068990085170492,,,UNKNOWN,0,0,0,,,7,1
78b4abec-93e,plr_25ebdfa0,2023_2024,2023-07-01,18511450.0,16.733900071536766,,,UNKNOWN,2,67,0,,,7,1
00e671e3-17e,plr_9bcb84e9,2023_2024,2023-07-01,4982200.0,15.42138231923329,,,UNKNOWN,2,0,0,,,7,1
1051ce12-c8f,plr_f019a698,2023_2024,2023-07-01,2491100.0,14.728235339387828,,,UNKNOWN,2,3472,0,,,7,1
fe100021-3a6,plr_059d087d,2023_2024,2023-07-01,1975700.0,14.496433830051087,,,UNKNOWN,2,810,1,,,7,1
149e24ad-a8d,plr_66d09dc6,2023_2024,2023-07-01,23107100.0,16.955650530850928,,,UNKNOWN,1,2156,0,,,7,1
a8ffc014-817,plr_325df3c0,2023_2024,2023-07-01,22007580.0,16.90689754287387,,,UNKNOWN,1,425,0,,,7,1
a2477645-d2f,plr_a88e6553,2023_2024,2023-07-01,19757000.0,16.799018467510514,,,UNKNOWN,0,0,0,,,7,1
ef1e72e6-f58,plr_986fa39a,2023_2024,2023-07-01,17583730.0,16.682484657510344,,,UNKNOWN,0,0,0,,,7,1
dc64d863-a7a,plr_3a34c666,2023_2024,2023-07-01,12885000.0,16.371574479678223,,,UNKNOWN,0,0,0,,,7,1
6347e4a2-fc8,plr_b7937773,2023_2024,2023-07-01,9277200.0,16.043070442887704,,,UNKNOWN,0,0,0,,,7,1
94fcbc7b-314,plr_aa09803a,2023_2024,2023-07-01,6957900.0,15.7553884063663,,,UNKNOWN,0,2879,0,,,7,1
509a457d-baa,plr_39bf8969,2023_2024,2023-07-01,1288500.0,14.068990085170492,,,UNKNOWN,1,282,0,,,7,1
c190c494-247,plr_f79ac1a7,2023_2024,2023-07-01,23064150.0,16.953790065278596,,,UNKNOWN,3,3481,2,,,7,1
35c262bf-5e3,plr_7272088b,2023_2024,2023-07-01,21475000.0,16.882400072400365,,,UNKNOWN,1,723,0,,,7,1
a497fb5a-9c2,plr_e4b77fe5,2023_2024,2023-07-01,11167000.0,16.22847364797749,,,UNKNOWN,0,0,0,,,7,1
541ada00-87e,plr_f2ba2da7,2023_2024,2023-07-01,3865500.0,15.167601856441378,,,UNKNOWN,0,0,0,,,7,1
e1d3b799-e43,plr_7bc5c78d,2023_2024,2023-07-01,2577000.0,14.762136877682545,,,UNKNOWN,0,0,0,,,7,1
e2d71403-851,plr_04ceadd1,2023_2024,2023-07-01,429500.0,12.970379348692445,,,UNKNOWN,3,6,0,,,7,1
0ebd5d0d-2e0,plr_d2b1e200,2023_2024,2023-07-01,29377800.0,17.19574987907426,,,UNKNOWN,1,0,0,,,7,1
17bc8516-81d,plr_db5cbd5a,2023_2024,2023-07-01,23193000.0,16.95936111008718,,,UNKNOWN,0,0,0,,,7,1
9d2f0e80-c85,plr_415eb34f,2023_2024,2023-07-01,17180000.0,16.6592565327276,,,UNKNOWN,0,0,0,,,7,1
69183272-1b8,plr_c4e05043,2023_2024,2023-07-01,14173500.0,16.46688465242713,,,UNKNOWN,0,0,0,,,7,1
483c60a8-cbb,plr_0581e580,2023_2024,2023-07-01,7859850.0,15.877278207482705,,,UNKNOWN,0,0,0,,,7,1
0a43fd85-e79,plr_f7ed3f00,2023_2024,2023-07-01,99644000.0,18.417114402108485,,,UNKNOWN,2,660,1,,,7,1
f6f4f29e-f60,plr_cda89c8b,2023_2024,2023-07-01,36078000.0,17.401193846967484,,,UNKNOWN,2,6450,16,,,7,1
a0ab3e18-023,plr_dea36a35,2023_2024,2023-07-01,19757000.0,16.799018467510514,,,UNKNOWN,1,7830,0,,,7,1
896898a3-710,plr_48b9dfff,2023_2024,2023-07-01,1159650.0,13.96362965574551,,,UNKNOWN,3,2187,5,,,7,1
37127a1a-9df,plr_57450814,2023_2024,2023-07-01,15977400.0,16.58668584427395,,,UNKNOWN,0,0,0,,,7,1
3bb372b0-b9c,plr_7bd56a28,2023_2024,2023-07-01,14860700.0,16.514230769761706,,,UNKNOWN,0,0,0,,,7,1
f34335b9-be4,plr_fb256a9a,2023_2024,2023-07-01,14130550.0,16.463849748946423,,,UNKNOWN,1,1319,4,,,7,1
52634dec-2b9,plr_10f4a203,2023_2024,2023-07-01,12885000.0,16.371574479678223,,,UNKNOWN,0,0,0,,,7,1
26785b01-d8c,plr_13f356d6,2023_2024,2023-07-01,11940100.0,16.295413124854427,,,UNKNOWN,1,2062,2,,,7,1
518464b2-459,plr_7922cea8,2023_2024,2023-07-01,10308000.0,16.148430947766418,,,UNKNOWN,0,0,0,,,7,1
d9ca42ca-44d,plr_38e406e3,2023_2024,2023-07-01,6700200.0,15.717648083911204,,,UNKNOWN,0,2099,0,,,7,1
99156671-3f7,plr_bf208aa9,2023_2024,2023-07-01,3436000.0,15.049818853122328,,,UNKNOWN,2,846,4,,,7,1
6c78d2dd-766,plr_6bb30ea3,2023_2024,2023-07-01,2577000.0,14.762136877682545,,,UNKNOWN,0,0,0,,,7,1
e8492213-f08,plr_0a80a1e8,2023_2024,2023-07-01,2577000.0,14.762136877682545,,,UNKNOWN,0,0,0,,,7,1
dd18e047-15c,plr_cf3da1d7,2023_2024,2023-07-01,1975700.0,14.496433830051087,,,UNKNOWN,1,0,0,,,7,1
3a256fc2-211,plr_276a6f76,2023_2024,2023-07-01,53343900.0,17.792270208652113,,,UNKNOWN,1,2219,1,,,7,1
ab79133e-8bd,plr_cc91b86c,2023_2024,2023-07-01,51540000.0,17.757868782590897,,,UNKNOWN,0,0,0,,,7,1
4d87fc6f-7cc,plr_3139738c,2023_2024,2023-07-01,40373000.0,17.513671827445478,,,UNKNOWN,2,479,0,,,7,1
f07c058e-6f4,plr_807added,2023_2024,2023-07-01,38655000.0,17.470186716606587,,,UNKNOWN,0,0,0,,,7,1
871ddf95-99e,plr_7b503e8e,2023_2024,2023-07-01,31783000.0,17.274442145073976,,,UNKNOWN,0,0,0,,,7,1
a83bc9b7-a13,plr_4983f9c3,2023_2024,2023-07-01,23193000.0,16.95936111008718,,,UNKNOWN,0,0,0,,,7,1
4b575ca4-647,plr_4150a22f,2023_2024,2023-07-01,13744000.0,16.436112995965193,,,UNKNOWN,0,0,0,,,7,1
4e292529-63f,plr_552b9a51,2023_2024,2023-07-01,12885000.0,16.371574479678223,,,UNKNOWN,0,0,0,,,7,1
757fefc7-363,plr_e4e5b6ea,2023_2024,2023-07-01,58154300.0,17.878610398080255,,,UNKNOWN,1,9754,27,,,7,1
ccc720a4-df5,plr_75cff6ca,2023_2024,2023-07-01,24996900.0,17.0342624151488,,,UNKNOWN,2,8850,4,,,7,1
1398d45f-0c2,plr_44c2f4c7,2023_2024,2023-07-01,19757000.0,16.799018467510514,,,UNKNOWN,1,1798,2,,,7,1
25b29d50-7ca,plr_c8e1d3e4,2023_2024,2023-07-01,17867200.0,16.69847724364214,,,UNKNOWN,2,5535,20,,,7,1
3b8739b0-dac,plr_c0a5daec,2023_2024,2023-07-01,16235100.0,16.602686184626926,,,UNKNOWN,1,6059,7,,,7,1
cf10daeb-01a,plr_1527e18a,2023_2024,2023-07-01,15891500.0,16.58129499597739,,,UNKNOWN,1,6660,0,,,7,1
54303dfe-bf2,plr_89d58a72,2023_2024,2023-07-01,18124900.0,16.71279729662113,,,UNKNOWN,0,0,0,,,7,1
6c68620a-e1e,plr_707111b1,2023_2024,2023-07-01,17180000.0,16.6592565327276,,,UNKNOWN,0,0,0,,,7,1
a768ded3-e56,plr_81028f0d,2023_2024,2023-07-01,15032500.0,16.525725148418392,,,UNKNOWN,3,5985,0,,,7,1
ba32148b-3e6,plr_63e7b44b,2023_2024,2023-07-01,6872000.0,15.742965888164262,,,UNKNOWN,0,0,0,,,7,1
464c2457-cf4,plr_4d5007c5,2023_2024,2023-07-01,21475000.0,16.882400072400365,,,UNKNOWN,0,0,0,,,7,1
edc76c96-c3d,plr_1b6089de,2023_2024,2023-07-01,10737500.0,16.18925293840619,,,UNKNOWN,0,0,0,,,7,1
6ab92dd8-ab6,plr_c565aaf3,2023_2024,2023-07-01,22076300.0,16.910015238165013,,,UNKNOWN,1,10490,9,,,7,1
1e9bbf8d-59f,plr_b367ce38,2023_2024,2023-07-01,7988700.0,15.893538726302408,,,UNKNOWN,2,7438,15,,,7,1
773db062-c86,plr_ac49ecbd,2023_2024,2023-07-01,7559200.0,15.838276054739676,,,UNKNOWN,1,23,0,,,7,1
07311857-295,plr_d8eb7904,2023_2024,2023-07-01,6013000.0,15.609434516328028,,,UNKNOWN,1,280,1,,,7,1
09ea30e8-7d1,plr_2cf0a3f4,2023_2024,2023-07-01,19327500.0,16.777039561916514,,,UNKNOWN,0,0,0,,,7,1
74b04fa1-962,plr_252933a8,2023_2024,2023-07-01,11167000.0,16.22847364797749,,,UNKNOWN,1,7724,5,,,7,1
72bef236-ca4,plr_cf8e9dd2,2023_2024,2023-07-01,5497600.0,15.519822373229557,,,UNKNOWN,2,10646,40,,,7,1
4a4e6b16-591,plr_92d39e92,2023_2024,2023-07-01,747330.0,13.524263471728949,,,UNKNOWN,0,0,0,,,7,1
6e3dfb53-1ae,plr_16f6ad9e,2023_2024,2023-07-01,45183400.0,17.626240342842078,,,UNKNOWN,1,3399,17,,,7,1
50d0dc1a-b44,plr_afdc5164,2023_2024,2023-07-01,60130000.0,17.912019459646384,,,UNKNOWN,0,0,0,,,7,1
7e13a033-88d,plr_1c83c08b,2023_2024,2023-07-01,34360000.0,17.352403684183937,,,UNKNOWN,0,0,0,,,7,1
2b026b09-943,plr_dddac3a7,2023_2024,2023-07-01,17180000.0,16.6592565327276,,,UNKNOWN,0,0,0,,,7,1
6962df7c-381,plr_5b5a812c,2023_2024,2023-07-01,40115300.0,17.50726839056939,,,UNKNOWN,1,0,0,,,7,1
073a0ba3-5c9,plr_4f1767bf,2023_2024,2023-07-01,12026000.0,16.302581613734816,,,UNKNOWN,0,10566,8,,,7,1
bf1db271-70f,plr_2ee40238,2023_2024,2023-07-01,5025150.0,15.429966061209173,,,UNKNOWN,5,0,0,,,7,1
fbbf1467-5fc,plr_bba14dc1,2023_2024,2023-07-01,4037300.0,15.211086957372663,,,UNKNOWN,4,71,0,,,7,1
f361a6a7-825,plr_d9b8a3e4,2023_2024,2023-07-01,3006500.0,14.916287502074377,,,UNKNOWN,0,0,0,,,7,1
ec9f8db1-38a,plr_44b2e96f,2023_2024,2023-07-01,2491100.0,14.728235339387828,,,UNKNOWN,0,0,0,,,7,1
169df465-7ca,plr_3a824888,2023_2024,2023-07-01,2491100.0,14.728235339387828,,,UNKNOWN,0,0,0,,,7,1
82142c44-d86,plr_dcc3f725,2023_2024,2023-07-01,1718000.0,14.356671963598345,,,UNKNOWN,0,0,0,,,7,1
c8e642f5-519,plr_eb8f21c1,2023_2024,2023-07-01,987850.0,13.803287155640477,,,UNKNOWN,0,0,0,,,7,1
68ecbe05-a7d,plr_7b683c15,2023_2024,2023-07-01,257700.0,12.459555277114108,,,UNKNOWN,0,0,0,,,7,1
a052ab50-560,plr_5f1f0559,2023_2024,2023-07-01,77310000.0,18.163333884231594,,,UNKNOWN,0,0,0,,,7,1
8f93dd81-dd9,plr_b392662c,2023_2024,2023-07-01,53258000.0,17.790658604788007,,,UNKNOWN,1,0,0,,,7,1
bacb1d89-3e4,plr_9851c65b,2023_2024,2023-07-01,51540000.0,17.757868782590897,,,UNKNOWN,0,0,0,,,7,1
a1456446-587,plr_ef4702f2,2023_2024,2023-07-01,15891500.0,16.58129499597739,,,UNKNOWN,0,0,0,,,7,1
97b617ee-df7,plr_d4fe9a7f,2023_2024,2023-07-01,30065000.0,17.218872295717073,,,UNKNOWN,1,8608,43,,,7,1
efb66352-d0b,plr_120f07f1,2023_2024,2023-07-01,23622500.0,16.97771024797144,,,UNKNOWN,0,9317,8,,,7,1
d0c943b3-3ef,plr_c7ed95b4,2023_2024,2023-07-01,68548200.0,18.04304772001043,,,UNKNOWN,0,0,0,,,7,1
5c101d25-6ca,plr_45a72ded,2023_2024,2023-07-01,43121800.0,17.579539250854204,,,UNKNOWN,0,0,0,,,7,1
c53108c2-c98,plr_080c3ca8,2023_2024,2023-07-01,4295000.0,15.272962346229336,,,UNKNOWN,0,0,0,,,7,1
7f55d193-f89,plr_9bfe3352,2023_2024,2023-07-01,19696870.0,16.795970348605692,,,UNKNOWN,1,1780,3,,,7,1
31b7876c-abf,plr_88531af6,2023_2024,2023-07-01,8366660.0,15.939765438142837,,,UNKNOWN,1,0,0,,,7,1
db115620-4e6,plr_4d07f0eb,2023_2024,2023-07-01,859000.0,13.663525365110068,,,UNKNOWN,1,0,0,,,7,1
56425748-d61,plr_a8cb05d9,2023_2024,2023-07-01,57638900.0,17.869708262293422,,,UNKNOWN,0,0,0,,,7,1
58aba544-e1b,plr_e2154336,2023_2024,2023-07-01,37796000.0,17.44771386134248,,,UNKNOWN,1,9824,35,,,7,1
ce3323a8-f08,plr_3d0f6788,2023_2024,2023-07-01,31954800.0,17.279832993539696,,,UNKNOWN,1,2226,1,,,7,1
4a02c501-b89,plr_60e5e1d3,2023_2024,2023-07-01,6872000.0,15.742965888164262,,,UNKNOWN,0,0,0,,,7,1
74ca4185-f1a,plr_8858104b,2023_2024,2023-07-01,23364800.0,16.966741217067767,,,UNKNOWN,1,7327,12,,,7,1
ccb018bf-1a5,plr_6e8cd0bf,2023_2024,2023-07-01,343600.0,12.747236379448887,,,UNKNOWN,2,2970,0,,,7,1
396f0f67-5b0,plr_839b64eb,2023_2024,2023-07-01,30065000.0,17.218872295717073,,,UNKNOWN,0,0,0,,,7,1
5b2ac98a-f23,plr_88fcbf91,2023_2024,2023-07-01,11038150.0,16.21686810290251,,,UNKNOWN,0,381,1,,,7,1
595d9283-c38,plr_37a2d61b,2023_2024,2023-07-01,10308000.0,16.148430947766418,,,UNKNOWN,0,0,0,,,7,1
019aa3fb-1af,plr_ce59fa84,2023_2024,2023-07-01,5712350.0,15.55814123069344,,,UNKNOWN,0,0,0,,,7,1
6aefa8f8-a44,plr_17a56429,2023_2024,2023-07-01,5583500.0,15.5353265569671,,,UNKNOWN,1,0,0,,,7,1
b926979b-67a,plr_6fdbdd48,2023_2024,2023-07-01,4209100.0,15.252759643663426,,,UNKNOWN,0,0,0,,,7,1
e5b70e53-5e4,plr_f5479033,2023_2024,2023-07-01,47245000.0,17.670857407365123,,,UNKNOWN,0,2930,8,,,7,1
1b2925bc-5f8,plr_49e9eb32,2023_2024,2023-07-01,4982200.0,15.42138231923329,,,UNKNOWN,1,342,1,,,7,1
46ae5564-9d8,plr_f4e3d81b,2023_2024,2023-07-01,3092400.0,14.944458369801836,,,UNKNOWN,1,0,0,,,7,1
1b5e0286-0c8,plr_09a5fe1f,2023_2024,2023-07-01,85900.0,11.360950749348124,,,UNKNOWN,2,6809,4,,,7,1
1cd01e80-531,plr_2c361b03,2023_2024,2023-07-01,14860700.0,16.514230769761706,,,UNKNOWN,0,0,0,,,7,1
eed8876e-c4a,plr_20099f8a,2023_2024,2023-07-01,10737500.0,16.18925293840619,,,UNKNOWN,0,0,0,,,7,1
6c4749c8-a5d,plr_bbeb4fe7,2023_2024,2023-07-01,3951400.0,15.18958075753627,,,UNKNOWN,0,0,0,,,7,1
39c81c44-b25,plr_4fb7810d,2023_2024,2023-07-01,2319300.0,14.656776405141159,,,UNKNOWN,0,0,0,,,7,1
859aa847-855,plr_6fcbe691,2023_2024,2023-07-01,2147500.0,14.57981539849818,,,UNKNOWN,0,0,0,,,7,1
c08bb3ad-1b0,plr_46e22e35,2023_2024,2023-07-01,14603000.0,16.496737613501686,,,UNKNOWN,0,11,0,,,7,1
e7f5eb50-f60,plr_08c4ff98,2023_2024,2023-07-01,39771700.0,17.498666187202087,,,UNKNOWN,1,12481,43,,,7,1
ab86c77a-6bf,plr_ed702e3b,2023_2024,2023-07-01,34360000.0,17.352403684183937,,,UNKNOWN,0,0,0,,,7,1
958f5188-14a,plr_d332cebc,2023_2024,2023-07-01,34360000.0,17.352403684183937,,,UNKNOWN,4,1132,3,,,7,1
a82ec5c1-fec,plr_10481c5b,2023_2024,2023-07-01,25770000.0,17.06472162143336,,,UNKNOWN,1,3321,7,,,7,1
9365b7f5-204,plr_45be8fc0,2023_2024,2023-07-01,24052000.0,16.99572875271818,,,UNKNOWN,0,0,0,,,7,1
d8f1b517-189,plr_91ce30ef,2023_2024,2023-07-01,15891500.0,16.58129499597739,,,UNKNOWN,0,0,0,,,7,1
abae9b78-87a,plr_f0f22291,2023_2024,2023-07-01,12885000.0,16.371574479678223,,,UNKNOWN,0,0,0,,,7,1
7208ae95-6c6,plr_eee87aeb,2023_2024,2023-07-01,1975700.0,14.496433830051087,,,UNKNOWN,0,0,0,,,7,1
f80b66bb-f4b,plr_46e5aa08,2023_2024,2023-07-01,81605000.0,18.217401104821086,,,UNKNOWN,0,14731,105,,,7,1
df82fb71-ee1,plr_10b3f4b1,2023_2024,2023-07-01,8160500.0,15.914816122114392,,,UNKNOWN,0,8332,3,,,7,1
f2fde5fd-12b,plr_f99ce3a6,2023_2024,2023-07-01,36937000.0,17.42472434373308,,,UNKNOWN,0,0,0,,,7,1
e33527f7-065,plr_e24c82f6,2023_2024,2023-07-01,32642000.0,17.301110391328155,,,UNKNOWN,0,0,0,,,7,1
0b514391-688,plr_335933ba,2023_2024,2023-07-01,29893200.0,17.213141621199245,,,UNKNOWN,0,15366,39,,,7,1
b17a3937-58d,plr_50819b29,2023_2024,2023-07-01,17180000.0,16.6592565327276,,,UNKNOWN,3,147,0,,,7,1
2887f0a3-fa7,plr_61d0f427,2023_2024,2023-07-01,1503250.0,14.223140654126938,,,UNKNOWN,0,0,0,,,7,1
0cbf0008-2d8,plr_5658bfb7,2023_2024,2023-07-01,24052000.0,16.99572875271818,,,UNKNOWN,1,921,3,,,7,1
a8762d92-20e,plr_74894589,2023_2024,2023-07-01,6872000.0,15.742965888164262,,,UNKNOWN,1,7533,13,,,7,1
10aca4b0-535,plr_84cb5b98,2023_2024,2023-07-01,996440.0,13.811945209656882,,,UNKNOWN,3,1,0,,,7,1
3890aacc-5bd,plr_c590c23a,2023_2024,2023-07-01,42950000.0,17.575547229677426,,,UNKNOWN,1,0,0,,,7,1
bed0624d-1b6,plr_43b58778,2023_2024,2023-07-01,12885000.0,16.371574479678223,,,UNKNOWN,0,0,0,,,7,1
f017d2a2-683,plr_b2a5bab8,2023_2024,2023-07-01,10308000.0,16.148430947766418,,,UNKNOWN,0,0,0,,,7,1
b0c96c32-11c,plr_b68c7f12,2023_2024,2023-07-01,9449000.0,16.061419579596063,,,UNKNOWN,1,405,0,,,7,1
fa5be034-2df,plr_eca99eaf,2023_2024,2023-07-01,5154000.0,15.455283864218488,,,UNKNOWN,0,0,0,,,7,1
f69ae9bd-e0f,plr_befcf2c2,2023_2024,2023-07-01,47245000.0,17.670857407365123,,,UNKNOWN,0,0,0,,,7,1
6d780a9d-442,plr_b50407a7,2023_2024,2023-07-01,1202600.0,13.999997269118941,,,UNKNOWN,3,0,0,,,7,1
