transfer_id,master_player_id,season_id,transfer_date,fee_gbp,log_fee_gbp,age_at_transfer,age_squared,position,previous_transfer_count,career_minutes_before_transfer,career_goals_before_transfer,selling_club_pts_t1,selling_club_gd_t1,transfer_month,is_summer_window,t1_minutes,t1_goals,t1_assists,t1_bps,t1_goals_per90,t1_assists_per90,t1_bps_per90,t1_low_minutes_flag,two_season_avg_minutes,two_season_avg_goals,goals_trend,previous_transfer_fee_gbp
7fc90591-550,plr_8aea0b2c,2018_2019,2018-07-01,58240200.0,17.880086413083013,,,UNKNOWN,0,0,0,,,7,1,,,,,,,,,,,,0.0
94b04300-6b2,plr_7b63aa7a,2018_2019,2018-07-01,5411700.0,15.50407401914868,,,UNKNOWN,0,0,0,,,7,1,,,,,,,,,,,,0.0
21b2e143-861,plr_dc6c0e74,2018_2019,2018-07-01,2147500.0,14.57981539849818,,,UNKNOWN,0,0,0,,,7,1,,,,,,,,,,,,0.0
8df1aa0a-d72,plr_79c376af,2018_2019,2018-07-01,944900.0,13.758835439083207,,,UNKNOWN,0,0,0,,,7,1,,,,,,,,,,,,0.0
12269456-437,plr_6eda969f,2018_2019,2018-07-01,764510.0,13.546991692736949,,,UNKNOWN,0,0,0,,,7,1,,,,,,,,,,,,0.0
f101d124-116,plr_61c95bfd,2018_2019,2018-07-01,14603000.0,16.496737613501686,,,UNKNOWN,0,0,0,,,7,1,,,,,,,,,,,,0.0
f58799a2-6fa,plr_bbd4e8dc,2018_2019,2018-07-01,9706700.0,16.088327029706306,,,UNKNOWN,0,0,0,,,7,1,,,,,,,,,,,,0.0
d33bd6a1-89a,plr_06341f32,2018_2019,2018-07-01,3350100.0,15.0245010526005,,,UNKNOWN,0,0,0,,,7,1,,,,,,,,,,,,0.0
252e6531-265,plr_76c5e081,2018_2019,2018-07-01,2920600.0,14.887299974983847,,,UNKNOWN,0,0,0,,,7,1,,,,,,,,,,,,0.0
c44a74e1-52f,plr_1cfad78b,2018_2019,2018-07-01,50681000.0,17.74106166460337,,,UNKNOWN,0,0,0,,,7,1,,,,,,,,,,,,0.0
278fbb72-ea3,plr_134a3525,2018_2019,2018-07-01,18898000.0,16.75456670724036,,,UNKNOWN,0,0,0,,,7,1,,,,,,,,,,,,0.0
8b05c788-474,plr_6cb18e9a,2018_2019,2018-07-01,1460300.0,14.194153136819125,,,UNKNOWN,0,0,0,,,7,1,,,,,,,,,,,,0.0
0b6d12c6-20f,plr_d56f1341,2018_2019,2018-07-01,13744000.0,16.436112995965193,,,UNKNOWN,0,0,0,,,7,1,,,,,,,,,,,,0.0
22b9bd43-13a,plr_3575396b,2018_2019,2018-07-01,6313650.0,15.658224672578113,,,UNKNOWN,0,0,0,,,7,1,,,,,,,,,,,,0.0
d4a4ed7a-926,plr_1e2ebee6,2018_2019,2018-07-01,6184800.0,15.637605388675105,,,UNKNOWN,0,0,0,,,7,1,,,,,,,,,,,,0.0
b8122fa0-8eb,plr_e0c1de2c,2018_2019,2018-07-01,4595650.0,15.340620979471359,,,UNKNOWN,0,0,0,,,7,1,,,,,,,,,,,,0.0
505a75b0-822,plr_487fd6b3,2018_2019,2018-07-01,62277500.0,17.947110778884184,,,UNKNOWN,0,0,0,,,7,1,,,,,,,,,,,,0.0
af76ae1e-4dd,plr_3f002143,2018_2019,2018-07-01,51540000.0,17.757868782590897,,,UNKNOWN,0,0,0,,,7,1,,,,,,,,,,,,0.0
654f1935-8c3,plr_635487b3,2018_2019,2018-07-01,38655000.0,17.470186716606587,,,UNKNOWN,0,0,0,,,7,1,,,,,,,,,,,,0.0
dbdbe580-bf7,plr_db541176,2018_2019,2018-07-01,12627300.0,16.351371773944575,,,UNKNOWN,0,0,0,,,7,1,,,,,,,,,,,,0.0
e3b11b25-790,plr_a46bac7d,2018_2019,2018-07-01,18210800.0,16.717525437556827,,,UNKNOWN,0,0,0,,,7,1,,,,,,,,,,,,0.0
13718e8d-5e2,plr_e99d25d2,2018_2019,2018-07-01,12026000.0,16.302581613734816,,,UNKNOWN,0,0,0,,,7,1,,,,,,,,,,,,0.0
055dda0d-2b0,plr_a25fa6a7,2018_2019,2018-07-01,1305680.0,14.082235301708728,,,UNKNOWN,0,0,0,,,7,1,,,,,,,,,,,,0.0
24f2c9bf-645,plr_f367ce9f,2018_2019,2018-07-01,68720000.0,18.04555085019208,,,UNKNOWN,0,0,0,,,7,1,,,,,,,,,,,,0.0
8a4f2d5d-1f2,plr_5fb12128,2018_2019,2018-07-01,54976000.0,17.82240730251582,,,UNKNOWN,0,0,0,,,7,1,,,,,,,,,,,,0.0
765d8279-fa5,plr_ab6ae9f4,2018_2019,2018-07-01,48963000.0,17.706575489224527,,,UNKNOWN,0,0,0,,,7,1,,,,,,,,,,,,0.0
d02ef27f-bd6,plr_941a92ab,2018_2019,2018-07-01,30065000.0,17.218872295717073,,,UNKNOWN,0,0,0,,,7,1,,,,,,,,,,,,0.0
b37c7ac4-c59,plr_f7384ec8,2018_2019,2018-07-01,7731000.0,15.860748907651976,,,UNKNOWN,0,0,0,,,7,1,,,,,,,,,,,,0.0
573223b1-2ce,plr_0002ce69,2018_2019,2018-07-01,24610350.0,17.01867768476045,,,UNKNOWN,0,0,0,,,7,1,,,,,,,,,,,,0.0
200527a3-e4b,plr_1428fd3e,2018_2019,2018-07-01,21475000.0,16.882400072400365,,,UNKNOWN,0,0,0,,,7,1,,,,,,,,,,,,0.0
55290cca-942,plr_d55daa88,2018_2019,2018-07-01,13744000.0,16.436112995965193,,,UNKNOWN,0,0,0,,,7,1,,,,,,,,,,,,0.0
7cbe0888-ddb,plr_17759ef5,2018_2019,2018-07-01,6872000.0,15.742965888164262,,,UNKNOWN,0,0,0,,,7,1,,,,,,,,,,,,0.0
30679011-9fe,plr_e0fb6674,2018_2019,2018-07-01,14517100.0,16.490837891779698,,,UNKNOWN,0,0,0,,,7,1,,,,,,,,,,,,0.0
3c854ebf-0d1,plr_92371766,2018_2019,2018-07-01,10479800.0,16.16496024812727,,,UNKNOWN,0,0,0,,,7,1,,,,,,,,,,,,0.0
e35f90f4-7e5,plr_b35395b1,2018_2019,2018-07-01,6872000.0,15.742965888164262,,,UNKNOWN,0,0,0,,,7,1,,,,,,,,,,,,0.0
648359d1-69b,plr_07b4be08,2018_2019,2018-07-01,33672800.0,17.332200977460367,,,UNKNOWN,0,0,0,,,7,1,,,,,,,,,,,,0.0
eb050f6f-ae8,plr_19e6c3ba,2018_2019,2018-07-01,25984750.0,17.073020423927353,,,UNKNOWN,0,0,0,,,7,1,,,,,,,,,,,,0.0
2877820f-f91,plr_6face4a9,2018_2019,2018-07-01,17351800.0,16.669206863004458,,,UNKNOWN,0,0,0,,,7,1,,,,,,,,,,,,0.0
bfad9f1d-b86,plr_6b07b640,2018_2019,2018-07-01,11596500.0,16.266213972643687,,,UNKNOWN,0,0,0,,,7,1,,,,,,,,,,,,0.0
4fed5fd3-45f,plr_a6e68a44,2018_2019,2018-07-01,7731000.0,15.860748907651976,,,UNKNOWN,0,0,0,,,7,1,,,,,,,,,,,,0.0
632ee12c-0df,plr_c19e3649,2018_2019,2018-07-01,3951400.0,15.18958075753627,,,UNKNOWN,0,0,0,,,7,1,,,,,,,,,,,,0.0
66b640f8-ca3,plr_eddd947f,2018_2019,2018-07-01,21475000.0,16.882400072400365,,,UNKNOWN,0,0,0,,,7,1,,,,,,,,,,,,0.0
2af56b5a-dcb,plr_50ef63c8,2018_2019,2018-07-01,18898000.0,16.75456670724036,,,UNKNOWN,0,0,0,,,7,1,,,,,,,,,,,,0.0
7c2ec4b0-166,plr_b148352f,2018_2019,2018-07-01,18124900.0,16.71279729662113,,,UNKNOWN,0,0,0,,,7,1,,,,,,,,,,,,0.0
39250c82-7a6,plr_f77e6dcb,2018_2019,2018-07-01,12455500.0,16.337672930678735,,,UNKNOWN,0,0,0,,,7,1,,,,,,,,,,,,0.0
5feeb86c-c62,plr_805640dc,2018_2019,2018-07-01,12026000.0,16.302581613734816,,,UNKNOWN,0,0,0,,,7,1,,,,,,,,,,,,0.0
3b7e62a0-67c,plr_59225587,2018_2019,2018-07-01,3436000.0,15.049818853122328,,,UNKNOWN,0,0,0,,,7,1,,,,,,,,,,,,0.0
d7dfa7a2-155,plr_97187ae2,2018_2019,2018-07-01,8590000.0,15.966109410374866,,,UNKNOWN,0,0,0,,,7,1,,,,,,,,,,,,0.0
57b03145-d18,plr_683143fb,2018_2019,2018-07-01,20616000.0,16.84157807982035,,,UNKNOWN,0,0,0,,,7,1,,,,,,,,,,,,0.0
955f6f3c-859,plr_8b4df567,2018_2019,2018-07-01,9191300.0,16.033768051232784,,,UNKNOWN,0,0,0,,,7,1,,,,,,,,,,,,0.0
1de0c933-e51,plr_80982b74,2018_2019,2018-07-01,6013000.0,15.609434516328028,,,UNKNOWN,0,0,0,,,7,1,,,,,,,,,,,,0.0
02697d42-ecf,plr_b91e90c0,2018_2019,2018-07-01,5755300.0,15.565631901116186,,,UNKNOWN,0,0,0,,,7,1,,,,,,,,,,,,0.0
90b0b4a8-eea,plr_9749115d,2018_2019,2018-07-01,3436000.0,15.049818853122328,,,UNKNOWN,0,0,0,,,7,1,,,,,,,,,,,,0.0
57ecd9a0-a0e,plr_f8dd7e74,2018_2019,2018-07-01,3436000.0,15.049818853122328,,,UNKNOWN,0,0,0,,,7,1,,,,,,,,,,,,0.0
c244b357-350,plr_d84f0880,2018_2019,2018-07-01,21217300.0,16.870327491731672,,,UNKNOWN,0,0,0,,,7,1,,,,,,,,,,,,0.0
29537f30-d90,plr_15120ccc,2018_2019,2018-07-01,4002940.0,15.202539898920302,,,UNKNOWN,0,0,0,,,7,1,,,,,,,,,,,,0.0
43609cea-5bb,plr_d563759e,2018_2019,2018-07-01,1632100.0,14.305378699846154,,,UNKNOWN,0,0,0,,,7,1,,,,,,,,,,,,0.0
2b04e9c2-c65,plr_58ba4b80,2018_2019,2018-07-01,335010.0,12.721918646089016,,,UNKNOWN,0,0,0,,,7,1,,,,,,,,,,,,0.0
9ff04104-87c,plr_48cc406b,2018_2019,2018-07-01,9191300.0,16.033768051232784,,,UNKNOWN,0,0,0,,,7,1,,,,,,,,,,,,0.0
1b05ce03-ff9,plr_ec727651,2018_2019,2018-07-01,26199500.0,17.081250922748424,,,UNKNOWN,0,0,0,,,7,1,,,,,,,,,,,,0.0
a53f295b-c35,plr_5b9e1947,2018_2019,2018-07-01,12885000.0,16.371574479678223,,,UNKNOWN,0,0,0,,,7,1,,,,,,,,,,,,0.0
1b684efc-3ff,plr_033c1004,2018_2019,2018-07-01,11682400.0,16.273594079307244,,,UNKNOWN,0,0,0,,,7,1,,,,,,,,,,,,0.0
fae93c04-bba,plr_3d5d63c5,2018_2019,2018-07-01,9706700.0,16.088327029706306,,,UNKNOWN,0,0,0,,,7,1,,,,,,,,,,,,0.0
535d3edc-d58,plr_dd3313a6,2018_2019,2018-07-01,5841200.0,15.580446984346137,,,UNKNOWN,0,0,0,,,7,1,,,,,,,,,,,,0.0
94d9d1fb-e64,plr_b7f75198,2018_2019,2018-07-01,32642000.0,17.301110391328155,,,UNKNOWN,0,0,0,,,7,1,,,,,,,,,,,,0.0
2723a4f1-855,plr_90c0a9f1,2018_2019,2018-07-01,21475000.0,16.882400072400365,,,UNKNOWN,0,0,0,,,7,1,,,,,,,,,,,,0.0
0f54bf27-4fb,plr_a2c9564b,2018_2019,2018-07-01,17180000.0,16.6592565327276,,,UNKNOWN,0,0,0,,,7,1,,,,,,,,,,,,0.0
e8a01c23-9d7,plr_7cd03f7c,2018_2019,2018-07-01,6872000.0,15.742965888164262,,,UNKNOWN,0,0,0,,,7,1,,,,,,,,,,,,0.0
e8c63d46-161,plr_cfbc0628,2018_2019,2018-07-01,3436000.0,15.049818853122328,,,UNKNOWN,0,0,0,,,7,1,,,,,,,,,,,,0.0
e878fd13-882,plr_139846fd,2018_2019,2018-07-01,1288500.0,14.068990085170492,,,UNKNOWN,0,0,0,,,7,1,,,,,,,,,,,,0.0
91c8c55c-b98,plr_b71ee2e8,2018_2019,2018-07-01,1460300.0,14.194153136819125,,,UNKNOWN,0,0,0,,,7,1,,,,,,,,,,,,0.0
39d72caf-ef8,plr_2bcc1d60,2018_2019,2018-07-01,11167000.0,16.22847364797749,,,UNKNOWN,0,0,0,,,7,1,,,,,,,,,,,,0.0
d45ed6b1-2f9,plr_10f67678,2018_2019,2018-07-01,4295000.0,15.272962346229336,,,UNKNOWN,0,0,0,,,7,1,,,,,,,,,,,,0.0
dba8a2a8-a18,plr_14ef6691,2018_2019,2018-07-01,2405200.0,14.693144033913304,,,UNKNOWN,0,0,0,,,7,1,,,,,,,,,,,,0.0
8a5f675e-85c,plr_eef2b8a1,2018_2019,2018-07-01,1932750.0,14.474454934580079,,,UNKNOWN,0,0,0,,,7,1,,,,,,,,,,,,0.0
c551e7b7-7c7,plr_6fefbeb3,2018_2019,2018-07-01,1932750.0,14.474454934580079,,,UNKNOWN,0,0,0,,,7,1,,,,,,,,,,,,0.0
efe56e4e-587,plr_29d5fb1b,2018_2019,2018-07-01,1718000.0,14.356671963598345,,,UNKNOWN,0,0,0,,,7,1,,,,,,,,,,,,0.0
4ec2ea3e-9b9,plr_05351ccb,2018_2019,2018-07-01,1460300.0,14.194153136819125,,,UNKNOWN,0,0,0,,,7,1,,,,,,,,,,,,0.0
ffab1cca-431,plr_00c94cee,2018_2019,2018-07-01,944900.0,13.758835439083207,,,UNKNOWN,0,0,0,,,7,1,,,,,,,,,,,,0.0
c9e60884-ce5,plr_5cec3e21,2018_2019,2018-07-01,1941340.0,14.478889529358575,,,UNKNOWN,0,0,0,,,7,1,,,,,,,,,,,,0.0
afd4aad2-eec,plr_508aa546,2018_2019,2018-07-01,19327500.0,16.777039561916514,,,UNKNOWN,0,0,0,,,7,1,,,,,,,,,,,,0.0
769168e5-260,plr_42047687,2018_2019,2018-07-01,14431200.0,16.484903156669912,,,UNKNOWN,0,0,0,,,7,1,,,,,,,,,,,,0.0
e6df14b9-a42,plr_928f982d,2018_2019,2018-07-01,8590000.0,15.966109410374866,,,UNKNOWN,0,0,0,,,7,1,,,,,,,,,,,,0.0
bd25b361-2c1,plr_fac1aa20,2018_2019,2018-07-01,6872000.0,15.742965888164262,,,UNKNOWN,0,0,0,,,7,1,,,,,,,,,,,,0.0
2e104d1f-de9,plr_44468301,2018_2019,2018-07-01,6013000.0,15.609434516328028,,,UNKNOWN,0,0,0,,,7,1,,,,,,,,,,,,0.0
389bc865-ef8,plr_9a987637,2018_2019,2018-07-01,5154000.0,15.455283864218488,,,UNKNOWN,0,0,0,,,7,1,,,,,,,,,,,,0.0
3418aa80-e7a,plr_532641b2,2018_2019,2018-07-01,3865500.0,15.167601856441378,,,UNKNOWN,0,0,0,,,7,1,,,,,,,,,,,,0.0
d36f7e8c-e51,plr_8e85c7c2,2018_2019,2018-07-01,3049450.0,14.93047213238165,,,UNKNOWN,0,0,0,,,7,1,,,,,,,,,,,,0.0
d4404a9f-9e1,plr_0c703dfb,2018_2019,2018-07-01,2748800.0,14.826675374567118,,,UNKNOWN,0,0,0,,,7,1,,,,,,,,,,,,0.0
49753934-46c,plr_96298588,2018_2019,2018-07-01,2577000.0,14.762136877682545,,,UNKNOWN,0,0,0,,,7,1,,,,,,,,,,,,0.0
81ec8f34-2e3,plr_7bd3aa74,2018_2019,2018-07-01,2491100.0,14.728235339387828,,,UNKNOWN,0,0,0,,,7,1,,,,,,,,,,,,0.0
64063f07-c08,plr_e009af45,2018_2019,2018-07-01,1889800.0,14.451982090487046,,,UNKNOWN,0,0,0,,,7,1,,,,,,,,,,,,0.0
44b44c03-16c,plr_0fb22b71,2018_2019,2018-07-01,738740.0,13.512702664887119,,,UNKNOWN,0,0,0,,,7,1,,,,,,,,,,,,0.0
e424c6dd-a45,plr_70850120,2018_2019,2018-07-01,94490.0,11.456259870851161,,,UNKNOWN,0,0,0,,,7,1,,,,,,,,,,,,0.0
c2048fbd-2ba,plr_297fcbf4,2018_2019,2018-07-01,3350100.0,15.0245010526005,,,UNKNOWN,0,0,0,,,7,1,,,,,,,,,,,,0.0
447a6003-3f2,plr_d402040f,2018_2019,2018-07-01,2920600.0,14.887299974983847,,,UNKNOWN,0,0,0,,,7,1,,,,,,,,,,,,0.0
d39e6cca-4d3,plr_ec10e15f,2018_2019,2018-07-01,1030800.0,13.845846727880172,,,UNKNOWN,0,0,0,,,7,1,,,,,,,,,,,,0.0
203d1b11-b6b,plr_bae8356d,2018_2019,2018-07-01,859000.0,13.663525365110068,,,UNKNOWN,0,0,0,,,7,1,,,,,,,,,,,,0.0
3afa8195-575,plr_21ee61ef,2018_2019,2018-07-01,17180000.0,16.6592565327276,,,UNKNOWN,0,0,0,,,7,1,,,,,,,,,,,,0.0
07e12b19-9e2,plr_51391b30,2018_2019,2018-07-01,8590000.0,15.966109410374866,,,UNKNOWN,0,0,0,,,7,1,,,,,,,,,,,,0.0
c13e3244-d82,plr_589e4b01,2018_2019,2018-07-01,5583500.0,15.5353265569671,,,UNKNOWN,0,0,0,,,7,1,,,,,,,,,,,,0.0
18bec550-f6b,plr_cb9f6842,2018_2019,2018-07-01,4295000.0,15.272962346229336,,,UNKNOWN,0,0,0,,,7,1,,,,,,,,,,,,0.0
1bdfc572-9d3,plr_51a2507f,2018_2019,2018-07-01,2147500.0,14.57981539849818,,,UNKNOWN,0,0,0,,,7,1,,,,,,,,,,,,0.0
c11857a1-c94,plr_356080e0,2018_2019,2018-07-01,2147500.0,14.57981539849818,,,UNKNOWN,0,0,0,,,7,1,,,,,,,,,,,,0.0
90e6906b-483,plr_49df5af6,2018_2019,2018-07-01,1460300.0,14.194153136819125,,,UNKNOWN,0,0,0,,,7,1,,,,,,,,,,,,0.0
200f529a-0d0,plr_93c18389,2018_2019,2018-07-01,9620800.0,16.079438083208895,,,UNKNOWN,0,0,0,,,7,1,,,,,,,,,,,,0.0
1f0f2a36-829,plr_3df9f4fd,2018_2019,2018-07-01,283470.0,12.554865104148723,,,UNKNOWN,0,0,0,,,7,1,,,,,,,,,,,,0.0
752f5a3a-7f2,plr_219ef86c,2018_2019,2018-07-01,21475000.0,16.882400072400365,,,UNKNOWN,0,0,0,,,7,1,,,,,,,,,,,,0.0
e2798055-cf7,plr_5d586ba2,2018_2019,2018-07-01,15462000.0,16.55389602353724,,,UNKNOWN,0,0,0,,,7,1,,,,,,,,,,,,0.0
6768acf6-09c,plr_3a776316,2018_2019,2018-07-01,6829050.0,15.736696276065874,,,UNKNOWN,0,0,0,,,7,1,,,,,,,,,,,,0.0
24e4c4fb-3c5,plr_7d183e89,2018_2019,2018-07-01,11768300.0,16.280920118774507,,,UNKNOWN,0,0,0,,,7,1,,,,,,,,,,,,0.0
eff10b20-d8c,plr_1eade641,2018_2019,2018-07-01,10222100.0,16.140062698911127,,,UNKNOWN,0,0,0,,,7,1,,,,,,,,,,,,0.0
d5099bb6-ed7,plr_fbb432c5,2018_2019,2018-07-01,18039000.0,16.708046694125258,,,UNKNOWN,0,0,0,,,7,1,,,,,,,,,,,,0.0
6f5901e4-ae7,plr_a3aa127d,2018_2019,2018-07-01,17180000.0,16.6592565327276,,,UNKNOWN,0,0,0,,,7,1,,,,,,,,,,,,0.0
390223a4-88e,plr_52f212ca,2018_2019,2018-07-01,15462000.0,16.55389602353724,,,UNKNOWN,0,0,0,,,7,1,,,,,,,,,,,,0.0
a6a1eb61-4a8,plr_402c4293,2018_2019,2018-07-01,12026000.0,16.302581613734816,,,UNKNOWN,0,0,0,,,7,1,,,,,,,,,,,,0.0
27fc4ec8-af6,plr_ccd9271d,2018_2019,2018-07-01,10308000.0,16.148430947766418,,,UNKNOWN,0,0,0,,,7,1,,,,,,,,,,,,0.0
c13d9eb9-848,plr_381c6142,2018_2019,2018-07-01,4810400.0,15.386291006590394,,,UNKNOWN,0,0,0,,,7,1,,,,,,,,,,,,0.0
cf024e2c-061,plr_ea7ecd13,2018_2019,2018-07-01,4080250.0,15.221669064095934,,,UNKNOWN,0,0,0,,,7,1,,,,,,,,,,,,0.0
d6348ad8-9d8,plr_6bcbb576,2018_2019,2018-07-01,3436000.0,15.049818853122328,,,UNKNOWN,0,0,0,,,7,1,,,,,,,,,,,,0.0
863e9f0e-fd8,plr_12791f67,2018_2019,2018-07-01,1932750.0,14.474454934580079,,,UNKNOWN,0,0,0,,,7,1,,,,,,,,,,,,0.0
8fcfb14e-9e7,plr_3c55134e,2018_2019,2018-07-01,2920600.0,14.887299974983847,,,UNKNOWN,0,0,0,,,7,1,,,,,,,,,,,,0.0
46e9df8d-f84,plr_b15a3186,2018_2019,2018-07-01,1460300.0,14.194153136819125,,,UNKNOWN,0,0,0,,,7,1,,,,,,,,,,,,0.0
fb323077-5d0,plr_e4cf7745,2018_2019,2018-07-01,14603000.0,16.496737613501686,,,UNKNOWN,0,0,0,,,7,1,,,,,,,,,,,,0.0
1a298a91-2d7,plr_6ec72bd1,2018_2019,2018-07-01,9792600.0,16.097137658484762,,,UNKNOWN,0,0,0,,,7,1,,,,,,,,,,,,0.0
480b59ac-62f,plr_7ef751fc,2018_2019,2018-07-01,9749650.0,16.092742047461584,,,UNKNOWN,0,0,0,,,7,1,,,,,,,,,,,,0.0
5dd0736a-f33,plr_4fbd51a7,2018_2019,2018-07-01,3436000.0,15.049818853122328,,,UNKNOWN,0,0,0,,,7,1,,,,,,,,,,,,0.0
17a43adc-dab,plr_f5c50b75,2018_2019,2018-07-01,3436000.0,15.049818853122328,,,UNKNOWN,0,0,0,,,7,1,,,,,,,,,,,,0.0
e59c9cbe-e92,plr_f37fe529,2018_2019,2018-07-01,2963550.0,14.90189876944275,,,UNKNOWN,0,0,0,,,7,1,,,,,,,,,,,,0.0
83946009-ca5,plr_0b2d53f9,2018_2019,2018-07-01,25770000.0,17.06472162143336,,,UNKNOWN,0,0,0,,,7,1,,,,,,,,,,,,0.0
37cdfe8d-6e1,plr_03815c0c,2018_2019,2018-07-01,21346150.0,16.876382000355886,,,UNKNOWN,0,0,0,,,7,1,,,,,,,,,,,,0.0
12d98aac-337,plr_9911a387,2018_2019,2018-07-01,14474150.0,16.487874926853447,,,UNKNOWN,0,0,0,,,7,1,,,,,,,,,,,,0.0
5863bef9-1c6,plr_c609ab88,2018_2019,2018-07-01,5755300.0,15.565631901116186,,,UNKNOWN,0,0,0,,,7,1,,,,,,,,,,,,0.0
f2389805-140,plr_e359d2cb,2018_2019,2018-07-01,5154000.0,15.455283864218488,,,UNKNOWN,0,0,0,,,7,1,,,,,,,,,,,,0.0
136a9208-afa,plr_ff89e002,2018_2019,2018-07-01,3436000.0,15.049818853122328,,,UNKNOWN,0,0,0,,,7,1,,,,,,,,,,,,0.0
3273aaa7-6eb,plr_280548db,2018_2019,2018-07-01,1718000.0,14.356671963598345,,,UNKNOWN,0,0,0,,,7,1,,,,,,,,,,,,0.0
b2a97bea-95e,plr_1e8508af,2019_2020,2019-07-01,60130000.0,17.912019459646384,,,UNKNOWN,0,0,0,,,7,1,,,,,,,,,,,,0.0
f939f9d7-bdb,plr_50ba33e6,2019_2020,2019-07-01,55835000.0,17.837911488771944,,,UNKNOWN,0,0,0,,,7,1,,,,,,,,,,,,0.0
31da409f-081,plr_03e9bed5,2019_2020,2019-07-01,10308000.0,16.148430947766418,,,UNKNOWN,0,0,0,,,7,1,,,,,,,,,,,,0.0
351561ce-cfd,plr_50624195,2019_2020,2019-07-01,10308000.0,16.148430947766418,,,UNKNOWN,0,0,0,,,7,1,,,,,,,,,,,,0.0
b8ab7475-5a9,plr_5a549c34,2019_2020,2019-07-01,5858380.0,15.583383843517401,,,UNKNOWN,0,0,0,,,7,1,,,,,,,,,,,,0.0
c804e0d3-10b,plr_3687db84,2019_2020,2019-07-01,2577000.0,14.762136877682545,,,UNKNOWN,0,0,0,,,7,1,,,,,,,,,,,,0.0
1fcb26c0-f94,plr_d19559f2,2019_2020,2019-07-01,859000.0,13.663525365110068,,,UNKNOWN,0,0,0,,,7,1,,,,,,,,,,,,0.0
8ba96375-9cb,plr_86bfa973,2019_2020,2019-07-01,31783000.0,17.274442145073976,,,UNKNOWN,0,0,0,,,7,1,,,,,,,,,,,,0.0
1ecc38d5-f3b,plr_d2e9662b,2019_2020,2019-07-01,8160500.0,15.914816122114392,,,UNKNOWN,0,0,0,,,7,1,,,,,,,,,,,,0.0
a9501d9a-614,plr_15e42035,2019_2020,2019-07-01,7301500.0,15.803590501420812,,,UNKNOWN,0,0,0,,,7,1,,,,,,,,,,,,0.0
49c730c0-03c,plr_904e9ca0,2019_2020,2019-07-01,1632100.0,14.305378699846154,,,UNKNOWN,0,0,0,,,7,1,,,,,,,,,,,,0.0
1010cc76-1b1,plr_b424b132,2019_2020,2019-07-01,6184800.0,15.637605388675105,,,UNKNOWN,1,0,0,,,7,1,,,,,,,,,,,,0.0
9c119e3a-dd6,plr_da24d8fc,2019_2020,2019-07-01,6013000.0,15.609434516328028,,,UNKNOWN,0,0,0,,,7,1,,,,,,,,,,,,0.0
55f0baf7-89b,plr_99a11ace,2019_2020,2019-07-01,38655000.0,17.470186716606587,,,UNKNOWN,1,0,0,,,7,1,,,,,,,,,,,,0.0
a807ef7b-4f5,plr_0f5e38e9,2019_2020,2019-07-01,103767200.0,18.457660496104065,,,UNKNOWN,0,2918,16,,,7,1,2918.0,16.0,15.0,879.0,0.4934886908841672,0.46264564770390676,27.111034955448936,0.0,,,,0.0
26594a94-d0c,plr_1abfbb50,2019_2020,2019-07-01,7731000.0,15.860748907651976,,,UNKNOWN,1,0,0,,,7,1,,,,,,,,,,,,0.0
afd87f6d-9e1,plr_4215bfc0,2019_2020,2019-07-01,7473300.0,15.826847360436618,,,UNKNOWN,0,0,0,,,7,1,,,,,,,,,,,,0.0
426145e2-bb1,plr_8050d42e,2019_2020,2019-07-01,53258000.0,17.790658604788007,,,UNKNOWN,0,0,0,,,7,1,,,,,,,,,,,,0.0
ed2ee30e-e7c,plr_2ccc3a8c,2019_2020,2019-07-01,25770000.0,17.06472162143336,,,UNKNOWN,0,0,0,,,7,1,,,,,,,,,,,,0.0
caf4dfe8-733,plr_1b8f4c67,2019_2020,2019-07-01,23193000.0,16.95936111008718,,,UNKNOWN,0,0,0,,,7,1,,,,,,,,,,,,0.0
a50ce30d-4e7,plr_1b991171,2019_2020,2019-07-01,9449000.0,16.061419579596063,,,UNKNOWN,0,0,0,,,7,1,,,,,,,,,,,,0.0
eed06e21-cb3,plr_f529b524,2019_2020,2019-07-01,23193000.0,16.95936111008718,,,UNKNOWN,0,0,0,,,7,1,,,,,,,,,,,,0.0
f0906321-c71,plr_f85d25e1,2019_2020,2019-07-01,18898000.0,16.75456670724036,,,UNKNOWN,0,0,0,,,7,1,,,,,,,,,,,,0.0
1300914f-d8b,plr_97eeadf5,2019_2020,2019-07-01,7731000.0,15.860748907651976,,,UNKNOWN,1,0,0,,,7,1,,,,,,,,,,,,0.0
d7148479-c63,plr_10471fa2,2019_2020,2019-07-01,68720000.0,18.04555085019208,,,UNKNOWN,0,0,0,,,7,1,,,,,,,,,,,,0.0
38acf972-fb2,plr_f331e355,2019_2020,2019-07-01,25770000.0,17.06472162143336,,,UNKNOWN,0,0,0,,,7,1,,,,,,,,,,,,0.0
92331da1-7db,plr_732bbb2c,2019_2020,2019-07-01,23193000.0,16.95936111008718,,,UNKNOWN,0,0,0,,,7,1,,,,,,,,,,,,0.0
867289f7-3e8,plr_61f9b3a9,2019_2020,2019-07-01,6098900.0,15.623619148977642,,,UNKNOWN,0,0,0,,,7,1,,,,,,,,,,,,0.0
fb14508e-0ce,plr_0f6c67f6,2019_2020,2019-07-01,26113600.0,17.07796684767279,,,UNKNOWN,0,0,0,,,7,1,,,,,,,,,,,,0.0
01f2a17c-b0c,plr_b73897cd,2019_2020,2019-07-01,7043800.0,15.767658497205414,,,UNKNOWN,1,0,0,,,7,1,,,,,,,,,,,,0.0
7c9cf38d-605,plr_3fab3b87,2019_2020,2019-07-01,4295000.0,15.272962346229336,,,UNKNOWN,0,0,0,,,7,1,,,,,,,,,,,,0.0
2d3c04b8-afc,plr_ad0d0bc8,2019_2020,2019-07-01,1889800.0,14.451982090487046,,,UNKNOWN,0,0,0,,,7,1,,,,,,,,,,,,0.0
81cb5b70-ece,plr_4c40da69,2019_2020,2019-07-01,214750.0,12.277234496413076,,,UNKNOWN,0,0,0,,,7,1,,,,,,,,,,,,0.0
18b7a241-ea2,plr_baacfe09,2019_2020,2019-07-01,74733000.0,18.129432333001947,,,UNKNOWN,0,0,0,,,7,1,,,,,,,,,,,,0.0
3c98ac7b-dc3,plr_113754d9,2019_2020,2019-07-01,55835000.0,17.837911488771944,,,UNKNOWN,0,0,0,,,7,1,,,,,,,,,,,,0.0
5197a76f-273,plr_b9cc9a07,2019_2020,2019-07-01,47245000.0,17.670857407365123,,,UNKNOWN,0,0,0,,,7,1,,,,,,,,,,,,0.0
ea219d6a-303,plr_06a46691,2019_2020,2019-07-01,15290200.0,16.542722723665797,,,UNKNOWN,0,0,0,,,7,1,,,,,,,,,,,,0.0
473335cf-497,plr_818e59dd,2019_2020,2019-07-01,63566000.0,17.96758930990224,,,UNKNOWN,0,0,0,,,7,1,,,,,,,,,,,,0.0
7f20889c-c8c,plr_71457ce8,2019_2020,2019-07-01,2130320.0,14.57178323055622,,,UNKNOWN,0,0,0,,,7,1,,,,,,,,,,,,0.0
eb8f7eee-499,plr_68c4c447,2019_2020,2019-07-01,1460300.0,14.194153136819125,,,UNKNOWN,0,0,0,,,7,1,,,,,,,,,,,,0.0
1b8667a1-390,plr_b552a30b,2019_2020,2019-07-01,32642000.0,17.301110391328155,,,UNKNOWN,1,0,0,,,7,1,,,,,,,,,,,,0.0
e16b0d1e-62f,plr_a9a6a1f7,2019_2020,2019-07-01,16836400.0,16.639053826597983,,,UNKNOWN,0,0,0,,,7,1,,,,,,,,,,,,0.0
9d1f4b74-280,plr_7068a1e1,2019_2020,2019-07-01,15462000.0,16.55389602353724,,,UNKNOWN,0,0,0,,,7,1,,,,,,,,,,,,0.0
df6086e7-759,plr_13b03aa0,2019_2020,2019-07-01,15376100.0,16.5483249788491,,,UNKNOWN,0,0,0,,,7,1,,,,,,,,,,,,0.0
f4c66e89-09e,plr_2411b26a,2019_2020,2019-07-01,11854200.0,16.288192877487834,,,UNKNOWN,1,0,0,,,7,1,,,,,,,,,,,,0.0
f6cabc79-4f4,plr_e818e68a,2019_2020,2019-07-01,7645100.0,15.849575608507214,,,UNKNOWN,0,0,0,,,7,1,,,,,,,,,,,,0.0
7efbe084-c42,plr_d9bddd7f,2019_2020,2019-07-01,429500.0,12.970379348692445,,,UNKNOWN,0,0,0,,,7,1,,,,,,,,,,,,0.0
1582a4af-f2a,plr_9dd1ee31,2019_2020,2019-07-01,23622500.0,16.97771024797144,,,UNKNOWN,0,0,0,,,7,1,,,,,,,,,,,,0.0
34395553-83b,plr_e475a388,2019_2020,2019-07-01,21475000.0,16.882400072400365,,,UNKNOWN,0,0,0,,,7,1,,,,,,,,,,,,0.0
f1fcab06-109,plr_da0877f6,2019_2020,2019-07-01,21475000.0,16.882400072400365,,,UNKNOWN,1,0,0,,,7,1,,,,,,,,,,,,0.0
eb94e601-c96,plr_b65a8734,2019_2020,2019-07-01,944900.0,13.758835439083207,,,UNKNOWN,0,0,0,,,7,1,,,,,,,,,,,,0.0
734b41cd-c81,plr_0d71f785,2019_2020,2019-07-01,25770000.0,17.06472162143336,,,UNKNOWN,0,0,0,,,7,1,,,,,,,,,,,,0.0
baf07348-01f,plr_4e1069b9,2019_2020,2019-07-01,15462000.0,16.55389602353724,,,UNKNOWN,1,0,0,,,7,1,,,,,,,,,,,,0.0
27e88cf2-2d1,plr_0061283a,2019_2020,2019-07-01,2834700.0,14.857447022209781,,,UNKNOWN,0,0,0,,,7,1,,,,,,,,,,,,0.0
f091759c-606,plr_97d99afb,2019_2020,2019-07-01,38655000.0,17.470186716606587,,,UNKNOWN,1,0,0,,,7,1,,,,,,,,,,,,0.0
1458f5b4-b7c,plr_3a68ab01,2019_2020,2019-07-01,28690600.0,17.172080135803668,,,UNKNOWN,0,0,0,,,7,1,,,,,,,,,,,,0.0
efc9fdd2-30b,plr_ea1bf1b1,2019_2020,2019-07-01,16492800.0,16.618434540632645,,,UNKNOWN,0,0,0,,,7,1,,,,,,,,,,,,0.0
4d348960-efc,plr_3227c75b,2019_2020,2019-07-01,5755300.0,15.565631901116186,,,UNKNOWN,0,0,0,,,7,1,,,,,,,,,,,,0.0
5c71c4b2-330,plr_8c9c1c01,2019_2020,2019-07-01,1288500.0,14.068990085170492,,,UNKNOWN,1,0,0,,,7,1,,,,,,,,,,,,0.0
f381eeae-ec0,plr_78297c9c,2019_2020,2019-07-01,42950000.0,17.575547229677426,,,UNKNOWN,0,0,0,,,7,1,,,,,,,,,,,,0.0
15bd505e-78c,plr_3ed2bd72,2019_2020,2019-07-01,24052000.0,16.99572875271818,,,UNKNOWN,0,0,0,,,7,1,,,,,,,,,,,,0.0
5879c56a-563,plr_66a98d63,2019_2020,2019-07-01,18296700.0,16.722231328336434,,,UNKNOWN,0,0,0,,,7,1,,,,,,,,,,,,0.0
7fa29a8d-19f,plr_65eeafd8,2019_2020,2019-07-01,9706700.0,16.088327029706306,,,UNKNOWN,0,0,0,,,7,1,,,,,,,,,,,,0.0
92e163b2-e52,plr_64a65720,2019_2020,2019-07-01,4037300.0,15.211086957372663,,,UNKNOWN,0,0,0,,,7,1,,,,,,,,,,,,0.0
50f0f9c8-cc9,plr_b8f9c714,2019_2020,2019-07-01,21475000.0,16.882400072400365,,,UNKNOWN,0,0,0,,,7,1,,,,,,,,,,,,0.0
15875367-41d,plr_91474018,2019_2020,2019-07-01,6657250.0,15.711217194543812,,,UNKNOWN,0,0,0,,,7,1,,,,,,,,,,,,0.0
c8edf059-7bc,plr_e24aec7a,2019_2020,2019-07-01,6657250.0,15.711217194543812,,,UNKNOWN,0,0,0,,,7,1,,,,,,,,,,,,0.0
8baca1a1-070,plr_e0738d31,2019_2020,2019-07-01,2233400.0,14.619036093741556,,,UNKNOWN,1,0,0,,,7,1,,,,,,,,,,,,0.0
2607ef41-949,plr_32384ed3,2019_2020,2019-07-01,1975700.0,14.496433830051087,,,UNKNOWN,1,465,3,,,7,1,465.0,3.0,0.0,127.0,0.5806451612903225,0.0,24.58064516129032,0.0,,,,0.0
880db327-dd7,plr_0d312432,2019_2020,2019-07-01,712970.0,13.477196025357474,,,UNKNOWN,1,0,0,,,7,1,,,,,,,,,,,,0.0
c004ea4c-957,plr_8fb559cc,2019_2020,2019-07-01,25770000.0,17.06472162143336,,,UNKNOWN,0,0,0,,,7,1,,,,,,,,,,,,0.0
98b8a4ec-912,plr_90719632,2019_2020,2019-07-01,9878500.0,16.105871337565535,,,UNKNOWN,0,0,0,,,7,1,,,,,,,,,,,,0.0
74572034-613,plr_87f245ba,2019_2020,2019-07-01,7301500.0,15.803590501420812,,,UNKNOWN,0,0,0,,,7,1,,,,,,,,,,,,0.0
92e4818d-c09,plr_ea5eb2ac,2019_2020,2019-07-01,5154000.0,15.455283864218488,,,UNKNOWN,0,0,0,,,7,1,,,,,,,,,,,,0.0
e9d647e6-b60,plr_04400911,2019_2020,2019-07-01,2405200.0,14.693144033913304,,,UNKNOWN,1,0,0,,,7,1,,,,,,,,,,,,0.0
09f6e727-a35,plr_e57c7dfe,2019_2020,2019-07-01,37366500.0,17.43628516582297,,,UNKNOWN,0,0,0,,,7,1,,,,,,,,,,,,0.0
09c088b5-219,plr_40f7b308,2019_2020,2019-07-01,15462000.0,16.55389602353724,,,UNKNOWN,0,0,0,,,7,1,,,,,,,,,,,,0.0
22b8daea-5b5,plr_0fdf4228,2019_2020,2019-07-01,4638600.0,15.349923370118885,,,UNKNOWN,0,0,0,,,7,1,,,,,,,,,,,,0.0
ed4c3bea-c3a,plr_36183ec6,2019_2020,2019-07-01,1924160.0,14.470000586540507,,,UNKNOWN,0,0,0,,,7,1,,,,,,,,,,,,0.0
e5133f2c-f3e,plr_b966fd7c,2019_2020,2019-07-01,14173500.0,16.46688465242713,,,UNKNOWN,0,0,0,,,7,1,,,,,,,,,,,,0.0
d7025fac-809,plr_aaa63c5d,2019_2020,2019-07-01,14139140.0,16.464457466940974,,,UNKNOWN,0,0,0,,,7,1,,,,,,,,,,,,0.0
b8a6decd-bf3,plr_560e09e5,2019_2020,2019-07-01,12713200.0,16.35815146039486,,,UNKNOWN,0,0,0,,,7,1,,,,,,,,,,,,0.0
08d89da6-e38,plr_b14c054d,2019_2020,2019-07-01,3822550.0,15.15642855874998,,,UNKNOWN,0,0,0,,,7,1,,,,,,,,,,,,0.0
e0dd3423-043,plr_ff5ef784,2019_2020,2019-07-01,19155700.0,16.768110931636247,,,UNKNOWN,1,0,0,,,7,1,,,,,,,,,,,,0.0
8f3a5e85-a42,plr_35ad7087,2019_2020,2019-07-01,9534900.0,16.070469414162545,,,UNKNOWN,0,0,0,,,7,1,,,,,,,,,,,,0.0
4212f895-087,plr_21e3459d,2019_2020,2019-07-01,944900.0,13.758835439083207,,,UNKNOWN,1,0,0,,,7,1,,,,,,,,,,,,0.0
58e41d80-b3f,plr_29ca1515,2019_2020,2019-07-01,8590000.0,15.966109410374866,,,UNKNOWN,0,0,0,,,7,1,,,,,,,,,,,,0.0
58a94a4c-6ea,plr_8d02bdef,2019_2020,2019-07-01,8590000.0,15.966109410374866,,,UNKNOWN,0,0,0,,,7,1,,,,,,,,,,,,0.0
2bd59230-dd8,plr_4cbcaf14,2019_2020,2019-07-01,2362250.0,14.675125535970002,,,UNKNOWN,0,0,0,,,7,1,,,,,,,,,,,,0.0
2350a274-379,plr_b0f9d10d,2019_2020,2019-07-01,944900.0,13.758835439083207,,,UNKNOWN,0,0,0,,,7,1,,,,,,,,,,,,0.0
cd172a04-652,plr_f4a0a6d3,2019_2020,2019-07-01,7559200.0,15.838276054739676,,,UNKNOWN,0,0,0,,,7,1,,,,,,,,,,,,0.0
fb709f19-eed,plr_2ba3b31d,2019_2020,2019-07-01,14345300.0,16.478932990098343,,,UNKNOWN,0,0,0,,,7,1,,,,,,,,,,,,0.0
eacc5a24-8c4,plr_6c7e1835,2019_2020,2019-07-01,13486300.0,16.417184987469973,,,UNKNOWN,0,0,0,,,7,1,,,,,,,,,,,,0.0
1870bfa2-1b1,plr_198d4b01,2019_2020,2019-07-01,13314500.0,16.404364299997678,,,UNKNOWN,0,0,0,,,7,1,,,,,,,,,,,,0.0
62d509d9-bfe,plr_4c0b1e3e,2019_2020,2019-07-01,5583500.0,15.5353265569671,,,UNKNOWN,0,0,0,,,7,1,,,,,,,,,,,,0.0
130c1cc9-afe,plr_ef8221c4,2019_2020,2019-07-01,3693700.0,15.122139494397118,,,UNKNOWN,0,0,0,,,7,1,,,,,,,,,,,,0.0
eb3d0ab9-f71,plr_cb95cf6d,2019_2020,2019-07-01,19086980.0,16.76451703756961,,,UNKNOWN,0,0,0,,,7,1,,,,,,,,,,,,0.0
8f33eb6b-bbc,plr_a2085edd,2019_2020,2019-07-01,13366040.0,16.40822779453311,,,UNKNOWN,0,0,0,,,7,1,,,,,,,,,,,,0.0
8f65a45e-327,plr_9c7fd488,2019_2020,2019-07-01,13366040.0,16.40822779453311,,,UNKNOWN,0,0,0,,,7,1,,,,,,,,,,,,0.0
3d147a3a-c61,plr_e5040e88,2019_2020,2019-07-01,3350100.0,15.0245010526005,,,UNKNOWN,0,0,0,,,7,1,,,,,,,,,,,,0.0
7023ecc1-f8d,plr_2fd4092e,2019_2020,2019-07-01,2834700.0,14.857447022209781,,,UNKNOWN,0,0,0,,,7,1,,,,,,,,,,,,0.0
a62dad4b-063,plr_e59f0550,2019_2020,2019-07-01,1030800.0,13.845846727880172,,,UNKNOWN,0,0,0,,,7,1,,,,,,,,,,,,0.0
df517b14-fec,plr_973e4a3b,2019_2020,2019-07-01,429500.0,12.970379348692445,,,UNKNOWN,0,0,0,,,7,1,,,,,,,,,,,,0.0
87f9f73b-110,plr_6b2426c9,2019_2020,2019-07-01,3564850.0,15.086632815725672,,,UNKNOWN,0,0,0,,,7,1,,,,,,,,,,,,0.0
a5c01a0e-c25,plr_17754e2c,2019_2020,2019-07-01,429500.0,12.970379348692445,,,UNKNOWN,0,0,0,,,7,1,,,,,,,,,,,,0.0
087b7540-c4f,plr_4e211b25,2019_2020,2019-07-01,287765.0,12.569902928861056,,,UNKNOWN,0,0,0,,,7,1,,,,,,,,,,,,0.0
e07c5901-7e3,plr_b2822030,2019_2020,2019-07-01,859000.0,13.663525365110068,,,UNKNOWN,0,0,0,,,7,1,,,,,,,,,,,,0.0
6cac4d66-885,plr_61a6d1fc,2019_2020,2019-07-01,171800.0,12.054092109237121,,,UNKNOWN,0,0,0,,,7,1,,,,,,,,,,,,0.0
5e2d80ad-c57,plr_f0b96748,2019_2020,2019-07-01,21475000.0,16.882400072400365,,,UNKNOWN,0,0,0,,,7,1,,,,,,,,,,,,0.0
1c6c45d9-698,plr_737d9406,2019_2020,2019-07-01,16406900.0,16.613212596968943,,,UNKNOWN,0,0,0,,,7,1,,,,,,,,,,,,0.0
d00a10da-4d8,plr_e8b1efa4,2019_2020,2019-07-01,6700200.0,15.717648083911204,,,UNKNOWN,0,0,0,,,7,1,,,,,,,,,,,,0.0
7b2f516d-e14,plr_6705854b,2019_2020,2019-07-01,4810400.0,15.386291006590394,,,UNKNOWN,0,0,0,,,7,1,,,,,,,,,,,,0.0
3b742baf-cde,plr_03f4b6a5,2019_2020,2019-07-01,3350100.0,15.0245010526005,,,UNKNOWN,0,0,0,,,7,1,,,,,,,,,,,,0.0
ade23302-2fe,plr_82abb29f,2019_2020,2019-07-01,171800.0,12.054092109237121,,,UNKNOWN,0,0,0,,,7,1,,,,,,,,,,,,0.0
f79bd3cf-c21,plr_a8d6f02a,2019_2020,2019-07-01,128850.0,11.766411977012755,,,UNKNOWN,0,0,0,,,7,1,,,,,,,,,,,,0.0
645a9c8d-893,plr_96d13ae1,2019_2020,2019-07-01,21475000.0,16.882400072400365,,,UNKNOWN,0,0,0,,,7,1,,,,,,,,,,,,0.0
1c4011f0-425,plr_bb14527c,2019_2020,2019-07-01,11424700.0,16.25128832372375,,,UNKNOWN,0,0,0,,,7,1,,,,,,,,,,,,0.0
b2df0bba-944,plr_73c60311,2019_2020,2019-07-01,10308000.0,16.148430947766418,,,UNKNOWN,0,0,0,,,7,1,,,,,,,,,,,,0.0
eba6cf9e-fdc,plr_7a6c7e15,2019_2020,2019-07-01,9019500.0,16.014899569000754,,,UNKNOWN,0,0,0,,,7,1,,,,,,,,,,,,0.0
51703c20-092,plr_99ec0645,2019_2020,2019-07-01,8590000.0,15.966109410374866,,,UNKNOWN,0,0,0,,,7,1,,,,,,,,,,,,0.0
99b6e62e-92f,plr_a82de73a,2019_2020,2019-07-01,7731000.0,15.860748907651976,,,UNKNOWN,0,0,0,,,7,1,,,,,,,,,,,,0.0
f6ef528d-29f,plr_2c61a1c6,2019_2020,2019-07-01,6872000.0,15.742965888164262,,,UNKNOWN,0,0,0,,,7,1,,,,,,,,,,,,0.0
0ceca448-5d4,plr_9036e6a0,2019_2020,2019-07-01,3865500.0,15.167601856441378,,,UNKNOWN,0,0,0,,,7,1,,,,,,,,,,,,0.0
3cee5880-f0c,plr_d2b2fc34,2019_2020,2019-07-01,2577000.0,14.762136877682545,,,UNKNOWN,0,0,0,,,7,1,,,,,,,,,,,,0.0
9fdd3958-3b3,plr_edc82139,2020_2021,2020-07-01,42950000.0,17.575547229677426,,,UNKNOWN,0,0,0,,,7,1,,,,,,,,,,,,0.0
aa822567-229,plr_19d1527e,2020_2021,2020-07-01,22334000.0,16.921620783762656,,,UNKNOWN,0,0,0,,,7,1,,,,,,,,,,,,0.0
c01f1ca5-17c,plr_e7a66a7c,2020_2021,2020-07-01,5154000.0,15.455283864218488,,,UNKNOWN,3,0,0,,,7,1,,,,,,,,,,,,0.0
3d9ae8b9-a41,plr_eaa0237c,2020_2021,2020-07-01,1718000.0,14.356671963598345,,,UNKNOWN,0,0,0,,,7,1,,,,,,,,,,,,0.0
07030eb3-afb,plr_fbc173a0,2020_2021,2020-07-01,14946600.0,16.51999447409172,,,UNKNOWN,1,0,0,,,7,1,,,,,,,,,,,,0.0
b72048c1-06f,plr_60fb47e5,2020_2021,2020-07-01,29206000.0,17.189884759822093,,,UNKNOWN,0,0,0,,,7,1,,,,,,,,,,,,0.0
31a3f256-35a,plr_c68d6c16,2020_2021,2020-07-01,15805600.0,16.575874928850045,,,UNKNOWN,0,0,0,,,7,1,,,,,,,,,,,,0.0
f00707d7-4a5,plr_fcc0754e,2020_2021,2020-07-01,13572200.0,16.423534214679332,,,UNKNOWN,0,0,0,,,7,1,,,,,,,,,,,,0.0
227a66df-4d0,plr_4eb5dfb5,2020_2021,2020-07-01,13529250.0,16.42036464015196,,,UNKNOWN,0,0,0,,,7,1,,,,,,,,,,,,0.0
c51634a5-64b,plr_c795f503,2020_2021,2020-07-01,24223800.0,17.002846220192176,,,UNKNOWN,0,0,0,,,7,1,,,,,,,,,,,,0.0
45b1a53e-11d,plr_1d0743db,2020_2021,2020-07-01,9449000.0,16.061419579596063,,,UNKNOWN,0,0,0,,,7,1,,,,,,,,,,,,0.0
5ea64d8d-9ea,plr_095db400,2020_2021,2020-07-01,5583500.0,15.5353265569671,,,UNKNOWN,0,0,0,,,7,1,,,,,,,,,,,,0.0
f6e483e3-197,plr_29b3267f,2020_2021,2020-07-01,3436000.0,15.049818853122328,,,UNKNOWN,0,0,0,,,7,1,,,,,,,,,,,,0.0
74665c28-89a,plr_a5598aab,2020_2021,2020-07-01,3350100.0,15.0245010526005,,,UNKNOWN,0,0,0,,,7,1,,,,,,,,,,,,0.0
758588eb-b00,plr_f9252fd6,2020_2021,2020-07-01,859000.0,13.663525365110068,,,UNKNOWN,0,0,0,,,7,1,,,,,,,,,,,,0.0
ea74ee02-db5,plr_2fd4092e,2020_2021,2020-07-01,3865500.0,15.167601856441378,,,UNKNOWN,1,0,0,,,7,1,,,,,,,,,,,,2834700.0
0633338d-9ef,plr_532641b2,2020_2021,2020-07-01,944900.0,13.758835439083207,,,UNKNOWN,1,0,0,,,7,1,,,,,,,,,,,,3865500.0
714507dd-140,plr_2b831ac0,2020_2021,2020-07-01,944900.0,13.758835439083207,,,UNKNOWN,0,0,0,,,7,1,,,,,,,,,,,,0.0
ad845ac7-cb7,plr_2252608f,2020_2021,2020-07-01,85900000.0,18.268694398595926,,,UNKNOWN,0,0,0,,,7,1,,,,,,,,,,,,0.0
ba142a67-f12,plr_be50c2b9,2020_2021,2020-07-01,45527000.0,17.633816136483503,,,UNKNOWN,0,0,0,,,7,1,,,,,,,,,,,,0.0
c8d5312e-3a4,plr_4e192697,2020_2021,2020-07-01,43121800.0,17.579539250854204,,,UNKNOWN,0,0,0,,,7,1,,,,,,,,,,,,0.0
5a339a69-148,plr_3c46f015,2020_2021,2020-07-01,34360000.0,17.352403684183937,,,UNKNOWN,0,0,0,,,7,1,,,,,,,,,,,,0.0
1d30df2d-272,plr_c361f5d5,2020_2021,2020-07-01,20616000.0,16.84157807982035,,,UNKNOWN,0,0,0,,,7,1,,,,,,,,,,,,0.0
b29a1074-4bb,plr_9caf8252,2020_2021,2020-07-01,15290200.0,16.542722723665797,,,UNKNOWN,0,0,0,,,7,1,,,,,,,,,,,,0.0
4f3e9154-115,plr_47e9f14f,2020_2021,2020-07-01,944900.0,13.758835439083207,,,UNKNOWN,0,0,0,,,7,1,,,,,,,,,,,,0.0
e960cdaf-9ea,plr_a1133c1d,2020_2021,2020-07-01,23622500.0,16.97771024797144,,,UNKNOWN,0,0,0,,,7,1,,,,,,,,,,,,0.0
90720f23-bf0,plr_c3c993f9,2020_2021,2020-07-01,21131400.0,16.86627069122765,,,UNKNOWN,2,0,0,,,7,1,,,,,,,,,,,,0.0
33633e36-d3d,plr_920f9a89,2020_2021,2020-07-01,18898000.0,16.75456670724036,,,UNKNOWN,0,0,0,,,7,1,,,,,,,,,,,,0.0
30926473-236,plr_a5932c18,2020_2021,2020-07-01,231930.0,12.35419519261909,,,UNKNOWN,0,0,0,,,7,1,,,,,,,,,,,,0.0
2e0be0b2-969,plr_06208938,2020_2021,2020-07-01,1915570.0,14.465526308476111,,,UNKNOWN,0,0,0,,,7,1,,,,,,,,,,,,0.0
bfc61328-b2f,plr_f65813bf,2020_2021,2020-07-01,5583500.0,15.5353265569671,,,UNKNOWN,2,0,0,,,7,1,,,,,,,,,,,,0.0
2854ceca-b19,plr_21ee61ef,2020_2021,2020-07-01,3779600.0,15.145129006468835,,,UNKNOWN,1,0,0,,,7,1,,,,,,,,,,,,17180000.0
b608067d-fea,plr_6b4300fe,2020_2021,2020-07-01,2748800.0,14.826675374567118,,,UNKNOWN,0,0,0,,,7,1,,,,,,,,,,,,0.0
6a74fe34-c18,plr_c90504cd,2020_2021,2020-07-01,1803900.0,14.40546210005007,,,UNKNOWN,0,0,0,,,7,1,,,,,,,,,,,,0.0
6afbb94a-023,plr_e709d35a,2020_2021,2020-07-01,1417350.0,14.164300194420665,,,UNKNOWN,0,0,0,,,7,1,,,,,,,,,,,,0.0
ff62ddf2-297,plr_1e8508af,2020_2021,2020-07-01,25770000.0,17.06472162143336,,,UNKNOWN,1,0,0,,,7,1,,,,,,,,,,,,60130000.0
fe98a487-94e,plr_bba0c28d,2020_2021,2020-07-01,18039000.0,16.708046694125258,,,UNKNOWN,0,0,0,,,7,1,,,,,,,,,,,,0.0
f8f5d03d-ca0,plr_daed29cf,2020_2021,2020-07-01,17180000.0,16.6592565327276,,,UNKNOWN,0,0,0,,,7,1,,,,,,,,,,,,0.0
b457a0f4-b85,plr_7d3ab2c5,2020_2021,2020-07-01,15977400.0,16.58668584427395,,,UNKNOWN,0,0,0,,,7,1,,,,,,,,,,,,0.0
4a7b4c7e-bd6,plr_17bce08f,2020_2021,2020-07-01,15204300.0,16.53708890631704,,,UNKNOWN,1,0,0,,,7,1,,,,,,,,,,,,0.0
a286a15e-b5c,plr_9e1258d8,2020_2021,2020-07-01,11167000.0,16.22847364797749,,,UNKNOWN,0,0,0,,,7,1,,,,,,,,,,,,0.0
5d98c8ab-0d3,plr_ab6ce4ea,2020_2021,2020-07-01,5583500.0,15.5353265569671,,,UNKNOWN,0,0,0,,,7,1,,,,,,,,,,,,0.0
1e884e5b-740,plr_3d6a882e,2020_2021,2020-07-01,859000.0,13.663525365110068,,,UNKNOWN,0,0,0,,,7,1,,,,,,,,,,,,0.0
207f17f7-b17,plr_4dc1fd65,2020_2021,2020-07-01,30065000.0,17.218872295717073,,,UNKNOWN,0,0,0,,,7,1,,,,,,,,,,,,0.0
5ab4defe-6f5,plr_062aad17,2020_2021,2020-07-01,17953100.0,16.70327341563784,,,UNKNOWN,0,0,0,,,7,1,,,,,,,,,,,,0.0
0f9f663d-e22,plr_fd24b1dc,2020_2021,2020-07-01,1718000.0,14.356671963598345,,,UNKNOWN,0,0,0,,,7,1,,,,,,,,,,,,0.0
12570a16-e84,plr_402c4293,2020_2021,2020-07-01,38397300.0,17.463497728629413,,,UNKNOWN,1,0,0,,,7,1,,,,,,,,,,,,12026000.0
04e500d6-f90,plr_c418d6fe,2020_2021,2020-07-01,18898000.0,16.75456670724036,,,UNKNOWN,0,0,0,,,7,1,,,,,,,,,,,,0.0
aca6e8e6-532,plr_684a2666,2020_2021,2020-07-01,11167000.0,16.22847364797749,,,UNKNOWN,0,0,0,,,7,1,,,,,,,,,,,,0.0
f0036537-61f,plr_8928fbe8,2020_2021,2020-07-01,1589150.0,14.278710469323647,,,UNKNOWN,0,0,0,,,7,1,,,,,,,,,,,,0.0
8196ac2c-b50,plr_61832da5,2020_2021,2020-07-01,644250.0,13.375843680705879,,,UNKNOWN,0,0,0,,,7,1,,,,,,,,,,,,0.0
12d434fd-497,plr_649a3758,2020_2021,2020-07-01,10308000.0,16.148430947766418,,,UNKNOWN,0,0,0,,,7,1,,,,,,,,,,,,0.0
014d741f-607,plr_98c69e47,2020_2021,2020-07-01,61504400.0,17.934619291191993,,,UNKNOWN,0,0,0,,,7,1,,,,,,,,,,,,0.0
9054caa0-e2b,plr_fc15fe28,2020_2021,2020-07-01,38912700.0,17.476831259153933,,,UNKNOWN,0,0,0,,,7,1,,,,,,,,,,,,0.0
a5629819-38c,plr_de402e8b,2020_2021,2020-07-01,28776500.0,17.17506967454799,,,UNKNOWN,0,0,0,,,7,1,,,,,,,,,,,,0.0
ddd80ea0-0b2,plr_7379ed21,2020_2021,2020-07-01,5583500.0,15.5353265569671,,,UNKNOWN,0,0,0,,,7,1,,,,,,,,,,,,0.0
61694790-3b5,plr_dc0b3a47,2020_2021,2020-07-01,5154000.0,15.455283864218488,,,UNKNOWN,0,0,0,,,7,1,,,,,,,,,,,,0.0
847f7599-54a,plr_89989652,2020_2021,2020-07-01,5154000.0,15.455283864218488,,,UNKNOWN,0,0,0,,,7,1,,,,,,,,,,,,0.0
7b515993-9fe,plr_4618484c,2020_2021,2020-07-01,3865500.0,15.167601856441378,,,UNKNOWN,0,0,0,,,7,1,,,,,,,,,,,,0.0
12f7e7aa-550,plr_dfb8d559,2020_2021,2020-07-01,42091000.0,17.555344522835068,,,UNKNOWN,0,0,0,,,7,1,,,,,,,,,,,,0.0
a84a3f7e-541,plr_1ef4e544,2020_2021,2020-07-01,12885000.0,16.371574479678223,,,UNKNOWN,0,0,0,,,7,1,,,,,,,,,,,,0.0
40b49b2b-68f,plr_8b8cf281,2020_2021,2020-07-01,33501000.0,17.327085876945894,,,UNKNOWN,0,0,0,,,7,1,,,,,,,,,,,,0.0
5ce92385-5c7,plr_74b94270,2020_2021,2020-07-01,23450700.0,16.970410945799955,,,UNKNOWN,0,0,0,,,7,1,,,,,,,,,,,,0.0
a6804e89-ef9,plr_67c6158c,2020_2021,2020-07-01,12885000.0,16.371574479678223,,,UNKNOWN,0,0,0,,,7,1,,,,,,,,,,,,0.0
f36b76f8-b13,plr_b7c7c881,2020_2021,2020-07-01,7430350.0,15.821083656493334,,,UNKNOWN,0,0,0,,,7,1,,,,,,,,,,,,0.0
993c9515-b86,plr_3aff19d5,2020_2021,2020-07-01,1460300.0,14.194153136819125,,,UNKNOWN,1,0,0,,,7,1,,,,,,,,,,,,0.0
c843adf3-577,plr_b0091eef,2020_2021,2020-07-01,19112750.0,16.765866261899735,,,UNKNOWN,0,0,0,,,7,1,,,,,,,,,,,,0.0
fe0f7af6-4f1,plr_12aa06be,2020_2021,2020-07-01,14173500.0,16.46688465242713,,,UNKNOWN,0,0,0,,,7,1,,,,,,,,,,,,0.0
bc317f7b-d0a,plr_ec7e34e6,2020_2021,2020-07-01,670020.0,13.41506433415954,,,UNKNOWN,2,0,0,,,7,1,,,,,,,,,,,,0.0
9a7c8d03-0cc,plr_7d0d0002,2020_2021,2020-07-01,22334000.0,16.921620783762656,,,UNKNOWN,0,0,0,,,7,1,,,,,,,,,,,,0.0
8966e07f-9f7,plr_658f15f6,2020_2021,2020-07-01,17609500.0,16.683949143898282,,,UNKNOWN,1,0,0,,,7,1,,,,,,,,,,,,0.0
e9ab00c3-dec,plr_178fcfa8,2020_2021,2020-07-01,5583500.0,15.5353265569671,,,UNKNOWN,0,0,0,,,7,1,,,,,,,,,,,,0.0
ac58b724-743,plr_346e4a7e,2020_2021,2020-07-01,3307150.0,15.011597651641196,,,UNKNOWN,0,0,0,,,7,1,,,,,,,,,,,,0.0
41c9a5b1-8c8,plr_a566a2db,2020_2021,2020-07-01,3307150.0,15.011597651641196,,,UNKNOWN,0,0,0,,,7,1,,,,,,,,,,,,0.0
a8780044-9eb,plr_1142fb5a,2020_2021,2020-07-01,1718000.0,14.356671963598345,,,UNKNOWN,0,0,0,,,7,1,,,,,,,,,,,,0.0
3e6521fc-ce8,plr_100c6f03,2020_2021,2020-07-01,11424700.0,16.25128832372375,,,UNKNOWN,1,0,0,,,7,1,,,,,,,,,,,,0.0
3d67532a-e0a,plr_974e4a64,2020_2021,2020-07-01,10308000.0,16.148430947766418,,,UNKNOWN,0,0,0,,,7,1,,,,,,,,,,,,0.0
7572a486-858,plr_fb6890b8,2020_2021,2020-07-01,10308000.0,16.148430947766418,,,UNKNOWN,0,0,0,,,7,1,,,,,,,,,,,,0.0
4b31094d-caa,plr_ac7aacf2,2020_2021,2020-07-01,14259400.0,16.472926966458065,,,UNKNOWN,0,0,0,,,7,1,,,,,,,,,,,,0.0
09e99d65-787,plr_edc2579b,2020_2021,2020-07-01,27488000.0,17.12926014014563,,,UNKNOWN,1,0,0,,,7,1,,,,,,,,,,,,0.0
4458594f-2f1,plr_87cb672f,2020_2021,2020-07-01,25770000.0,17.06472162143336,,,UNKNOWN,0,0,0,,,7,1,,,,,,,,,,,,0.0
157988e7-83f,plr_f4bc4b00,2020_2021,2020-07-01,14431200.0,16.484903156669912,,,UNKNOWN,0,0,0,,,7,1,,,,,,,,,,,,0.0
e3444708-d91,plr_c1e41eae,2020_2021,2020-07-01,10393900.0,16.15672974977936,,,UNKNOWN,0,0,0,,,7,1,,,,,,,,,,,,0.0
03081fff-c26,plr_49df5af6,2020_2021,2020-07-01,14173500.0,16.46688465242713,,,UNKNOWN,1,0,0,,,7,1,,,,,,,,,,,,1460300.0
aaf1b4ad-1e5,plr_d1c27c2b,2020_2021,2020-07-01,11596500.0,16.266213972643687,,,UNKNOWN,2,0,0,,,7,1,,,,,,,,,,,,0.0
6df6af2c-2ec,plr_332d2522,2020_2021,2020-07-01,7086750.0,15.77373754242138,,,UNKNOWN,0,0,0,,,7,1,,,,,,,,,,,,0.0
78bf4725-991,plr_3d7362d3,2020_2021,2020-07-01,944900.0,13.758835439083207,,,UNKNOWN,0,0,0,,,7,1,,,,,,,,,,,,0.0
ad1e8881-e37,plr_9ce1d040,2020_2021,2020-07-01,94490.0,11.456259870851161,,,UNKNOWN,0,0,0,,,7,1,,,,,,,,,,,,0.0
6ae5e20d-866,plr_b250ca28,2020_2021,2020-07-01,944900.0,13.758835439083207,,,UNKNOWN,0,0,0,,,7,1,,,,,,,,,,,,0.0
f598ded8-e6b,plr_853b998e,2020_2021,2020-07-01,19842900.0,16.80335686889,,,UNKNOWN,0,0,0,,,7,1,,,,,,,,,,,,0.0
1c3cc996-175,plr_93c6e5ef,2020_2021,2020-07-01,13915800.0,16.44853551506549,,,UNKNOWN,1,0,0,,,7,1,,,,,,,,,,,,0.0
d685fc59-5b7,plr_dd74e364,2020_2021,2020-07-01,5154000.0,15.455283864218488,,,UNKNOWN,0,0,0,,,7,1,,,,,,,,,,,,0.0
7c82fe68-1ec,plr_a27799ef,2020_2021,2020-07-01,1374400.0,14.133528557802084,,,UNKNOWN,0,0,0,,,7,1,,,,,,,,,,,,0.0
47c4907b-28e,plr_78297c9c,2020_2021,2020-07-01,19327500.0,16.777039561916514,,,UNKNOWN,1,0,0,,,7,1,,,,,,,,,,,,42950000.0
e71507e3-674,plr_65eeafd8,2020_2021,2020-07-01,4724500.0,15.368272504867406,,,UNKNOWN,1,0,0,,,7,1,,,,,,,,,,,,9706700.0
38f06169-008,plr_1a3c095a,2020_2021,2020-07-01,34360000.0,17.352403684183937,,,UNKNOWN,0,0,0,,,7,1,,,,,,,,,,,,0.0
66b9beea-d59,plr_2af711bb,2020_2021,2020-07-01,27488000.0,17.12926014014563,,,UNKNOWN,0,0,0,,,7,1,,,,,,,,,,,,0.0
b468bd64-b38,plr_e58a4908,2020_2021,2020-07-01,8418200.0,15.945906705433151,,,UNKNOWN,0,0,0,,,7,1,,,,,,,,,,,,0.0
282bd856-c09,plr_ac70b76b,2020_2021,2020-07-01,1718000.0,14.356671963598345,,,UNKNOWN,0,0,0,,,7,1,,,,,,,,,,,,0.0
65d399f4-987,plr_3d2230ff,2020_2021,2020-07-01,677751.0,13.42653671829717,,,UNKNOWN,0,0,0,,,7,1,,,,,,,,,,,,0.0
d3888673-a37,plr_1435248e,2021_2022,2021-07-01,50193000.0,17.731386152631007,,,UNKNOWN,3,0,0,,,7,1,,,,,,,,,,,,0.0
8330842d-3a4,plr_c80cc009,2021_2022,2021-07-01,30030000.0,17.217707473259544,,,UNKNOWN,1,0,0,,,7,1,,,,,,,,,,,,0.0
efa4ce71-df1,plr_658f15f6,2021_2022,2021-07-01,24024000.0,16.994563930270346,,,UNKNOWN,2,0,0,,,7,1,,,,,,,,,,,,17609500.0
24de4eeb-fc2,plr_ffbab246,2021_2022,2021-07-01,15958800.0,16.585521021850607,,,UNKNOWN,0,0,0,,,7,1,,,,,,,,,,,,0.0
598585a6-7fe,plr_4f7ebeaa,2021_2022,2021-07-01,15015000.0,16.524560325999634,,,UNKNOWN,0,0,0,,,7,1,,,,,,,,,,,,0.0
01203dad-b1d,plr_1f333686,2021_2022,2021-07-01,6864000.0,15.74180106583757,,,UNKNOWN,0,0,0,,,7,1,,,,,,,,,,,,0.0
228f5c8f-bf0,plr_8ba079eb,2021_2022,2021-07-01,1544400.0,14.250146690872656,,,UNKNOWN,0,0,0,,,7,1,,,,,,,,,,,,0.0
609c0ab3-fa5,plr_fa7d65cb,2021_2022,2021-07-01,25225200.0,17.04335409245763,,,UNKNOWN,2,0,0,,,7,1,,,,,,,,,,,,0.0
1c67968c-f5e,plr_8ed1b0e5,2021_2022,2021-07-01,32947200.0,17.310416868415373,,,UNKNOWN,0,2458,1,,,7,1,,,,,,,,,,,,0.0
6ad1efb7-4c9,plr_4f6c54ae,2021_2022,2021-07-01,27456000.0,17.128095317691738,,,UNKNOWN,0,0,0,,,7,1,,,,,,,,,,,,0.0
07111dde-ee6,plr_6face4a9,2021_2022,2021-07-01,25740000.0,17.063556798982294,,,UNKNOWN,1,0,0,,,7,1,,,,,,,,,,,,17351800.0
5354ca7f-29d,plr_eee31c87,2021_2022,2021-07-01,25225200.0,17.04335409245763,,,UNKNOWN,2,0,0,,,7,1,,,,,,,,,,,,0.0
e3edd9d9-a58,plr_ee98921e,2021_2022,2021-07-01,100815000.0,18.42879772197347,,,UNKNOWN,0,0,0,,,7,1,,,,,,,,,,,,0.0
ada8f489-945,plr_2c61a1c6,2021_2022,2021-07-01,3003000.0,14.915122679965744,,,UNKNOWN,1,0,0,,,7,1,,,,,,,,,,,,6872000.0
105e60f9-ebf,plr_422824a3,2021_2022,2021-07-01,13470600.0,16.4160201650601,,,UNKNOWN,0,0,0,,,7,1,,,,,,,,,,,,0.0
19c145ae-80c,plr_4de1884b,2021_2022,2021-07-01,8580000.0,15.964944588014255,,,UNKNOWN,0,0,0,,,7,1,,,,,,,,,,,,0.0
abc20830-b89,plr_258a34e6,2021_2022,2021-07-01,8580000.0,15.964944588014255,,,UNKNOWN,0,0,0,,,7,1,,,,,,,,,,,,0.0
e59109ec-1fd,plr_a7bb9b95,2021_2022,2021-07-01,1287000.0,14.067825263578738,,,UNKNOWN,0,0,0,,,7,1,,,,,,,,,,,,0.0
46b2f21d-e3c,plr_e10bd51a,2021_2022,2021-07-01,19734000.0,16.79785364507321,,,UNKNOWN,0,0,0,,,7,1,,,,,,,,,,,,0.0
ef221509-0b0,plr_80d468fa,2021_2022,2021-07-01,15444000.0,16.552731201116327,,,UNKNOWN,0,0,0,,,7,1,,,,,,,,,,,,0.0
467295a2-86d,plr_0ad14bd4,2021_2022,2021-07-01,9438000.0,16.060254757223117,,,UNKNOWN,0,0,0,,,7,1,,,,,,,,,,,,0.0
8bc19ec6-ac0,plr_b494af93,2021_2022,2021-07-01,6864000.0,15.74180106583757,,,UNKNOWN,0,0,0,,,7,1,,,,,,,,,,,,0.0
93f71f56-980,plr_52047160,2021_2022,2021-07-01,6006000.0,15.608269694025566,,,UNKNOWN,0,0,0,,,7,1,,,,,,,,,,,,0.0
22dee879-297,plr_0a6b8ac7,2021_2022,2021-07-01,4290000.0,15.271797524004405,,,UNKNOWN,0,0,0,,,7,1,,,,,,,,,,,,0.0
d3ef6420-79e,plr_82f41541,2021_2022,2021-07-01,2574000.0,14.760972055638522,,,UNKNOWN,0,0,0,,,7,1,,,,,,,,,,,,0.0
098677ad-2e1,plr_a15797bf,2021_2022,2021-07-01,497640.0,13.117634212511176,,,UNKNOWN,0,0,0,,,7,1,,,,,,,,,,,,0.0
ffc6fd70-6f2,plr_8e85c7c2,2021_2022,2021-07-01,12870000.0,16.370409657272383,,,UNKNOWN,1,0,0,,,7,1,,,,,,,,,,,,3049450.0
60775938-351,plr_0c703dfb,2021_2022,2021-07-01,1544400.0,14.250146690872656,,,UNKNOWN,3,101,0,,,7,1,101.0,0.0,1.0,31.0,0.0,0.8910891089108911,27.623762376237625,1.0,,,,2748800.0
5ba201b4-932,plr_220e297b,2021_2022,2021-07-01,1029600.0,13.844681906514554,,,UNKNOWN,2,0,0,,,7,1,,,,,,,,,,,,0.0
3ef02ef6-623,plr_508aa546,2021_2022,2021-07-01,858000.0,13.662360543970586,,,UNKNOWN,1,0,0,,,7,1,,,,,,,,,,,,19327500.0
52c5517a-1fc,plr_779bd682,2021_2022,2021-07-01,15015000.0,16.524560325999634,,,UNKNOWN,0,0,0,,,7,1,,,,,,,,,,,,0.0
e7c38afb-ae3,plr_dc2e718e,2021_2022,2021-07-01,12870000.0,16.370409657272383,,,UNKNOWN,0,0,0,,,7,1,,,,,,,,,,,,0.0
165ff125-d80,plr_a7a8e27e,2021_2022,2021-07-01,12012000.0,16.301416791335438,,,UNKNOWN,1,0,0,,,7,1,,,,,,,,,,,,0.0
fa69744d-26c,plr_2f62c95e,2021_2022,2021-07-01,2488200.0,14.727070517359401,,,UNKNOWN,0,0,0,,,7,1,,,,,,,,,,,,0.0
0e455989-f25,plr_f64a195f,2021_2022,2021-07-01,25740000.0,17.063556798982294,,,UNKNOWN,0,0,0,,,7,1,,,,,,,,,,,,0.0
ae51da7a-70b,plr_e0fb6674,2021_2022,2021-07-01,7979400.0,15.892373903952008,,,UNKNOWN,3,0,0,,,7,1,,,,,,,,,,,,14517100.0
e681c97e-650,plr_4f2f77b8,2021_2022,2021-07-01,1029600.0,13.844681906514554,,,UNKNOWN,1,0,0,,,7,1,,,,,,,,,,,,0.0
80f936d6-08a,plr_818e59dd,2021_2022,2021-07-01,96954000.0,18.389747207496608,,,UNKNOWN,1,0,0,,,7,1,,,,,,,,,,,,63566000.0
0c216cb0-392,plr_e19d612b,2021_2022,2021-07-01,35178000.0,17.375931473601263,,,UNKNOWN,1,0,0,,,7,1,,,,,,,,,,,,0.0
045c2607-14b,plr_d63a49be,2021_2022,2021-07-01,30030000.0,17.217707473259544,,,UNKNOWN,2,0,0,,,7,1,,,,,,,,,,,,0.0
9726a834-78a,plr_b6854220,2021_2022,2021-07-01,20025720.0,16.81252805526429,,,UNKNOWN,2,0,0,,,7,1,,,,,,,,,,,,0.0
29848a20-f89,plr_10bbb0d8,2021_2022,2021-07-01,4118400.0,15.230975539196658,,,UNKNOWN,0,0,0,,,7,1,,,,,,,,,,,,0.0
4409f487-fcf,plr_502e4810,2021_2022,2021-07-01,15015000.0,16.524560325999634,,,UNKNOWN,1,0,0,,,7,1,,,,,,,,,,,,0.0
8785e3f4-ffd,plr_80bff014,2021_2022,2021-07-01,13985400.0,16.453524557785954,,,UNKNOWN,0,0,0,,,7,1,,,,,,,,,,,,0.0
31601f76-de8,plr_fafbfb91,2021_2022,2021-07-01,9438000.0,16.060254757223117,,,UNKNOWN,1,0,0,,,7,1,,,,,,,,,,,,0.0
fa2d7f6d-324,plr_f92c2078,2021_2022,2021-07-01,7979400.0,15.892373903952008,,,UNKNOWN,0,0,0,,,7,1,,,,,,,,,,,,0.0
4b394a5c-86b,plr_40c995f5,2021_2022,2021-07-01,6006000.0,15.608269694025566,,,UNKNOWN,0,0,0,,,7,1,,,,,,,,,,,,0.0
8e0e9bf8-670,plr_410c3ed6,2021_2022,2021-07-01,1012440.0,13.827874804660038,,,UNKNOWN,0,0,0,,,7,1,,,,,,,,,,,,0.0
6965c240-990,plr_a7d60257,2021_2022,2021-07-01,20163000.0,16.819359849216006,,,UNKNOWN,0,0,0,,,7,1,,,,,,,,,,,,0.0
489fc010-6ae,plr_fe4f9a98,2021_2022,2021-07-01,12012000.0,16.301416791335438,,,UNKNOWN,0,0,0,,,7,1,,,,,,,,,,,,0.0
d82b1950-47a,plr_fd24b1dc,2021_2022,2021-07-01,1716000.0,14.355507141780457,,,UNKNOWN,1,0,0,,,7,1,,,,,,,,,,,,1718000.0
6aafe572-0c6,plr_a0cf6c54,2021_2022,2021-07-01,6864000.0,15.74180106583757,,,UNKNOWN,1,0,0,,,7,1,,,,,,,,,,,,0.0
64cd6fe6-921,plr_928f982d,2021_2022,2021-07-01,858000.0,13.662360543970586,,,UNKNOWN,3,0,0,,,7,1,,,,,,,,,,,,8590000.0
8ffff09c-f4b,plr_06a46691,2021_2022,2021-07-01,24967800.0,17.033097592699132,,,UNKNOWN,1,0,0,,,7,1,,,,,,,,,,,,15290200.0
07a11aef-692,plr_2be29b6c,2021_2022,2021-07-01,12870000.0,16.370409657272383,,,UNKNOWN,0,0,0,,,7,1,,,,,,,,,,,,0.0
609db557-721,plr_0d34d177,2021_2022,2021-07-01,10982400.0,16.211804640450445,,,UNKNOWN,1,0,0,,,7,1,,,,,,,,,,,,0.0
44ab6386-ae8,plr_cbdb48b4,2021_2022,2021-07-01,2059200.0,14.537828601449368,,,UNKNOWN,0,0,0,,,7,1,,,,,,,,,,,,0.0
1ee91c39-b7b,plr_0102bc6e,2021_2022,2021-07-01,25740000.0,17.063556798982294,,,UNKNOWN,0,0,0,,,7,1,,,,,,,,,,,,0.0
bfb3cf63-a80,plr_1e590ab9,2021_2022,2021-07-01,17160000.0,16.658091710299146,,,UNKNOWN,0,0,0,,,7,1,,,,,,,,,,,,0.0
610332b5-e15,plr_219ef86c,2021_2022,2021-07-01,15100800.0,16.53025834673586,,,UNKNOWN,1,0,0,,,7,1,,,,,,,,,,,,21475000.0
9dfce3db-cd3,plr_84d480d9,2021_2022,2021-07-01,42042000.0,17.554179700366465,,,UNKNOWN,0,0,0,,,7,1,,,,,,,,,,,,0.0
7335cf7f-8c9,plr_2322c1a4,2021_2022,2021-07-01,34320000.0,17.351238861721566,,,UNKNOWN,0,0,0,,,7,1,,,,,,,,,,,,0.0
2016be26-086,plr_04283c23,2021_2022,2021-07-01,12012000.0,16.301416791335438,,,UNKNOWN,5,0,0,,,7,1,,,,,,,,,,,,0.0
ace9e838-470,plr_db541176,2021_2022,2021-07-01,5148000.0,15.45411904194833,,,UNKNOWN,1,0,0,,,7,1,,,,,,,,,,,,12627300.0
54bde75c-15d,plr_b59072f7,2021_2022,2021-07-01,18361200.0,16.725750354960574,,,UNKNOWN,0,0,0,,,7,1,,,,,,,,,,,,0.0
883f714f-175,plr_de402e8b,2021_2022,2021-07-01,47190000.0,17.6696925848935,,,UNKNOWN,1,0,0,,,7,1,,,,,,,,,,,,28776500.0
63605e29-338,plr_00992bc2,2021_2022,2021-07-01,72930000.0,18.105010648672195,,,UNKNOWN,0,0,0,,,7,1,,,,,,,,,,,,0.0
e247184b-811,plr_770b636f,2021_2022,2021-07-01,34320000.0,17.351238861721566,,,UNKNOWN,0,0,0,,,7,1,,,,,,,,,,,,0.0
0f89dd6d-394,plr_04891e2c,2021_2022,2021-07-01,14586000.0,16.495572791085205,,,UNKNOWN,0,0,0,,,7,1,,,,,,,,,,,,0.0
79554187-592,plr_f4f87396,2021_2022,2021-07-01,42985800.0,17.576380409824413,,,UNKNOWN,0,0,0,,,7,1,,,,,,,,,,,,0.0
43b36245-a0e,plr_f85d25e1,2021_2022,2021-07-01,12012000.0,16.301416791335438,,,UNKNOWN,1,0,0,,,7,1,,,,,,,,,,,,18898000.0
42344825-69d,plr_1cacd0d5,2021_2022,2021-07-01,9438000.0,16.060254757223117,,,UNKNOWN,0,0,0,,,7,1,,,,,,,,,,,,0.0
88dc694e-d89,plr_e8471035,2021_2022,2021-07-01,9438000.0,16.060254757223117,,,UNKNOWN,0,0,0,,,7,1,,,,,,,,,,,,0.0
8e1f814d-6b8,plr_dfd32001,2021_2022,2021-07-01,8151000.0,15.91365129976092,,,UNKNOWN,0,0,0,,,7,1,,,,,,,,,,,,0.0
a3e069c6-2a5,plr_a0f47c45,2021_2022,2021-07-01,6435000.0,15.677262554412508,,,UNKNOWN,0,0,0,,,7,1,,,,,,,,,,,,0.0
27d6c920-a0e,plr_bbd4e8dc,2021_2022,2021-07-01,5019300.0,15.428801238944812,,,UNKNOWN,2,0,0,,,7,1,,,,,,,,,,,,9706700.0
a042cc09-bc8,plr_238a53bf,2021_2022,2021-07-01,3346200.0,15.023336230452108,,,UNKNOWN,0,0,0,,,7,1,,,,,,,,,,,,0.0
9f8a9ec5-e50,plr_80976ef1,2021_2022,2021-07-01,22479600.0,16.92811883372193,,,UNKNOWN,0,0,0,,,7,1,,,,,,,,,,,,0.0
a3053a5c-ff1,plr_d563759e,2021_2022,2021-07-01,15186600.0,16.535924083897402,,,UNKNOWN,1,0,0,,,7,1,,,,,,,,,,,,1632100.0
c82c4121-741,plr_b79ce40b,2021_2022,2021-07-01,10296000.0,16.147266125383194,,,UNKNOWN,0,0,0,,,7,1,,,,,,,,,,,,0.0
366e0e1c-2d4,plr_1b33b1bc,2021_2022,2021-07-01,6435000.0,15.677262554412508,,,UNKNOWN,0,0,0,,,7,1,,,,,,,,,,,,0.0
d75aadfa-9fd,plr_68885946,2021_2022,2021-07-01,4719000.0,15.367107682617805,,,UNKNOWN,3,0,0,,,7,1,,,,,,,,,,,,0.0
bff05486-28f,plr_cd2c67e2,2021_2022,2021-07-01,1716000.0,14.355507141780457,,,UNKNOWN,1,0,0,,,7,1,,,,,,,,,,,,0.0
5282e701-56b,plr_4ce04a1e,2021_2022,2021-07-01,21450000.0,16.881235249958344,,,UNKNOWN,0,0,0,,,7,1,,,,,,,,,,,,0.0
ae97f314-cce,plr_8841fbfa,2021_2022,2021-07-01,21450000.0,16.881235249958344,,,UNKNOWN,0,0,0,,,7,1,,,,,,,,,,,,0.0
0674276a-ea4,plr_1bbf72d3,2021_2022,2021-07-01,16302000.0,16.606798418978705,,,UNKNOWN,0,0,0,,,7,1,,,,,,,,,,,,0.0
7e941382-e55,plr_b0f4dfe0,2021_2022,2021-07-01,14500200.0,16.48967306936369,,,UNKNOWN,0,0,0,,,7,1,,,,,,,,,,,,0.0
5141b087-aab,plr_144ced4d,2021_2022,2021-07-01,11154000.0,16.227308825585567,,,UNKNOWN,0,0,0,,,7,1,,,,,,,,,,,,0.0
f3a17515-0f8,plr_fdbc88df,2021_2022,2021-07-01,3003000.0,14.915122679965744,,,UNKNOWN,0,0,0,,,7,1,,,,,,,,,,,,0.0
37220a0d-58b,plr_06341f32,2021_2022,2021-07-01,1029600.0,13.844681906514554,,,UNKNOWN,2,0,0,,,7,1,,,,,,,,,,,,3350100.0
441ba487-03c,plr_ee1f9465,2021_2022,2021-07-01,8580000.0,15.964944588014255,,,UNKNOWN,0,0,0,,,7,1,,,,,,,,,,,,0.0
f4e2b27a-8c8,plr_72017f1a,2021_2022,2021-07-01,4290000.0,15.271797524004405,,,UNKNOWN,0,0,0,,,7,1,,,,,,,,,,,,0.0
a2cd8aba-bd9,plr_aefd4a66,2021_2022,2021-07-01,4290000.0,15.271797524004405,,,UNKNOWN,0,0,0,,,7,1,,,,,,,,,,,,0.0
f240e77d-fd7,plr_66c32bef,2021_2022,2021-07-01,4032600.0,15.209922135165053,,,UNKNOWN,0,0,0,,,7,1,,,,,,,,,,,,0.0
6fe11ee7-03d,plr_f2484e59,2021_2022,2021-07-01,3432000.0,15.048654030965238,,,UNKNOWN,0,0,0,,,7,1,,,,,,,,,,,,0.0
29252825-bf0,plr_65b7b9e0,2021_2022,2021-07-01,3432000.0,15.048654030965238,,,UNKNOWN,0,0,0,,,7,1,,,,,,,,,,,,0.0
64ec51d6-78b,plr_0e9f8adb,2021_2022,2021-07-01,2574000.0,14.760972055638522,,,UNKNOWN,0,0,0,,,7,1,,,,,,,,,,,,0.0
6ff292ff-032,plr_0f9fdd5c,2021_2022,2021-07-01,2574000.0,14.760972055638522,,,UNKNOWN,0,0,0,,,7,1,,,,,,,,,,,,0.0
457af567-7d7,plr_147f7a96,2021_2022,2021-07-01,257400.0,12.458390459140501,,,UNKNOWN,0,0,0,,,7,1,,,,,,,,,,,,0.0
87f69d48-3a9,plr_ea5eb2ac,2021_2022,2021-07-01,1973400.0,14.495269008144712,,,UNKNOWN,3,0,0,,,7,1,,,,,,,,,,,,5154000.0
c594277f-920,plr_d7bc5ce8,2021_2022,2021-07-01,1544400.0,14.250146690872656,,,UNKNOWN,1,0,0,,,7,1,,,,,,,,,,,,0.0
29e6305b-d58,plr_05351ccb,2021_2022,2021-07-01,1501500.0,14.221975832405967,,,UNKNOWN,3,0,0,,,7,1,,,,,,,,,,,,1460300.0
62c025fb-e75,plr_97dce035,2021_2022,2021-07-01,25740000.0,17.063556798982294,,,UNKNOWN,2,0,0,,,7,1,,,,,,,,,,,,0.0
8b9ef9c3-249,plr_727608be,2021_2022,2021-07-01,9523800.0,16.069304591788487,,,UNKNOWN,1,0,0,,,7,1,,,,,,,,,,,,0.0
78427ce2-eb9,plr_8b29e8ed,2021_2022,2021-07-01,6864000.0,15.74180106583757,,,UNKNOWN,0,0,0,,,7,1,,,,,,,,,,,,0.0
bbe16a73-0c5,plr_eec2f23c,2021_2022,2021-07-01,4461600.0,15.311018228192296,,,UNKNOWN,0,0,0,,,7,1,,,,,,,,,,,,0.0
aa44a4cb-1c2,plr_7502fb24,2021_2022,2021-07-01,3003000.0,14.915122679965744,,,UNKNOWN,0,0,0,,,7,1,,,,,,,,,,,,0.0
76f85f7d-38b,plr_2ef6a74e,2021_2022,2021-07-01,1716000.0,14.355507141780457,,,UNKNOWN,0,0,0,,,7,1,,,,,,,,,,,,0.0
5007b36b-cf3,plr_4cc16317,2021_2022,2021-07-01,1029600.0,13.844681906514554,,,UNKNOWN,0,0,0,,,7,1,,,,,,,,,,,,0.0
78bf8612-a5d,plr_10674eb3,2021_2022,2021-07-01,514800.0,13.151535697204164,,,UNKNOWN,0,0,0,,,7,1,,,,,,,,,,,,0.0
e243b739-bfd,plr_52f212ca,2021_2022,2021-07-01,10124400.0,16.130459008713,,,UNKNOWN,1,0,0,,,7,1,,,,,,,,,,,,15462000.0
4134790f-f36,plr_7f6671fd,2021_2022,2021-07-01,3432000.0,15.048654030965238,,,UNKNOWN,1,0,0,,,7,1,,,,,,,,,,,,0.0
24b11dd6-765,plr_e8c25a88,2022_2023,2022-07-01,44668000.0,17.61476794193521,,,UNKNOWN,0,0,0,,,7,1,,,,,,,,,,,,0.0
26e9dc27-a03,plr_05aeb8e0,2022_2023,2022-07-01,30065000.0,17.218872295717073,,,UNKNOWN,0,0,0,,,7,1,,,,,,,,,,,,0.0
b16fb33d-063,plr_c007fcea,2022_2023,2022-07-01,30065000.0,17.218872295717073,,,UNKNOWN,0,0,0,,,7,1,,,,,,,,,,,,0.0
d4967922-812,plr_9c7fd488,2022_2023,2022-07-01,20616000.0,16.84157807982035,,,UNKNOWN,1,0,0,,,7,1,,,,,,,,,,,,13366040.0
81f3eefd-b6c,plr_ac8a4052,2022_2023,2022-07-01,16750500.0,16.6339387262358,,,UNKNOWN,0,0,0,,,7,1,,,,,,,,,,,,0.0
c265feb3-098,plr_ab6ae9f4,2022_2023,2022-07-01,9706700.0,16.088327029706306,,,UNKNOWN,1,0,0,,,7,1,,,,,,,,,,,,48963000.0
836adabd-fc5,plr_92735ac1,2022_2023,2022-07-01,5068100.0,15.438476749190649,,,UNKNOWN,0,0,0,,,7,1,,,,,,,,,,,,0.0
e5b85102-e43,plr_2d1196d6,2022_2023,2022-07-01,3006500.0,14.916287502074377,,,UNKNOWN,0,0,0,,,7,1,,,,,,,,,,,,0.0
ca9eca46-1d6,plr_1428fd3e,2022_2023,2022-07-01,3092400.0,14.944458369801836,,,UNKNOWN,1,0,0,,,7,1,,,,,,,,,,,,21475000.0
ab0bb941-bda,plr_dc0b3a47,2022_2023,2022-07-01,26629000.0,17.09751144300458,,,UNKNOWN,1,0,0,,,7,1,,,,,,,,,,,,5154000.0
36752228-044,plr_5c2535bc,2022_2023,2022-07-01,25340500.0,17.047914503774685,,,UNKNOWN,0,0,0,,,7,1,,,,,,,,,,,,0.0
350f991e-602,plr_12d4e613,2022_2023,2022-07-01,17180000.0,16.6592565327276,,,UNKNOWN,1,0,0,,,7,1,,,,,,,,,,,,0.0
4f6cf34e-1ee,plr_2411b26a,2022_2023,2022-07-01,12885000.0,16.371574479678223,,,UNKNOWN,2,0,0,,,7,1,,,,,,,,,,,,11854200.0
f5ff19f7-6fb,plr_5c03f19f,2022_2023,2022-07-01,11596500.0,16.266213972643687,,,UNKNOWN,0,0,0,,,7,1,,,,,,,,,,,,0.0
dbd8a644-dee,plr_f14d5a14,2022_2023,2022-07-01,3006500.0,14.916287502074377,,,UNKNOWN,2,0,0,,,7,1,,,,,,,,,,,,0.0
0be7c00c-bcd,plr_05780f76,2022_2023,2022-07-01,15462000.0,16.55389602353724,,,UNKNOWN,1,0,0,,,7,1,,,,,,,,,,,,0.0
0c618c2d-eb5,plr_198d4b01,2022_2023,2022-07-01,15032500.0,16.525725148418392,,,UNKNOWN,2,0,0,,,7,1,,,,,,,,,,,,13314500.0
5510fed8-97a,plr_eee31c87,2022_2023,2022-07-01,10308000.0,16.148430947766418,,,UNKNOWN,3,0,0,,,7,1,,,,,,,,,,,,25225200.0
839f547a-f9f,plr_343d8308,2022_2023,2022-07-01,28347000.0,17.160031797709973,,,UNKNOWN,0,0,0,,,7,1,,,,,,,,,,,,0.0
7ca34836-30f,plr_f157540e,2022_2023,2022-07-01,19327500.0,16.777039561916514,,,UNKNOWN,0,0,0,,,7,1,,,,,,,,,,,,0.0
4436e00c-da7,plr_82682055,2022_2023,2022-07-01,12885000.0,16.371574479678223,,,UNKNOWN,0,0,0,,,7,1,,,,,,,,,,,,0.0
fa61816e-cf4,plr_25dc5606,2022_2023,2022-07-01,10222100.0,16.140062698911127,,,UNKNOWN,0,0,0,,,7,1,,,,,,,,,,,,0.0
9a292cb5-56b,plr_be360f0c,2022_2023,2022-07-01,8804750.0,15.990802020125862,,,UNKNOWN,0,0,0,,,7,1,,,,,,,,,,,,0.0
5585f40f-cd2,plr_fea88e89,2022_2023,2022-07-01,16321000.0,16.607963241403585,,,UNKNOWN,0,0,0,,,7,1,,,,,,,,,,,,0.0
1413dd62-928,plr_ecb6a357,2022_2023,2022-07-01,12885000.0,16.371574479678223,,,UNKNOWN,0,0,0,,,7,1,,,,,,,,,,,,0.0
b9aa9021-3cf,plr_0635713a,2022_2023,2022-07-01,12240750.0,16.32028118937539,,,UNKNOWN,0,0,0,,,7,1,,,,,,,,,,,,0.0
6957c931-ecf,plr_e6cabd43,2022_2023,2022-07-01,3092400.0,14.944458369801836,,,UNKNOWN,1,0,0,,,7,1,,,,,,,,,,,,0.0
24c52738-bc2,plr_809868c9,2022_2023,2022-07-01,15290200.0,16.542722723665797,,,UNKNOWN,2,0,0,,,7,1,,,,,,,,,,,,0.0
c9a2bf2a-9d1,plr_d9ecd9de,2022_2023,2022-07-01,9964400.0,16.114529399435977,,,UNKNOWN,0,0,0,,,7,1,,,,,,,,,,,,0.0
7233b254-be0,plr_7e350dc4,2022_2023,2022-07-01,7129700.0,15.779779856027291,,,UNKNOWN,2,0,0,,,7,1,,,,,,,,,,,,0.0
93b18501-ba9,plr_35962220,2022_2023,2022-07-01,6872000.0,15.742965888164262,,,UNKNOWN,0,0,0,,,7,1,,,,,,,,,,,,0.0
7ea290b2-bd6,plr_6ad8b559,2022_2023,2022-07-01,5154000.0,15.455283864218488,,,UNKNOWN,0,0,0,,,7,1,,,,,,,,,,,,0.0
7e613591-870,plr_a1d9dc7e,2022_2023,2022-07-01,3436000.0,15.049818853122328,,,UNKNOWN,0,0,0,,,7,1,,,,,,,,,,,,0.0
b971a359-067,plr_80d468fa,2022_2023,2022-07-01,56092700.0,17.842516255076408,,,UNKNOWN,1,3089,1,,,7,1,3089.0,1.0,1.0,673.0,0.029135642602784072,0.029135642602784072,19.60828747167368,0.0,,,,15444000.0
85142864-db9,plr_42047687,2022_2023,2022-07-01,25082800.0,17.037692950108585,,,UNKNOWN,1,0,0,,,7,1,,,,,,,,,,,,14431200.0
497109c0-5b8,plr_a2085edd,2022_2023,2022-07-01,10136200.0,16.13162383109431,,,UNKNOWN,1,0,0,,,7,1,,,,,,,,,,,,13366040.0
080a496b-8ef,plr_e5040e88,2022_2023,2022-07-01,2233400.0,14.619036093741556,,,UNKNOWN,3,0,0,,,7,1,,,,,,,,,,,,3350100.0
4849af33-fa5,plr_e2ec4fd4,2022_2023,2022-07-01,103939000.0,18.45931475618416,,,UNKNOWN,0,0,0,,,7,1,,,,,,,,,,,,0.0
79690847-e49,plr_4dc1fd65,2022_2023,2022-07-01,69063600.0,18.05053839163072,,,UNKNOWN,1,0,0,,,7,1,,,,,,,,,,,,30065000.0
7b88f0a0-fbd,plr_24a26523,2022_2023,2022-07-01,60130000.0,17.912019459646384,,,UNKNOWN,0,0,0,,,7,1,,,,,,,,,,,,0.0
ca390395-de4,plr_105aa3d9,2022_2023,2022-07-01,48275800.0,17.69244097858035,,,UNKNOWN,0,0,0,,,7,1,,,,,,,,,,,,0.0
534ce60f-a10,plr_b44b069c,2022_2023,2022-07-01,35992100.0,17.398810055678357,,,UNKNOWN,0,0,0,,,7,1,,,,,,,,,,,,0.0
695b068c-34b,plr_8ceb6854,2022_2023,2022-07-01,32642000.0,17.301110391328155,,,UNKNOWN,0,0,0,,,7,1,,,,,,,,,,,,0.0
68e8571a-7f1,plr_3d0202b7,2022_2023,2022-07-01,30065000.0,17.218872295717073,,,UNKNOWN,0,0,0,,,7,1,,,,,,,,,,,,0.0
67990a39-db2,plr_45c6fe45,2022_2023,2022-07-01,25770000.0,17.06472162143336,,,UNKNOWN,0,0,0,,,7,1,,,,,,,,,,,,0.0
3f23eee8-09e,plr_d940c44e,2022_2023,2022-07-01,12764740.0,16.362197318596806,,,UNKNOWN,0,0,0,,,7,1,,,,,,,,,,,,0.0
5500a786-d4c,plr_bb322fdf,2022_2023,2022-07-01,10737500.0,16.18925293840619,,,UNKNOWN,0,0,0,,,7,1,,,,,,,,,,,,0.0
d913af40-0af,plr_1f98732c,2022_2023,2022-07-01,10308000.0,16.148430947766418,,,UNKNOWN,1,0,0,,,7,1,,,,,,,,,,,,0.0
29b7245a-57e,plr_986140fa,2022_2023,2022-07-01,10308000.0,16.148430947766418,,,UNKNOWN,0,0,0,,,7,1,,,,,,,,,,,,0.0
3274024e-bb0,plr_090886b0,2022_2023,2022-07-01,7808310.0,15.870699237224457,,,UNKNOWN,0,0,0,,,7,1,,,,,,,,,,,,0.0
14d34aed-fbd,plr_be50c2b9,2022_2023,2022-07-01,17180000.0,16.6592565327276,,,UNKNOWN,1,0,0,,,7,1,,,,,,,,,,,,45527000.0
f963c19c-2c4,plr_8760c28d,2022_2023,2022-07-01,429500.0,12.970379348692445,,,UNKNOWN,5,0,0,,,7,1,,,,,,,,,,,,0.0
e739a37e-1e6,plr_edb90011,2022_2023,2022-07-01,19413400.0,16.781474158755444,,,UNKNOWN,0,0,0,,,7,1,,,,,,,,,,,,0.0
abb5104b-b3b,plr_a73c449d,2022_2023,2022-07-01,10308000.0,16.148430947766418,,,UNKNOWN,0,0,0,,,7,1,,,,,,,,,,,,0.0
e2a6013f-c26,plr_efa4c0fd,2022_2023,2022-07-01,10308000.0,16.148430947766418,,,UNKNOWN,0,0,0,,,7,1,,,,,,,,,,,,0.0
6cf68cc4-20a,plr_11054601,2022_2023,2022-07-01,4690140.0,15.360973203936435,,,UNKNOWN,0,0,0,,,7,1,,,,,,,,,,,,0.0
958a569b-884,plr_7fdad36c,2022_2023,2022-07-01,34248330.0,17.34914839155816,,,UNKNOWN,0,0,0,,,7,1,,,,,,,,,,,,0.0
2c3a37cd-bba,plr_208df530,2022_2023,2022-07-01,14603000.0,16.496737613501686,,,UNKNOWN,1,0,0,,,7,1,,,,,,,,,,,,0.0
482963f2-e90,plr_0e1e2bc8,2022_2023,2022-07-01,8933600.0,16.00533011905067,,,UNKNOWN,2,0,0,,,7,1,,,,,,,,,,,,0.0
e720cdb1-356,plr_0d71f785,2022_2023,2022-07-01,3436000.0,15.049818853122328,,,UNKNOWN,1,0,0,,,7,1,,,,,,,,,,,,25770000.0
0b6e362e-06f,plr_07b4be08,2022_2023,2022-07-01,49822000.0,17.723967231584265,,,UNKNOWN,1,0,0,,,7,1,,,,,,,,,,,,33672800.0
990cc88a-dac,plr_84b9ba63,2022_2023,2022-07-01,39170400.0,17.483431943016214,,,UNKNOWN,2,0,0,,,7,1,,,,,,,,,,,,0.0
f53e32e2-15c,plr_18bb857c,2022_2023,2022-07-01,21389100.0,16.878392051189838,,,UNKNOWN,0,0,0,,,7,1,,,,,,,,,,,,0.0
0ac91384-c6a,plr_90c0a9f1,2022_2023,2022-07-01,15290200.0,16.542722723665797,,,UNKNOWN,1,0,0,,,7,1,,,,,,,,,,,,21475000.0
58fae245-302,plr_92a45302,2022_2023,2022-07-01,8418200.0,15.945906705433151,,,UNKNOWN,0,0,0,,,7,1,,,,,,,,,,,,0.0
92cccd04-d4e,plr_3bebb6c9,2022_2023,2022-07-01,8160500.0,15.914816122114392,,,UNKNOWN,4,0,0,,,7,1,,,,,,,,,,,,0.0
1140d63f-0d8,plr_a3140fcc,2022_2023,2022-07-01,4724500.0,15.368272504867406,,,UNKNOWN,0,0,0,,,7,1,,,,,,,,,,,,0.0
76d0ef65-751,plr_e6199efc,2022_2023,2022-07-01,4295000.0,15.272962346229336,,,UNKNOWN,2,0,0,,,7,1,,,,,,,,,,,,0.0
419db4e2-e2f,plr_3523be83,2022_2023,2022-07-01,8074600.0,15.904234014087487,,,UNKNOWN,0,254,1,,,7,1,,,,,,,,,,,,0.0
e42e95ac-24b,plr_8b4dee2e,2022_2023,2022-07-01,34789500.0,17.364826203823192,,,UNKNOWN,0,0,0,,,7,1,,,,,,,,,,,,0.0
ced7d67a-dd2,plr_1338fe0b,2022_2023,2022-07-01,28209560.0,17.155171520999595,,,UNKNOWN,0,0,0,,,7,1,,,,,,,,,,,,0.0
584503d9-235,plr_88a5e71d,2022_2023,2022-07-01,21475000.0,16.882400072400365,,,UNKNOWN,0,0,0,,,7,1,,,,,,,,,,,,0.0
ba1de6db-d9f,plr_57cee665,2022_2023,2022-07-01,14603000.0,16.496737613501686,,,UNKNOWN,0,0,0,,,7,1,,,,,,,,,,,,0.0
2d58dc69-036,plr_9835c4df,2022_2023,2022-07-01,11167000.0,16.22847364797749,,,UNKNOWN,0,0,0,,,7,1,,,,,,,,,,,,0.0
da9a4084-dd9,plr_679aa140,2022_2023,2022-07-01,10308000.0,16.148430947766418,,,UNKNOWN,0,0,0,,,7,1,,,,,,,,,,,,0.0
ec813762-744,plr_3895829c,2022_2023,2022-07-01,10308000.0,16.148430947766418,,,UNKNOWN,0,0,0,,,7,1,,,,,,,,,,,,0.0
9a5534a6-8db,plr_49da3a88,2022_2023,2022-07-01,4982200.0,15.42138231923329,,,UNKNOWN,0,0,0,,,7,1,,,,,,,,,,,,0.0
070ee97e-88f,plr_f454835c,2022_2023,2022-07-01,3865500.0,15.167601856441378,,,UNKNOWN,0,0,0,,,7,1,,,,,,,,,,,,0.0
33d202ad-5e1,plr_7d3ab2c5,2022_2023,2022-07-01,49822000.0,17.723967231584265,,,UNKNOWN,1,0,0,,,7,1,,,,,,,,,,,,15977400.0
7a026086-b67,plr_a721eda9,2022_2023,2022-07-01,42091000.0,17.555344522835068,,,UNKNOWN,0,0,0,,,7,1,,,,,,,,,,,,0.0
d3f1c7a0-de6,plr_9155d2f9,2022_2023,2022-07-01,1030800.0,13.845846727880172,,,UNKNOWN,1,31,0,,,7,1,,,,,,,,,,,,0.0
b430923c-fde,plr_f2656ff8,2022_2023,2022-07-01,14603000.0,16.496737613501686,,,UNKNOWN,0,0,0,,,7,1,,,,,,,,,,,,0.0
d4a6141e-ada,plr_fd9d3388,2022_2023,2022-07-01,14603000.0,16.496737613501686,,,UNKNOWN,0,0,0,,,7,1,,,,,,,,,,,,0.0
41a4c4dc-264,plr_8c9c153b,2022_2023,2022-07-01,12026000.0,16.302581613734816,,,UNKNOWN,0,0,0,,,7,1,,,,,,,,,,,,0.0
5e20c94d-7fa,plr_43e9fe5e,2022_2023,2022-07-01,859000.0,13.663525365110068,,,UNKNOWN,0,0,0,,,7,1,,,,,,,,,,,,0.0
de90c820-e57,plr_b4e4af94,2022_2023,2022-07-01,73015000.0,18.106175471152525,,,UNKNOWN,0,0,0,,,7,1,,,,,,,,,,,,0.0
675e1599-c45,plr_083e8f8c,2022_2023,2022-07-01,36078000.0,17.401193846967484,,,UNKNOWN,0,0,0,,,7,1,,,,,,,,,,,,0.0
4e4560aa-4e0,plr_369f7aa4,2022_2023,2022-07-01,27488000.0,17.12926014014563,,,UNKNOWN,0,0,0,,,7,1,,,,,,,,,,,,0.0
a2de6620-d33,plr_7cdbe839,2022_2023,2022-07-01,17180000.0,16.6592565327276,,,UNKNOWN,2,0,0,,,7,1,,,,,,,,,,,,0.0
3873b8e5-7ca,plr_15e42035,2022_2023,2022-07-01,12885000.0,16.371574479678223,,,UNKNOWN,3,0,0,,,7,1,,,,,,,,,,,,7301500.0
9e64cdc6-baa,plr_8928fbe8,2022_2023,2022-07-01,3521900.0,15.074511458614262,,,UNKNOWN,2,0,0,,,7,1,,,,,,,,,,,,1589150.0
3590e033-6c1,plr_743f11e3,2022_2023,2022-07-01,51540000.0,17.757868782590897,,,UNKNOWN,0,0,0,,,7,1,,,,,,,,,,,,0.0
5cb9e7a9-e07,plr_5f74ad5e,2022_2023,2022-07-01,17180000.0,16.6592565327276,,,UNKNOWN,0,0,0,,,7,1,,,,,,,,,,,,0.0
86e25179-44b,plr_f488807b,2022_2023,2022-07-01,12885000.0,16.371574479678223,,,UNKNOWN,0,0,0,,,7,1,,,,,,,,,,,,0.0
e1e0dd4e-bb1,plr_27a942ce,2022_2023,2022-07-01,9449000.0,16.061419579596063,,,UNKNOWN,0,0,0,,,7,1,,,,,,,,,,,,0.0
28def603-6d4,plr_b0b7935f,2022_2023,2022-07-01,81605000.0,18.217401104821086,,,UNKNOWN,0,0,0,,,7,1,,,,,,,,,,,,0.0
d3df952e-dde,plr_31e55f4f,2022_2023,2022-07-01,60130000.0,17.912019459646384,,,UNKNOWN,0,0,0,,,7,1,,,,,,,,,,,,0.0
36303f0a-90a,plr_ddfb14f4,2022_2023,2022-07-01,49280830.0,17.713045739872037,,,UNKNOWN,0,0,0,,,7,1,,,,,,,,,,,,0.0
863016da-945,plr_eb961dc8,2022_2023,2022-07-01,12885000.0,16.371574479678223,,,UNKNOWN,0,0,0,,,7,1,,,,,,,,,,,,0.0
40b033c1-89b,plr_34c056af,2022_2023,2022-07-01,1503250.0,14.223140654126938,,,UNKNOWN,3,0,0,,,7,1,,,,,,,,,,,,0.0
6de97bf6-13d,plr_c36031eb,2022_2023,2022-07-01,66572500.0,18.013802152346912,,,UNKNOWN,0,0,0,,,7,1,,,,,,,,,,,,0.0
95d7cb54-80a,plr_5d79e2b1,2022_2023,2022-07-01,31783000.0,17.274442145073976,,,UNKNOWN,0,0,0,,,7,1,,,,,,,,,,,,0.0
e6e431e0-6c5,plr_ef5d2fde,2022_2023,2022-07-01,9878500.0,16.105871337565535,,,UNKNOWN,0,0,0,,,7,1,,,,,,,,,,,,0.0
e84fd0ba-be2,plr_abe4ca77,2022_2023,2022-07-01,5583500.0,15.5353265569671,,,UNKNOWN,0,0,0,,,7,1,,,,,,,,,,,,0.0
5ddbbebf-333,plr_f923be04,2022_2023,2022-07-01,25340500.0,17.047914503774685,,,UNKNOWN,2,0,0,,,7,1,,,,,,,,,,,,0.0
9cab31b4-ee4,plr_258eb7b1,2022_2023,2022-07-01,17609500.0,16.683949143898282,,,UNKNOWN,5,0,0,,,7,1,,,,,,,,,,,,0.0
0422eec4-69d,plr_86bfa973,2022_2023,2022-07-01,17180000.0,16.6592565327276,,,UNKNOWN,1,0,0,,,7,1,,,,,,,,,,,,31783000.0
3e5d55b6-ccb,plr_f2484e59,2022_2023,2022-07-01,12713200.0,16.35815146039486,,,UNKNOWN,1,0,0,,,7,1,,,,,,,,,,,,3432000.0
b383fda9-b7f,plr_c38c3812,2022_2023,2022-07-01,11854200.0,16.288192877487834,,,UNKNOWN,0,0,0,,,7,1,,,,,,,,,,,,0.0
bcaf079f-1e9,plr_c9ffeb47,2022_2023,2022-07-01,11167000.0,16.22847364797749,,,UNKNOWN,0,0,0,,,7,1,,,,,,,,,,,,0.0
e7daecc5-01a,plr_839c3a69,2022_2023,2022-07-01,8590000.0,15.966109410374866,,,UNKNOWN,0,0,0,,,7,1,,,,,,,,,,,,0.0
9bea1f1f-3b5,plr_81c3b0e0,2022_2023,2022-07-01,8074600.0,15.904234014087487,,,UNKNOWN,0,0,0,,,7,1,,,,,,,,,,,,0.0
fb9aa658-af2,plr_fee57bcd,2022_2023,2022-07-01,7301500.0,15.803590501420812,,,UNKNOWN,1,0,0,,,7,1,,,,,,,,,,,,0.0
6e61787f-c3c,plr_19f13fa1,2022_2023,2022-07-01,7129700.0,15.779779856027291,,,UNKNOWN,0,0,0,,,7,1,,,,,,,,,,,,0.0
77315422-539,plr_976373c5,2022_2023,2022-07-01,3436000.0,15.049818853122328,,,UNKNOWN,0,0,0,,,7,1,,,,,,,,,,,,0.0
a11c7099-3e2,plr_ccd9271d,2022_2023,2022-07-01,2233400.0,14.619036093741556,,,UNKNOWN,1,0,0,,,7,1,,,,,,,,,,,,10308000.0
22c33bf4-b3b,plr_6364d1c0,2022_2023,2022-07-01,2061600.0,14.538993423380322,,,UNKNOWN,0,0,0,,,7,1,,,,,,,,,,,,0.0
d4b02890-29b,plr_90b9a28f,2022_2023,2022-07-01,1975700.0,14.496433830051087,,,UNKNOWN,0,0,0,,,7,1,,,,,,,,,,,,0.0
c32468d4-7e5,plr_146bf8db,2022_2023,2022-07-01,1975700.0,14.496433830051087,,,UNKNOWN,0,0,0,,,7,1,,,,,,,,,,,,0.0
240e090b-54e,plr_92208eb3,2022_2023,2022-07-01,816050.0,13.612232131993201,,,UNKNOWN,0,0,0,,,7,1,,,,,,,,,,,,0.0
9cb10191-2ab,plr_fff873a6,2022_2023,2022-07-01,4295000.0,15.272962346229336,,,UNKNOWN,0,0,0,,,7,1,,,,,,,,,,,,0.0
fde8a017-8de,plr_49361735,2022_2023,2022-07-01,21475000.0,16.882400072400365,,,UNKNOWN,0,0,0,,,7,1,,,,,,,,,,,,0.0
66fbf265-2d7,plr_c164bf16,2022_2023,2022-07-01,19121340.0,16.76631559911138,,,UNKNOWN,0,0,0,,,7,1,,,,,,,,,,,,0.0
00809ca8-46a,plr_c8338009,2022_2023,2022-07-01,15462000.0,16.55389602353724,,,UNKNOWN,0,0,0,,,7,1,,,,,,,,,,,,0.0
4fb31e7d-ee4,plr_4594390e,2022_2023,2022-07-01,12026000.0,16.302581613734816,,,UNKNOWN,0,0,0,,,7,1,,,,,,,,,,,,0.0
9e9e17de-177,plr_1c626aa9,2022_2023,2022-07-01,11725350.0,16.277263807882658,,,UNKNOWN,0,0,0,,,7,1,,,,,,,,,,,,0.0
cdb699ff-8c6,plr_ca91e899,2022_2023,2022-07-01,10308000.0,16.148430947766418,,,UNKNOWN,0,0,0,,,7,1,,,,,,,,,,,,0.0
d33a7269-36d,plr_a752b37f,2022_2023,2022-07-01,9878500.0,16.105871337565535,,,UNKNOWN,0,0,0,,,7,1,,,,,,,,,,,,0.0
bddae300-891,plr_187bdc22,2022_2023,2022-07-01,7043800.0,15.767658497205414,,,UNKNOWN,0,0,0,,,7,1,,,,,,,,,,,,0.0
2af470d1-892,plr_8a50a8b2,2022_2023,2022-07-01,6872000.0,15.742965888164262,,,UNKNOWN,0,0,0,,,7,1,,,,,,,,,,,,0.0
fe151bd9-c29,plr_cc7031e4,2022_2023,2022-07-01,6872000.0,15.742965888164262,,,UNKNOWN,0,0,0,,,7,1,,,,,,,,,,,,0.0
d91d706a-cf2,plr_64b43756,2022_2023,2022-07-01,6013000.0,15.609434516328028,,,UNKNOWN,0,0,0,,,7,1,,,,,,,,,,,,0.0
538583b8-7d9,plr_15767602,2022_2023,2022-07-01,4939250.0,15.412724258235519,,,UNKNOWN,0,0,0,,,7,1,,,,,,,,,,,,0.0
bf994641-1b5,plr_0e0549a0,2022_2023,2022-07-01,730150.0,13.501006641049273,,,UNKNOWN,3,0,0,,,7,1,,,,,,,,,,,,0.0
66c31e00-40d,plr_aba740bb,2022_2023,2022-07-01,4724500.0,15.368272504867406,,,UNKNOWN,0,0,0,,,7,1,,,,,,,,,,,,0.0
3b937c34-bb8,plr_2bf05d91,2022_2023,2022-07-01,46214200.0,17.6487976897725,,,UNKNOWN,1,0,0,,,7,1,,,,,,,,,,,,0.0
df22706a-929,plr_7394369c,2022_2023,2022-07-01,15462000.0,16.55389602353724,,,UNKNOWN,0,0,0,,,7,1,,,,,,,,,,,,0.0
a966c0e6-362,plr_daa9173b,2022_2023,2022-07-01,12627300.0,16.351371773944575,,,UNKNOWN,0,0,0,,,7,1,,,,,,,,,,,,0.0
b1872de7-5b3,plr_2ccc3a8c,2022_2023,2022-07-01,26843750.0,17.105543614401423,,,UNKNOWN,1,0,0,,,7,1,,,,,,,,,,,,25770000.0
870fe68c-713,plr_e81737e0,2022_2023,2022-07-01,6013000.0,15.609434516328028,,,UNKNOWN,4,0,0,,,7,1,,,,,,,,,,,,0.0
e531b51c-e16,plr_6f8873f6,2022_2023,2022-07-01,36894050.0,17.4235608765013,,,UNKNOWN,0,0,0,,,7,1,,,,,,,,,,,,0.0
94e10ca9-d26,plr_5763865f,2022_2023,2022-07-01,33157400.0,17.31677650759636,,,UNKNOWN,0,0,0,,,7,1,,,,,,,,,,,,0.0
57dbbdea-4d9,plr_0ac41e19,2022_2023,2022-07-01,30065000.0,17.218872295717073,,,UNKNOWN,0,0,0,,,7,1,,,,,,,,,,,,0.0
bfbcf9e8-780,plr_dc2e718e,2022_2023,2022-07-01,17781300.0,16.69365795747657,,,UNKNOWN,1,0,0,,,7,1,,,,,,,,,,,,12870000.0
58e54745-b89,plr_ab7b82ee,2022_2023,2022-07-01,10308000.0,16.148430947766418,,,UNKNOWN,0,0,0,,,7,1,,,,,,,,,,,,0.0
56f2361e-b0a,plr_bc4bf056,2022_2023,2022-07-01,9148350.0,16.02908420243115,,,UNKNOWN,0,0,0,,,7,1,,,,,,,,,,,,0.0
8d2f8877-076,plr_a3e2aa57,2022_2023,2022-07-01,7988700.0,15.893538726302408,,,UNKNOWN,2,0,0,,,7,1,,,,,,,,,,,,0.0
62ca93cb-81a,plr_ea5eb2ac,2022_2023,2022-07-01,3221250.0,14.985280351387159,,,UNKNOWN,4,0,0,,,7,1,,,,,,,,,,,,1973400.0
92acb1fd-00d,plr_4585a1bc,2022_2023,2022-07-01,40716600.0,17.522146454227432,,,UNKNOWN,0,0,0,,,7,1,,,,,,,,,,,,0.0
d90faad1-bb7,plr_e6a7122f,2022_2023,2022-07-01,28003400.0,17.147836525049005,,,UNKNOWN,0,0,0,,,7,1,,,,,,,,,,,,0.0
22815b86-708,plr_a7a8e27e,2022_2023,2022-07-01,20873700.0,16.85400059922007,,,UNKNOWN,2,0,0,,,7,1,,,,,,,,,,,,12012000.0
4bb36993-d44,plr_a3cc3263,2022_2023,2022-07-01,16063300.0,16.59204778708064,,,UNKNOWN,0,0,0,,,7,1,,,,,,,,,,,,0.0
985729de-680,plr_165f55cf,2022_2023,2022-07-01,15462000.0,16.55389602353724,,,UNKNOWN,0,0,0,,,7,1,,,,,,,,,,,,0.0
42d44673-d4a,plr_33bad45f,2022_2023,2022-07-01,14345300.0,16.478932990098343,,,UNKNOWN,1,1811,5,,,7,1,1811.0,5.0,1.0,288.0,0.24848150193263388,0.049696300386526775,14.312534511319711,0.0,,,,0.0
2742cade-8b1,plr_68885946,2022_2023,2022-07-01,9449000.0,16.061419579596063,,,UNKNOWN,4,0,0,,,7,1,,,,,,,,,,,,4719000.0
72e172a6-d81,plr_4a00294e,2022_2023,2022-07-01,4295000.0,15.272962346229336,,,UNKNOWN,0,0,0,,,7,1,,,,,,,,,,,,0.0
f30ffbb0-fde,plr_ad4b306b,2022_2023,2022-07-01,47245.0,10.763123273253704,,,UNKNOWN,0,0,0,,,7,1,,,,,,,,,,,,0.0
de1f722f-1e8,plr_e535da10,2022_2023,2022-07-01,489630.0,13.101407325169282,,,UNKNOWN,4,0,0,,,7,1,,,,,,,,,,,,0.0
c1a7dd08-e58,plr_c58a7cc8,2023_2024,2023-07-01,100159400.0,18.42227348486687,,,UNKNOWN,0,0,0,,,7,1,,,,,,,,,,,,0.0
54d45369-044,plr_2252608f,2023_2024,2023-07-01,64425000.0,17.981012330024626,,,UNKNOWN,1,0,0,,,7,1,,,,,,,,,,,,85900000.0
88201ceb-dfe,plr_0f516e73,2023_2024,2023-07-01,34360000.0,17.352403684183937,,,UNKNOWN,0,0,0,,,7,1,,,,,,,,,,,,0.0
dac86c95-f54,plr_092d4d51,2023_2024,2023-07-01,12885000.0,16.371574479678223,,,UNKNOWN,0,0,0,,,7,1,,,,,,,,,,,,0.0
9e95e3b7-1fc,plr_92735ac1,2023_2024,2023-07-01,7000850.0,15.761542271058952,,,UNKNOWN,1,0,0,,,7,1,,,,,,,,,,,,5068100.0
a48bf9eb-2c0,plr_8ba079eb,2023_2024,2023-07-01,4982200.0,15.42138231923329,,,UNKNOWN,2,0,0,,,7,1,,,,,,,,,,,,1544400.0
4583de3d-da9,plr_5d6c7016,2023_2024,2023-07-01,1030800.0,13.845846727880172,,,UNKNOWN,0,0,0,,,7,1,,,,,,,,,,,,0.0
c8a18ddb-8e1,plr_a3eb9585,2023_2024,2023-07-01,47245000.0,17.670857407365123,,,UNKNOWN,0,0,0,,,7,1,,,,,,,,,,,,0.0
0e3a0ef8-4c3,plr_37e7e6b0,2023_2024,2023-07-01,28347000.0,17.160031797709973,,,UNKNOWN,0,0,0,,,7,1,,,,,,,,,,,,0.0
f8777772-41f,plr_54dd31eb,2023_2024,2023-07-01,28347000.0,17.160031797709973,,,UNKNOWN,0,0,0,,,7,1,,,,,,,,,,,,0.0
b3d42ec8-865,plr_96f63892,2023_2024,2023-07-01,6528400.0,15.691672601435554,,,UNKNOWN,0,0,0,,,7,1,,,,,,,,,,,,0.0
a29e5b73-0cb,plr_c1a55ea2,2023_2024,2023-07-01,1288500.0,14.068990085170492,,,UNKNOWN,0,0,0,,,7,1,,,,,,,,,,,,0.0
78b4abec-93e,plr_f4399801,2023_2024,2023-07-01,18511450.0,16.733900071536766,,,UNKNOWN,2,0,0,,,7,1,,,,,,,,,,,,0.0
00e671e3-17e,plr_8c04f363,2023_2024,2023-07-01,4982200.0,15.42138231923329,,,UNKNOWN,2,0,0,,,7,1,,,,,,,,,,,,0.0
1051ce12-c8f,plr_73c60311,2023_2024,2023-07-01,2491100.0,14.728235339387828,,,UNKNOWN,2,0,0,,,7,1,,,,,,,,,,,,10308000.0
fe100021-3a6,plr_8fbffa8e,2023_2024,2023-07-01,1975700.0,14.496433830051087,,,UNKNOWN,2,0,0,,,7,1,,,,,,,,,,,,0.0
149e24ad-a8d,plr_57cee665,2023_2024,2023-07-01,23107100.0,16.955650530850928,,,UNKNOWN,1,0,0,,,7,1,,,,,,,,,,,,14603000.0
a8ffc014-817,plr_16bb55cb,2023_2024,2023-07-01,22007580.0,16.90689754287387,,,UNKNOWN,1,0,0,,,7,1,,,,,,,,,,,,0.0
a2477645-d2f,plr_ddf1826b,2023_2024,2023-07-01,19757000.0,16.799018467510514,,,UNKNOWN,0,0,0,,,7,1,,,,,,,,,,,,0.0
ef1e72e6-f58,plr_ba448454,2023_2024,2023-07-01,17583730.0,16.682484657510344,,,UNKNOWN,0,0,0,,,7,1,,,,,,,,,,,,0.0
dc64d863-a7a,plr_7e8f4b6a,2023_2024,2023-07-01,12885000.0,16.371574479678223,,,UNKNOWN,0,0,0,,,7,1,,,,,,,,,,,,0.0
6347e4a2-fc8,plr_99db3db7,2023_2024,2023-07-01,9277200.0,16.043070442887704,,,UNKNOWN,0,0,0,,,7,1,,,,,,,,,,,,0.0
94fcbc7b-314,plr_641cfebf,2023_2024,2023-07-01,6957900.0,15.7553884063663,,,UNKNOWN,0,0,0,,,7,1,,,,,,,,,,,,0.0
509a457d-baa,plr_0505158f,2023_2024,2023-07-01,1288500.0,14.068990085170492,,,UNKNOWN,1,0,0,,,7,1,,,,,,,,,,,,0.0
c190c494-247,plr_a7a8e27e,2023_2024,2023-07-01,23064150.0,16.953790065278596,,,UNKNOWN,3,0,0,,,7,1,,,,,,,,,,,,20873700.0
35c262bf-5e3,plr_75544f5c,2023_2024,2023-07-01,21475000.0,16.882400072400365,,,UNKNOWN,1,0,0,,,7,1,,,,,,,,,,,,0.0
a497fb5a-9c2,plr_3141a054,2023_2024,2023-07-01,11167000.0,16.22847364797749,,,UNKNOWN,0,0,0,,,7,1,,,,,,,,,,,,0.0
541ada00-87e,plr_ab1de22b,2023_2024,2023-07-01,3865500.0,15.167601856441378,,,UNKNOWN,0,0,0,,,7,1,,,,,,,,,,,,0.0
e1d3b799-e43,plr_98abebb1,2023_2024,2023-07-01,2577000.0,14.762136877682545,,,UNKNOWN,0,0,0,,,7,1,,,,,,,,,,,,0.0
e2d71403-851,plr_484684f5,2023_2024,2023-07-01,429500.0,12.970379348692445,,,UNKNOWN,3,0,0,,,7,1,,,,,,,,,,,,0.0
0ebd5d0d-2e0,plr_90719632,2023_2024,2023-07-01,29377800.0,17.19574987907426,,,UNKNOWN,1,0,0,,,7,1,,,,,,,,,,,,9878500.0
17bc8516-81d,plr_eb4affae,2023_2024,2023-07-01,23193000.0,16.95936111008718,,,UNKNOWN,0,0,0,,,7,1,,,,,,,,,,,,0.0
9d2f0e80-c85,plr_e531d698,2023_2024,2023-07-01,17180000.0,16.6592565327276,,,UNKNOWN,0,0,0,,,7,1,,,,,,,,,,,,0.0
69183272-1b8,plr_b40721dd,2023_2024,2023-07-01,14173500.0,16.46688465242713,,,UNKNOWN,0,0,0,,,7,1,,,,,,,,,,,,0.0
483c60a8-cbb,plr_b07ff5f6,2023_2024,2023-07-01,7859850.0,15.877278207482705,,,UNKNOWN,0,0,0,,,7,1,,,,,,,,,,,,0.0
0a43fd85-e79,plr_c795f503,2023_2024,2023-07-01,99644000.0,18.417114402108485,,,UNKNOWN,2,0,0,,,7,1,,,,,,,,,,,,24223800.0
f6f4f29e-f60,plr_fac1aa20,2023_2024,2023-07-01,36078000.0,17.401193846967484,,,UNKNOWN,2,0,0,,,7,1,,,,,,,,,,,,6872000.0
a0ab3e18-023,plr_9a1ef932,2023_2024,2023-07-01,19757000.0,16.799018467510514,,,UNKNOWN,1,0,0,,,7,1,,,,,,,,,,,,0.0
896898a3-710,plr_13d6ceb8,2023_2024,2023-07-01,1159650.0,13.96362965574551,,,UNKNOWN,3,0,0,,,7,1,,,,,,,,,,,,0.0
37127a1a-9df,plr_f131bb57,2023_2024,2023-07-01,15977400.0,16.58668584427395,,,UNKNOWN,0,0,0,,,7,1,,,,,,,,,,,,0.0
3bb372b0-b9c,plr_e6fd72e4,2023_2024,2023-07-01,14860700.0,16.514230769761706,,,UNKNOWN,0,0,0,,,7,1,,,,,,,,,,,,0.0
f34335b9-be4,plr_50585d71,2023_2024,2023-07-01,14130550.0,16.463849748946423,,,UNKNOWN,1,0,0,,,7,1,,,,,,,,,,,,0.0
52634dec-2b9,plr_79fba9f2,2023_2024,2023-07-01,12885000.0,16.371574479678223,,,UNKNOWN,0,0,0,,,7,1,,,,,,,,,,,,0.0
26785b01-d8c,plr_f0b96748,2023_2024,2023-07-01,11940100.0,16.295413124854427,,,UNKNOWN,1,0,0,,,7,1,,,,,,,,,,,,21475000.0
518464b2-459,plr_5d684fab,2023_2024,2023-07-01,10308000.0,16.148430947766418,,,UNKNOWN,0,0,0,,,7,1,,,,,,,,,,,,0.0
d9ca42ca-44d,plr_c828877d,2023_2024,2023-07-01,6700200.0,15.717648083911204,,,UNKNOWN,0,0,0,,,7,1,,,,,,,,,,,,0.0
99156671-3f7,plr_cd2c67e2,2023_2024,2023-07-01,3436000.0,15.049818853122328,,,UNKNOWN,2,0,0,,,7,1,,,,,,,,,,,,1716000.0
6c78d2dd-766,plr_4c1ff445,2023_2024,2023-07-01,2577000.0,14.762136877682545,,,UNKNOWN,0,0,0,,,7,1,,,,,,,,,,,,0.0
e8492213-f08,plr_1da0af35,2023_2024,2023-07-01,2577000.0,14.762136877682545,,,UNKNOWN,0,0,0,,,7,1,,,,,,,,,,,,0.0
dd18e047-15c,plr_676b11d7,2023_2024,2023-07-01,1975700.0,14.496433830051087,,,UNKNOWN,1,0,0,,,7,1,,,,,,,,,,,,0.0
3a256fc2-211,plr_c164bf16,2023_2024,2023-07-01,53343900.0,17.792270208652113,,,UNKNOWN,1,0,0,,,7,1,,,,,,,,,,,,19121340.0
ab79133e-8bd,plr_beb30cf4,2023_2024,2023-07-01,51540000.0,17.757868782590897,,,UNKNOWN,0,0,0,,,7,1,,,,,,,,,,,,0.0
4d87fc6f-7cc,plr_92807238,2023_2024,2023-07-01,40373000.0,17.513671827445478,,,UNKNOWN,2,0,0,,,7,1,,,,,,,,,,,,0.0
f07c058e-6f4,plr_0aa2751b,2023_2024,2023-07-01,38655000.0,17.470186716606587,,,UNKNOWN,0,0,0,,,7,1,,,,,,,,,,,,0.0
871ddf95-99e,plr_9b9c9277,2023_2024,2023-07-01,31783000.0,17.274442145073976,,,UNKNOWN,0,0,0,,,7,1,,,,,,,,,,,,0.0
a83bc9b7-a13,plr_3a536250,2023_2024,2023-07-01,23193000.0,16.95936111008718,,,UNKNOWN,0,0,0,,,7,1,,,,,,,,,,,,0.0
4b575ca4-647,plr_e342963b,2023_2024,2023-07-01,13744000.0,16.436112995965193,,,UNKNOWN,0,0,0,,,7,1,,,,,,,,,,,,0.0
4e292529-63f,plr_af7510cc,2023_2024,2023-07-01,12885000.0,16.371574479678223,,,UNKNOWN,0,0,0,,,7,1,,,,,,,,,,,,0.0
757fefc7-363,plr_22960927,2023_2024,2023-07-01,58154300.0,17.878610398080255,,,UNKNOWN,1,0,0,,,7,1,,,,,,,,,,,,0.0
ccc720a4-df5,plr_99a11ace,2023_2024,2023-07-01,24996900.0,17.0342624151488,,,UNKNOWN,2,0,0,,,7,1,,,,,,,,,,,,38655000.0
1398d45f-0c2,plr_b44b069c,2023_2024,2023-07-01,19757000.0,16.799018467510514,,,UNKNOWN,1,1798,2,,,7,1,1798.0,2.0,1.0,408.0,0.10011123470522804,0.05005561735261402,20.42269187986652,0.0,,,,35992100.0
25b29d50-7ca,plr_5fb12128,2023_2024,2023-07-01,17867200.0,16.69847724364214,,,UNKNOWN,2,0,0,,,7,1,,,,,,,,,,,,54976000.0
3b8739b0-dac,plr_6b8810ff,2023_2024,2023-07-01,16235100.0,16.602686184626926,,,UNKNOWN,1,0,0,,,7,1,,,,,,,,,,,,0.0
cf10daeb-01a,plr_c361f5d5,2023_2024,2023-07-01,15891500.0,16.58129499597739,,,UNKNOWN,1,0,0,,,7,1,,,,,,,,,,,,20616000.0
54303dfe-bf2,plr_d713726c,2023_2024,2023-07-01,18124900.0,16.71279729662113,,,UNKNOWN,0,0,0,,,7,1,,,,,,,,,,,,0.0
6c68620a-e1e,plr_5598270c,2023_2024,2023-07-01,17180000.0,16.6592565327276,,,UNKNOWN,0,0,0,,,7,1,,,,,,,,,,,,0.0
a768ded3-e56,plr_7bf6790c,2023_2024,2023-07-01,15032500.0,16.525725148418392,,,UNKNOWN,3,0,0,,,7,1,,,,,,,,,,,,0.0
ba32148b-3e6,plr_b960d849,2023_2024,2023-07-01,6872000.0,15.742965888164262,,,UNKNOWN,0,0,0,,,7,1,,,,,,,,,,,,0.0
464c2457-cf4,plr_403591be,2023_2024,2023-07-01,21475000.0,16.882400072400365,,,UNKNOWN,0,0,0,,,7,1,,,,,,,,,,,,0.0
edc76c96-c3d,plr_cf6cbffb,2023_2024,2023-07-01,10737500.0,16.18925293840619,,,UNKNOWN,0,0,0,,,7,1,,,,,,,,,,,,0.0
6ab92dd8-ab6,plr_0f6c67f6,2023_2024,2023-07-01,22076300.0,16.910015238165013,,,UNKNOWN,1,0,0,,,7,1,,,,,,,,,,,,26113600.0
1e9bbf8d-59f,plr_fd24b1dc,2023_2024,2023-07-01,7988700.0,15.893538726302408,,,UNKNOWN,2,0,0,,,7,1,,,,,,,,,,,,1716000.0
773db062-c86,plr_c2cb7679,2023_2024,2023-07-01,7559200.0,15.838276054739676,,,UNKNOWN,1,0,0,,,7,1,,,,,,,,,,,,0.0
07311857-295,plr_872c17e5,2023_2024,2023-07-01,6013000.0,15.609434516328028,,,UNKNOWN,1,0,0,,,7,1,,,,,,,,,,,,0.0
09ea30e8-7d1,plr_de2041af,2023_2024,2023-07-01,19327500.0,16.777039561916514,,,UNKNOWN,0,0,0,,,7,1,,,,,,,,,,,,0.0
74b04fa1-962,plr_062aad17,2023_2024,2023-07-01,11167000.0,16.22847364797749,,,UNKNOWN,1,0,0,,,7,1,,,,,,,,,,,,17953100.0
72bef236-ca4,plr_b552a30b,2023_2024,2023-07-01,5497600.0,15.519822373229557,,,UNKNOWN,2,0,0,,,7,1,,,,,,,,,,,,32642000.0
4a4e6b16-591,plr_0dcfd3d8,2023_2024,2023-07-01,747330.0,13.524263471728949,,,UNKNOWN,0,0,0,,,7,1,,,,,,,,,,,,0.0
6e3dfb53-1ae,plr_d84f0880,2023_2024,2023-07-01,45183400.0,17.626240342842078,,,UNKNOWN,1,0,0,,,7,1,,,,,,,,,,,,21217300.0
50d0dc1a-b44,plr_23598da1,2023_2024,2023-07-01,60130000.0,17.912019459646384,,,UNKNOWN,0,0,0,,,7,1,,,,,,,,,,,,0.0
7e13a033-88d,plr_04cb4d7a,2023_2024,2023-07-01,34360000.0,17.352403684183937,,,UNKNOWN,0,0,0,,,7,1,,,,,,,,,,,,0.0
2b026b09-943,plr_3265d6f8,2023_2024,2023-07-01,17180000.0,16.6592565327276,,,UNKNOWN,0,0,0,,,7,1,,,,,,,,,,,,0.0
6962df7c-381,plr_635487b3,2023_2024,2023-07-01,40115300.0,17.50726839056939,,,UNKNOWN,1,0,0,,,7,1,,,,,,,,,,,,38655000.0
073a0ba3-5c9,plr_538f7a82,2023_2024,2023-07-01,12026000.0,16.302581613734816,,,UNKNOWN,0,0,0,,,7,1,,,,,,,,,,,,0.0
bf1db271-70f,plr_81bd3dec,2023_2024,2023-07-01,5025150.0,15.429966061209173,,,UNKNOWN,5,0,0,,,7,1,,,,,,,,,,,,0.0
fbbf1467-5fc,plr_34c056af,2023_2024,2023-07-01,4037300.0,15.211086957372663,,,UNKNOWN,4,0,0,,,7,1,,,,,,,,,,,,1503250.0
f361a6a7-825,plr_c9efd2e5,2023_2024,2023-07-01,3006500.0,14.916287502074377,,,UNKNOWN,0,0,0,,,7,1,,,,,,,,,,,,0.0
ec9f8db1-38a,plr_f7afba62,2023_2024,2023-07-01,2491100.0,14.728235339387828,,,UNKNOWN,0,0,0,,,7,1,,,,,,,,,,,,0.0
169df465-7ca,plr_49f86cd2,2023_2024,2023-07-01,2491100.0,14.728235339387828,,,UNKNOWN,0,0,0,,,7,1,,,,,,,,,,,,0.0
82142c44-d86,plr_2ec535be,2023_2024,2023-07-01,1718000.0,14.356671963598345,,,UNKNOWN,0,0,0,,,7,1,,,,,,,,,,,,0.0
c8e642f5-519,plr_aef36d8c,2023_2024,2023-07-01,987850.0,13.803287155640477,,,UNKNOWN,0,0,0,,,7,1,,,,,,,,,,,,0.0
68ecbe05-a7d,plr_e371e0b1,2023_2024,2023-07-01,257700.0,12.459555277114108,,,UNKNOWN,0,0,0,,,7,1,,,,,,,,,,,,0.0
a052ab50-560,plr_7389369a,2023_2024,2023-07-01,77310000.0,18.163333884231594,,,UNKNOWN,0,0,0,,,7,1,,,,,,,,,,,,0.0
8f93dd81-dd9,plr_4585a1bc,2023_2024,2023-07-01,53258000.0,17.790658604788007,,,UNKNOWN,1,0,0,,,7,1,,,,,,,,,,,,40716600.0
bacb1d89-3e4,plr_65d1cc40,2023_2024,2023-07-01,51540000.0,17.757868782590897,,,UNKNOWN,0,0,0,,,7,1,,,,,,,,,,,,0.0
a1456446-587,plr_f9e1792c,2023_2024,2023-07-01,15891500.0,16.58129499597739,,,UNKNOWN,0,0,0,,,7,1,,,,,,,,,,,,0.0
97b617ee-df7,plr_8aea0b2c,2023_2024,2023-07-01,30065000.0,17.218872295717073,,,UNKNOWN,1,0,0,,,7,1,,,,,,,,,,,,58240200.0
efb66352-d0b,plr_e05b1e07,2023_2024,2023-07-01,23622500.0,16.97771024797144,,,UNKNOWN,0,0,0,,,7,1,,,,,,,,,,,,0.0
d0c943b3-3ef,plr_4f9047c3,2023_2024,2023-07-01,68548200.0,18.04304772001043,,,UNKNOWN,0,0,0,,,7,1,,,,,,,,,,,,0.0
5c101d25-6ca,plr_abaddb2c,2023_2024,2023-07-01,43121800.0,17.579539250854204,,,UNKNOWN,0,0,0,,,7,1,,,,,,,,,,,,0.0
c53108c2-c98,plr_380a5e84,2023_2024,2023-07-01,4295000.0,15.272962346229336,,,UNKNOWN,0,0,0,,,7,1,,,,,,,,,,,,0.0
7f55d193-f89,plr_075e2c29,2023_2024,2023-07-01,19696870.0,16.795970348605692,,,UNKNOWN,1,0,0,,,7,1,,,,,,,,,,,,0.0
31b7876c-abf,plr_1cfad78b,2023_2024,2023-07-01,8366660.0,15.939765438142837,,,UNKNOWN,1,0,0,,,7,1,,,,,,,,,,,,50681000.0
db115620-4e6,plr_09debe02,2023_2024,2023-07-01,859000.0,13.663525365110068,,,UNKNOWN,1,0,0,,,7,1,0.0,0.0,0.0,0.0,,,,1.0,,,,0.0
56425748-d61,plr_7585e319,2023_2024,2023-07-01,57638900.0,17.869708262293422,,,UNKNOWN,0,0,0,,,7,1,,,,,,,,,,,,0.0
58aba544-e1b,plr_0d90b276,2023_2024,2023-07-01,37796000.0,17.44771386134248,,,UNKNOWN,1,0,0,,,7,1,,,,,,,,,,,,0.0
ce3323a8-f08,plr_80976ef1,2023_2024,2023-07-01,31954800.0,17.279832993539696,,,UNKNOWN,1,0,0,,,7,1,,,,,,,,,,,,22479600.0
4a02c501-b89,plr_0daa5684,2023_2024,2023-07-01,6872000.0,15.742965888164262,,,UNKNOWN,0,0,0,,,7,1,,,,,,,,,,,,0.0
74ca4185-f1a,plr_40f7b308,2023_2024,2023-07-01,23364800.0,16.966741217067767,,,UNKNOWN,1,0,0,,,7,1,,,,,,,,,,,,15462000.0
ccb018bf-1a5,plr_d11e0488,2023_2024,2023-07-01,343600.0,12.747236379448887,,,UNKNOWN,2,0,0,,,7,1,,,,,,,,,,,,0.0
396f0f67-5b0,plr_2f0b8d54,2023_2024,2023-07-01,30065000.0,17.218872295717073,,,UNKNOWN,0,0,0,,,7,1,,,,,,,,,,,,0.0
5b2ac98a-f23,plr_4e219dd4,2023_2024,2023-07-01,11038150.0,16.21686810290251,,,UNKNOWN,0,0,0,,,7,1,,,,,,,,,,,,0.0
595d9283-c38,plr_9671e413,2023_2024,2023-07-01,10308000.0,16.148430947766418,,,UNKNOWN,0,0,0,,,7,1,,,,,,,,,,,,0.0
019aa3fb-1af,plr_0eed48d8,2023_2024,2023-07-01,5712350.0,15.55814123069344,,,UNKNOWN,0,0,0,,,7,1,,,,,,,,,,,,0.0
6aefa8f8-a44,plr_232a423a,2023_2024,2023-07-01,5583500.0,15.5353265569671,,,UNKNOWN,1,0,0,,,7,1,,,,,,,,,,,,0.0
b926979b-67a,plr_01d46179,2023_2024,2023-07-01,4209100.0,15.252759643663426,,,UNKNOWN,0,0,0,,,7,1,,,,,,,,,,,,0.0
e5b70e53-5e4,plr_171da95d,2023_2024,2023-07-01,47245000.0,17.670857407365123,,,UNKNOWN,0,0,0,,,7,1,,,,,,,,,,,,0.0
1b2925bc-5f8,plr_a1f4d6e6,2023_2024,2023-07-01,4982200.0,15.42138231923329,,,UNKNOWN,1,0,0,,,7,1,,,,,,,,,,,,0.0
46ae5564-9d8,plr_f8c45e74,2023_2024,2023-07-01,3092400.0,14.944458369801836,,,UNKNOWN,1,0,0,,,7,1,,,,,,,,,,,,0.0
1b5e0286-0c8,plr_ccef0fa9,2023_2024,2023-07-01,85900.0,11.360950749348124,,,UNKNOWN,2,0,0,,,7,1,,,,,,,,,,,,0.0
1cd01e80-531,plr_5b9df6dd,2023_2024,2023-07-01,14860700.0,16.514230769761706,,,UNKNOWN,0,0,0,,,7,1,,,,,,,,,,,,0.0
eed8876e-c4a,plr_6bcf7a1c,2023_2024,2023-07-01,10737500.0,16.18925293840619,,,UNKNOWN,0,0,0,,,7,1,,,,,,,,,,,,0.0
6c4749c8-a5d,plr_4226a059,2023_2024,2023-07-01,3951400.0,15.18958075753627,,,UNKNOWN,0,0,0,,,7,1,,,,,,,,,,,,0.0
39c81c44-b25,plr_6df733ee,2023_2024,2023-07-01,2319300.0,14.656776405141159,,,UNKNOWN,0,0,0,,,7,1,,,,,,,,,,,,0.0
859aa847-855,plr_63a8cc1d,2023_2024,2023-07-01,2147500.0,14.57981539849818,,,UNKNOWN,0,0,0,,,7,1,,,,,,,,,,,,0.0
c08bb3ad-1b0,plr_912b22d5,2023_2024,2023-07-01,14603000.0,16.496737613501686,,,UNKNOWN,0,0,0,,,7,1,,,,,,,,,,,,0.0
e7f5eb50-f60,plr_eddd947f,2023_2024,2023-07-01,39771700.0,17.498666187202087,,,UNKNOWN,1,0,0,,,7,1,,,,,,,,,,,,21475000.0
ab86c77a-6bf,plr_1a505566,2023_2024,2023-07-01,34360000.0,17.352403684183937,,,UNKNOWN,0,0,0,,,7,1,,,,,,,,,,,,0.0
958f5188-14a,plr_50624195,2023_2024,2023-07-01,34360000.0,17.352403684183937,,,UNKNOWN,4,0,0,,,7,1,,,,,,,,,,,,10308000.0
a82ec5c1-fec,plr_fd8827a0,2023_2024,2023-07-01,25770000.0,17.06472162143336,,,UNKNOWN,1,0,0,,,7,1,,,,,,,,,,,,0.0
9365b7f5-204,plr_7fb7bda3,2023_2024,2023-07-01,24052000.0,16.99572875271818,,,UNKNOWN,0,0,0,,,7,1,,,,,,,,,,,,0.0
d8f1b517-189,plr_73f1154b,2023_2024,2023-07-01,15891500.0,16.58129499597739,,,UNKNOWN,0,0,0,,,7,1,,,,,,,,,,,,0.0
abae9b78-87a,plr_36158ad2,2023_2024,2023-07-01,12885000.0,16.371574479678223,,,UNKNOWN,0,0,0,,,7,1,,,,,,,,,,,,0.0
7208ae95-6c6,plr_72331c95,2023_2024,2023-07-01,1975700.0,14.496433830051087,,,UNKNOWN,0,0,0,,,7,1,,,,,,,,,,,,0.0
f80b66bb-f4b,plr_e1332ae8,2023_2024,2023-07-01,81605000.0,18.217401104821086,,,UNKNOWN,0,0,0,,,7,1,,,,,,,,,,,,0.0
df82fb71-ee1,plr_a602574f,2023_2024,2023-07-01,8160500.0,15.914816122114392,,,UNKNOWN,0,0,0,,,7,1,,,,,,,,,,,,0.0
f2fde5fd-12b,plr_4b5b77d4,2023_2024,2023-07-01,36937000.0,17.42472434373308,,,UNKNOWN,0,0,0,,,7,1,,,,,,,,,,,,0.0
e33527f7-065,plr_fecac8f9,2023_2024,2023-07-01,32642000.0,17.301110391328155,,,UNKNOWN,0,0,0,,,7,1,,,,,,,,,,,,0.0
0b514391-688,plr_936a5fc7,2023_2024,2023-07-01,29893200.0,17.213141621199245,,,UNKNOWN,0,0,0,,,7,1,,,,,,,,,,,,0.0
b17a3937-58d,plr_208ff36c,2023_2024,2023-07-01,17180000.0,16.6592565327276,,,UNKNOWN,3,0,0,,,7,1,,,,,,,,,,,,0.0
2887f0a3-fa7,plr_66247f29,2023_2024,2023-07-01,1503250.0,14.223140654126938,,,UNKNOWN,0,0,0,,,7,1,,,,,,,,,,,,0.0
0cbf0008-2d8,plr_5763865f,2023_2024,2023-07-01,24052000.0,16.99572875271818,,,UNKNOWN,1,0,0,,,7,1,,,,,,,,,,,,33157400.0
a8762d92-20e,plr_3ed2bd72,2023_2024,2023-07-01,6872000.0,15.742965888164262,,,UNKNOWN,1,0,0,,,7,1,,,,,,,,,,,,24052000.0
10aca4b0-535,plr_75c2eaf5,2023_2024,2023-07-01,996440.0,13.811945209656882,,,UNKNOWN,3,0,0,,,7,1,,,,,,,,,,,,0.0
3890aacc-5bd,plr_7a0db8a2,2023_2024,2023-07-01,42950000.0,17.575547229677426,,,UNKNOWN,1,0,0,,,7,1,,,,,,,,,,,,0.0
bed0624d-1b6,plr_3bed0738,2023_2024,2023-07-01,12885000.0,16.371574479678223,,,UNKNOWN,0,0,0,,,7,1,,,,,,,,,,,,0.0
f017d2a2-683,plr_38bfb522,2023_2024,2023-07-01,10308000.0,16.148430947766418,,,UNKNOWN,0,0,0,,,7,1,,,,,,,,,,,,0.0
b0c96c32-11c,plr_dd07a55c,2023_2024,2023-07-01,9449000.0,16.061419579596063,,,UNKNOWN,1,0,0,,,7,1,,,,,,,,,,,,0.0
fa5be034-2df,plr_1fb47dff,2023_2024,2023-07-01,5154000.0,15.455283864218488,,,UNKNOWN,0,0,0,,,7,1,,,,,,,,,,,,0.0
f69ae9bd-e0f,plr_99cbabdb,2023_2024,2023-07-01,47245000.0,17.670857407365123,,,UNKNOWN,0,0,0,,,7,1,,,,,,,,,,,,0.0
6d780a9d-442,plr_ba32ab70,2023_2024,2023-07-01,1202600.0,13.999997269118941,,,UNKNOWN,3,0,0,,,7,1,,,,,,,,,,,,0.0
