transfer_id,master_player_id,transfer_date,latest_valid_season,temporal_status
82119055-511,plr_c4eee7e9,2021-07-01,2020_2021,VALID
2b6e6fad-762,plr_2f940889,2021-07-01,2020_2021,VALID
97977a37-fdf,plr_4ffb3b78,2021-07-01,2020_2021,VALID
ffa1a7c8-db4,plr_0906ccc5,2021-07-01,2020_2021,VALID
3588c97f-31d,plr_db3e4d24,2021-07-01,2020_2021,VALID
bf93788f-294,plr_5160f89c,2021-07-01,2020_2021,VALID
321a29bc-6b1,plr_45a492d9,2021-07-01,2020_2021,VALID
19747108-0d9,plr_988eb4f3,2021-07-01,2020_2021,VALID
04eba971-cbb,plr_e731ddbc,2021-07-01,2020_2021,VALID
ac46a59f-63c,plr_71160be8,2021-07-01,2020_2021,VALID
13e60a1d-d09,plr_1bcba81d,2021-07-01,2020_2021,VALID
ec4674ed-96d,plr_fc6f36b5,2021-07-01,2020_2021,VALID
0915fc1e-0b6,plr_1928550d,2021-07-01,2020_2021,VALID
53dfff7d-35d,plr_a48b4fb2,2021-07-01,2020_2021,VALID
cac8916e-3b3,plr_c14e8a2b,2021-07-01,2020_2021,VALID
e363caf1-8db,plr_222d1594,2021-07-01,2020_2021,VALID
0a26fc5a-159,plr_4a74a06d,2021-07-01,2020_2021,VALID
224aea44-148,plr_5b461e8a,2021-07-01,2020_2021,VALID
fb78fcbb-ba0,plr_7f380ded,2021-07-01,2020_2021,VALID
97cbce62-ad5,plr_941baab7,2021-07-01,2020_2021,VALID
f71fd281-26f,plr_e3a48de0,2021-07-01,2020_2021,VALID
1c4c9add-10a,plr_468ef169,2021-07-01,2020_2021,VALID
e1f682d5-32b,plr_41b0be91,2021-07-01,2020_2021,VALID
878f4f22-c0a,plr_995fd80f,2021-07-01,2020_2021,VALID
3cba578e-9cc,plr_d57316b7,2021-07-01,2020_2021,VALID
4c96bda1-ef0,plr_a4ee62b6,2021-07-01,2020_2021,VALID
cd116503-52a,plr_37424213,2022-07-01,2021_2022,VALID
e59bc092-474,plr_9f38b8ab,2022-07-01,2021_2022,VALID
9f64273a-383,plr_936d4b08,2022-07-01,2021_2022,VALID
2c9aaa26-985,plr_46f563fe,2022-07-01,2021_2022,VALID
c9e763dd-8a1,plr_e899b1af,2022-07-01,2021_2022,VALID
35a63247-76d,plr_aa1755c6,2022-07-01,2021_2022,VALID
d730df5f-ee1,plr_99922704,2022-07-01,2021_2022,VALID
42e9dab6-5c1,plr_bfb02edb,2022-07-01,2021_2022,VALID
8fdb37c8-627,plr_c7261865,2022-07-01,2021_2022,VALID
78ebef7a-6d3,plr_6fde2e06,2022-07-01,2021_2022,VALID
29b4432c-897,plr_53e9be3c,2022-07-01,2021_2022,VALID
196cc48e-8b8,plr_612d6287,2022-07-01,2021_2022,VALID
f61a628c-b91,plr_76938da2,2022-07-01,2021_2022,VALID
6c5f9ca4-9e6,plr_729f0b67,2022-07-01,2021_2022,VALID
132202d8-229,plr_ce5f533e,2022-07-01,2021_2022,VALID
064d1c91-3bc,plr_9d16886f,2022-07-01,2021_2022,VALID
8887e8dc-1ad,plr_2bdec0be,2022-07-01,2021_2022,VALID
c9abcd19-ab4,plr_ea60bbd5,2022-07-01,2021_2022,VALID
41925db0-249,plr_1448516b,2022-07-01,2021_2022,VALID
f8e62b80-3f5,plr_ebe00fad,2022-07-01,2021_2022,VALID
a3d3f129-173,plr_b1e68076,2022-07-01,2021_2022,VALID
f642300d-630,plr_5409f68e,2022-07-01,2021_2022,VALID
3153c8bd-3e4,plr_f7b10493,2022-07-01,2021_2022,VALID
61f548f5-8c4,plr_93b144af,2022-07-01,2021_2022,VALID
03afc817-980,plr_e3a48de0,2022-07-01,2021_2022,VALID
7d61d29e-4a3,plr_f11c50b8,2022-07-01,2021_2022,VALID
1d3fac40-5b5,plr_9d971be1,2022-07-01,2021_2022,VALID
1c5e7f2d-82c,plr_850719ec,2022-07-01,2021_2022,VALID
0081c14b-86b,plr_5ddcbbb0,2022-07-01,2021_2022,VALID
0a404f0e-af9,plr_747bd2da,2022-07-01,2021_2022,VALID
7e225704-f33,plr_951eee39,2022-07-01,2021_2022,VALID
16404e20-33b,plr_5c9e2715,2022-07-01,2021_2022,VALID
b04321d4-23b,plr_bc9dc7eb,2022-07-01,2021_2022,VALID
1d51fb2a-2ad,plr_cb9955d4,2022-07-01,2021_2022,VALID
a32ce3d6-45e,plr_50bd12dd,2022-07-01,2021_2022,VALID
6b19fdcd-329,plr_20280659,2022-07-01,2021_2022,VALID
b05aefe1-1d2,plr_f10d6756,2022-07-01,2021_2022,VALID
3d4f6a81-7cd,plr_8d6b114b,2022-07-01,2021_2022,VALID
c325de79-ab2,plr_921e1970,2022-07-01,2021_2022,VALID
b571af7a-698,plr_9210b7c6,2022-07-01,2021_2022,VALID
fe68d863-351,plr_07829572,2022-07-01,2021_2022,VALID
6148ce1d-94d,plr_71160be8,2022-07-01,2021_2022,VALID
9ec604d2-7b0,plr_f3e594af,2022-07-01,2021_2022,VALID
f07942f6-f39,plr_92cc17a7,2023-07-01,UNKNOWN,UNKNOWN
3bf4f474-0dd,plr_4dccb5ef,2023-07-01,UNKNOWN,UNKNOWN
de4975a6-80d,plr_2a8fa7d4,2023-07-01,UNKNOWN,UNKNOWN
b3f52f5d-bc9,plr_2f273f97,2023-07-01,UNKNOWN,UNKNOWN
f5416e78-39e,plr_37424213,2023-07-01,UNKNOWN,UNKNOWN
39d59925-994,plr_4ffb3b78,2023-07-01,UNKNOWN,UNKNOWN
f621b9fa-ae2,plr_6db50417,2023-07-01,UNKNOWN,UNKNOWN
059f0b95-d48,plr_d957e627,2023-07-01,UNKNOWN,UNKNOWN
98871582-ffc,plr_754b9491,2023-07-01,UNKNOWN,UNKNOWN
c91ae815-915,plr_8c0e66a9,2023-07-01,UNKNOWN,UNKNOWN
fc583ee3-533,plr_23298e97,2023-07-01,UNKNOWN,UNKNOWN
ecbd1d06-688,plr_da75d646,2023-07-01,UNKNOWN,UNKNOWN
ae1d6962-1fb,plr_6b18b25c,2023-07-01,UNKNOWN,UNKNOWN
b8d2dd7f-f96,plr_e7e8fb9f,2023-07-01,UNKNOWN,UNKNOWN
0594abd9-938,plr_2de731b9,2023-07-01,UNKNOWN,UNKNOWN
f577b344-336,plr_ed563351,2023-07-01,UNKNOWN,UNKNOWN
f17536f5-07f,plr_ebe00fad,2023-07-01,UNKNOWN,UNKNOWN
783f2046-ea1,plr_e46371bb,2023-07-01,UNKNOWN,UNKNOWN
e19b66e6-ca8,plr_95a7f520,2023-07-01,UNKNOWN,UNKNOWN
5c535bba-c5f,plr_b5fc3b52,2023-07-01,UNKNOWN,UNKNOWN
4884d367-761,plr_9029bacd,2023-07-01,UNKNOWN,UNKNOWN
a11109c0-2e6,plr_0d2e1c82,2023-07-01,UNKNOWN,UNKNOWN
7f8b6a65-b4e,plr_0c5d5e48,2023-07-01,UNKNOWN,UNKNOWN
100463ff-79e,plr_0c621202,2023-07-01,UNKNOWN,UNKNOWN
5a631d53-2f6,plr_71160be8,2023-07-01,UNKNOWN,UNKNOWN
c77f256c-2f3,plr_6558a172,2023-07-01,UNKNOWN,UNKNOWN
89c94303-e39,plr_64fc4378,2023-07-01,UNKNOWN,UNKNOWN
369da357-6f4,plr_629610b7,2023-07-01,UNKNOWN,UNKNOWN
064e8ba8-588,plr_c8c0c305,2023-07-01,UNKNOWN,UNKNOWN
c98bfeb8-de3,plr_13c77bdd,2023-07-01,UNKNOWN,UNKNOWN
7b6bce4f-3b6,plr_1dfc1298,2023-07-01,UNKNOWN,UNKNOWN
0b5c64ab-a6f,plr_e48ec7e8,2023-07-01,UNKNOWN,UNKNOWN
557d0752-1ff,plr_13740610,2023-07-01,UNKNOWN,UNKNOWN
75e6c0de-513,plr_8d1b3359,2023-07-01,UNKNOWN,UNKNOWN
74d75744-494,plr_4cb0ff62,2023-07-01,UNKNOWN,UNKNOWN
927d363d-bc4,plr_e3f9c5b6,2023-07-01,UNKNOWN,UNKNOWN
92c68bc9-b50,plr_3238b13b,2023-07-01,UNKNOWN,UNKNOWN
4e3de709-0ac,plr_a9b3e452,2023-07-01,UNKNOWN,UNKNOWN
298f0b13-022,plr_bcfffb31,2023-07-01,UNKNOWN,UNKNOWN
3e9f28ca-9f4,plr_77a249d2,2023-07-01,UNKNOWN,UNKNOWN
89b5b76c-9d7,plr_6f459aa1,2023-07-01,UNKNOWN,UNKNOWN
9132882a-b65,plr_9bb18cac,2023-07-01,UNKNOWN,UNKNOWN
ac66b315-50f,plr_249105b5,2023-07-01,UNKNOWN,UNKNOWN
f66566b9-0ee,plr_218df882,2023-07-01,UNKNOWN,UNKNOWN
3f812091-a3e,plr_1391ea77,2023-07-01,UNKNOWN,UNKNOWN
0928c6c2-33e,plr_9f70d005,2023-07-01,UNKNOWN,UNKNOWN
11ad572a-5b7,plr_7f380ded,2023-07-01,UNKNOWN,UNKNOWN
57178725-f05,plr_d48dd460,2023-07-01,UNKNOWN,UNKNOWN
f5e42ad3-a79,plr_2c948b59,2023-07-01,UNKNOWN,UNKNOWN
96724570-d3f,plr_6365b590,2023-07-01,UNKNOWN,UNKNOWN
c0f8072b-bfc,plr_cb9955d4,2023-07-01,UNKNOWN,UNKNOWN
5788095b-60e,plr_388d98dd,2023-07-01,UNKNOWN,UNKNOWN
ac77ad59-10e,plr_cb9c7245,2023-07-01,UNKNOWN,UNKNOWN
e27bc3d0-c75,plr_4f1320bb,2023-07-01,UNKNOWN,UNKNOWN
653f301b-b9e,plr_33b7c509,2023-07-01,UNKNOWN,UNKNOWN
5e6b4db7-e4e,plr_ef576cd5,2023-07-01,UNKNOWN,UNKNOWN
74d8fa9f-757,plr_17657716,2023-07-01,UNKNOWN,UNKNOWN
86f7b7ae-19a,plr_7f2ffafa,2023-07-01,UNKNOWN,UNKNOWN
b286fefd-6ed,plr_637cffd7,2023-07-01,UNKNOWN,UNKNOWN
ad5ab5da-6c1,plr_4b7ba546,2023-07-01,UNKNOWN,UNKNOWN
82648137-1f8,plr_bfb02edb,2023-07-01,UNKNOWN,UNKNOWN
97dc83f6-503,plr_6382eea3,2023-07-01,UNKNOWN,UNKNOWN
aad1f2ef-1a3,plr_f0a0fe53,2023-07-01,UNKNOWN,UNKNOWN
7bbb21c9-ec7,plr_13d84101,2023-07-01,UNKNOWN,UNKNOWN
3857026c-1d0,plr_ad9fe8a5,2023-07-01,UNKNOWN,UNKNOWN
8457147e-75e,plr_1e0af882,2023-07-01,UNKNOWN,UNKNOWN
4dfc6262-844,plr_b50ea4e2,2023-07-01,UNKNOWN,UNKNOWN
df5d16f8-ad1,plr_864b35a4,2023-07-01,UNKNOWN,UNKNOWN
4dc6edaa-400,plr_51d21893,2023-07-01,UNKNOWN,UNKNOWN
4f7f165a-ed5,plr_4ea224fa,2023-07-01,UNKNOWN,UNKNOWN
06d8e23d-020,plr_dfa00273,2023-07-01,UNKNOWN,UNKNOWN
fa37e9f5-174,plr_c14e8a2b,2023-07-01,UNKNOWN,UNKNOWN
df555090-39c,plr_39fe690b,2023-07-01,UNKNOWN,UNKNOWN
e3aee6df-c5c,plr_405fe593,2023-07-01,UNKNOWN,UNKNOWN
0ebb715e-a15,plr_0fb15eee,2023-07-01,UNKNOWN,UNKNOWN
aabcbabe-a79,plr_2b5cdf13,2023-07-01,UNKNOWN,UNKNOWN
f70d8eb3-e7e,plr_b25117aa,2023-07-01,UNKNOWN,UNKNOWN
3b77e3a7-59b,plr_093c3e0d,2023-07-01,UNKNOWN,UNKNOWN
c11d25e8-163,plr_38fec590,2023-07-01,UNKNOWN,UNKNOWN
1fb51a00-527,plr_6f8855bd,2023-07-01,UNKNOWN,UNKNOWN
e794160d-eea,plr_a85e719b,2023-07-01,UNKNOWN,UNKNOWN
d4f1923d-a9f,plr_f4669e41,2023-07-01,UNKNOWN,UNKNOWN
e66be7a1-7d3,plr_52fc3484,2023-07-01,UNKNOWN,UNKNOWN
2b775896-7db,plr_b807fd65,2023-07-01,UNKNOWN,UNKNOWN
c2e83d56-428,plr_941baab7,2023-07-01,UNKNOWN,UNKNOWN
07402c6f-1b0,plr_f7b10493,2023-07-01,UNKNOWN,UNKNOWN
ae2b268f-151,plr_a430bb9d,2023-07-01,UNKNOWN,UNKNOWN
c59ea3a6-a8a,plr_aa04a897,2023-07-01,UNKNOWN,UNKNOWN
536f88bc-806,plr_69b32dac,2023-07-01,UNKNOWN,UNKNOWN
9731130c-b16,plr_8afd61a5,2023-07-01,UNKNOWN,UNKNOWN
1bfab133-6bf,plr_b5ad4ccb,2023-07-01,UNKNOWN,UNKNOWN
4b7ea051-4cb,plr_9f703434,2023-07-01,UNKNOWN,UNKNOWN
ce59fbce-56a,plr_046464c6,2023-07-01,UNKNOWN,UNKNOWN
00c50f34-1b7,plr_9210b7c6,2023-07-01,UNKNOWN,UNKNOWN
19afd1f1-179,plr_9d7d2bf6,2023-07-01,UNKNOWN,UNKNOWN
63c95697-971,plr_b277a08a,2023-07-01,UNKNOWN,UNKNOWN
32b0747f-047,plr_55b9d557,2023-07-01,UNKNOWN,UNKNOWN
b4e67910-2ed,plr_55d2e664,2023-07-01,UNKNOWN,UNKNOWN
54a7c189-7eb,plr_50f9d46f,2023-07-01,UNKNOWN,UNKNOWN
575c040f-fd5,plr_97778d6f,2023-07-01,UNKNOWN,UNKNOWN
4d0e500b-496,plr_83f0c09d,2023-07-01,UNKNOWN,UNKNOWN
aef1d0f1-940,plr_4047166b,2023-07-01,UNKNOWN,UNKNOWN
5535986f-79b,plr_4147f713,2023-07-01,UNKNOWN,UNKNOWN
79ba77c4-eed,plr_23d629e4,2023-07-01,UNKNOWN,UNKNOWN
242197e2-34f,plr_af533806,2023-07-01,UNKNOWN,UNKNOWN
c2510bc3-ecb,plr_5cf41944,2023-07-01,UNKNOWN,UNKNOWN
708f2de9-89c,plr_5b461e8a,2023-07-01,UNKNOWN,UNKNOWN
8d1a0e70-2f0,plr_da4360a5,2023-07-01,UNKNOWN,UNKNOWN
a862e5b1-b81,plr_8488e4d6,2023-07-01,UNKNOWN,UNKNOWN
5540c22a-81b,plr_e15da7ab,2023-07-01,UNKNOWN,UNKNOWN
a6dd40c9-b4d,plr_c9a5aa44,2023-07-01,UNKNOWN,UNKNOWN
85a07316-cd0,plr_57cd2581,2023-07-01,UNKNOWN,UNKNOWN
7a3ab7dd-1fc,plr_e0180d5f,2023-07-01,UNKNOWN,UNKNOWN
009730e1-dfc,plr_485d31f1,2023-07-01,UNKNOWN,UNKNOWN
93690fe1-2d3,plr_b7edbba9,2023-07-01,UNKNOWN,UNKNOWN
9e0960d9-9a9,plr_d60456cb,2023-07-01,UNKNOWN,UNKNOWN
3f1ce6fc-a30,plr_6b87f341,2023-07-01,UNKNOWN,UNKNOWN
96d93624-7b8,plr_60028ad9,2023-07-01,UNKNOWN,UNKNOWN
4c777a20-8c7,plr_9dbfaf8c,2023-07-01,UNKNOWN,UNKNOWN
5cbf7a66-b91,plr_c55733b8,2023-07-01,UNKNOWN,UNKNOWN
3e193199-7cd,plr_18fb12f0,2023-07-01,UNKNOWN,UNKNOWN
a3945170-0be,plr_e32d3595,2023-07-01,UNKNOWN,UNKNOWN
0e68cdbc-78a,plr_cb48d7d0,2023-07-01,UNKNOWN,UNKNOWN
1a66eba3-166,plr_bccfb951,2023-07-01,UNKNOWN,UNKNOWN
ee81ba2b-fc8,plr_67295785,2023-07-01,UNKNOWN,UNKNOWN
10df408d-131,plr_44f9fb5c,2023-07-01,UNKNOWN,UNKNOWN
48494252-ddb,plr_901fe80d,2023-07-01,UNKNOWN,UNKNOWN
778c8ebe-dd1,plr_212bfe1f,2023-07-01,UNKNOWN,UNKNOWN
23a5e05c-cd5,plr_842d3ba4,2023-07-01,UNKNOWN,UNKNOWN
379e804e-fb3,plr_a3010a44,2023-07-01,UNKNOWN,UNKNOWN
3744ec1f-940,plr_b46dc6d7,2023-07-01,UNKNOWN,UNKNOWN
cb0915f9-d58,plr_cd17d787,2023-07-01,UNKNOWN,UNKNOWN
87e9ddbc-7b8,plr_693aaf28,2023-07-01,UNKNOWN,UNKNOWN
4c14534f-5c3,plr_f8f939a9,2023-07-01,UNKNOWN,UNKNOWN
d07ef547-6ae,plr_8eb0bb19,2023-07-01,UNKNOWN,UNKNOWN
48de4795-0de,plr_11a69670,2023-07-01,UNKNOWN,UNKNOWN
62db7b1f-acc,plr_655a21e1,2023-07-01,UNKNOWN,UNKNOWN
5af3ac16-50e,plr_8373bb64,2023-07-01,UNKNOWN,UNKNOWN
adcb8166-eb2,plr_ca21714d,2023-07-01,UNKNOWN,UNKNOWN
046dddd2-ae2,plr_aa1bc266,2023-07-01,UNKNOWN,UNKNOWN
00de185f-948,plr_537016a9,2023-07-01,UNKNOWN,UNKNOWN
e50619b0-977,plr_f10d6756,2023-07-01,UNKNOWN,UNKNOWN
2c78fdd8-b85,plr_9d39ada1,2023-07-01,UNKNOWN,UNKNOWN
edf2f984-c56,plr_33306427,2023-07-01,UNKNOWN,UNKNOWN
503a343e-a95,plr_cf45ba4c,2023-07-01,UNKNOWN,UNKNOWN
035cbaf9-c5e,plr_5f9e44c6,2023-07-01,UNKNOWN,UNKNOWN
0dc736ef-efd,plr_79a2bc2d,2023-07-01,UNKNOWN,UNKNOWN
80f26175-c71,plr_0c7249ff,2023-07-01,UNKNOWN,UNKNOWN
bd8ee1a3-ca3,plr_3f2c8aec,2023-07-01,UNKNOWN,UNKNOWN
57238177-a34,plr_6edc17bd,2023-07-01,UNKNOWN,UNKNOWN
75303a49-3d8,plr_01a61434,2023-07-01,UNKNOWN,UNKNOWN
eb9594f2-e84,plr_92cc17a7,2023-07-01,2022_2023,VALID
06948f6a-006,plr_4dccb5ef,2023-07-01,2022_2023,VALID
41d42c25-dac,plr_2a8fa7d4,2023-07-01,2022_2023,VALID
679eb3c5-cff,plr_2f273f97,2023-07-01,2022_2023,VALID
24ee9b41-f43,plr_37424213,2023-07-01,2022_2023,VALID
f19b9fd7-333,plr_4ffb3b78,2023-07-01,2022_2023,VALID
31eb51bc-155,plr_6db50417,2023-07-01,2022_2023,VALID
83847f1e-216,plr_d957e627,2023-07-01,2022_2023,VALID
ff746d09-5aa,plr_754b9491,2023-07-01,2022_2023,VALID
d296b201-fd7,plr_8c0e66a9,2023-07-01,2022_2023,VALID
b97b6df0-a11,plr_23298e97,2023-07-01,2022_2023,VALID
e26bb897-67d,plr_da75d646,2023-07-01,2022_2023,VALID
3767e665-680,plr_6b18b25c,2023-07-01,2022_2023,VALID
f0b999ff-65d,plr_e7e8fb9f,2023-07-01,2022_2023,VALID
03ab4610-98b,plr_2de731b9,2023-07-01,2022_2023,VALID
daebd4df-cee,plr_ed563351,2023-07-01,2022_2023,VALID
3edc9516-697,plr_ebe00fad,2023-07-01,2022_2023,VALID
81d92e99-874,plr_e46371bb,2023-07-01,2022_2023,VALID
11178282-f96,plr_95a7f520,2023-07-01,2022_2023,VALID
305a8408-c66,plr_b5fc3b52,2023-07-01,2022_2023,VALID
316a9644-f5a,plr_9029bacd,2023-07-01,2022_2023,VALID
d0e66a40-3d8,plr_0d2e1c82,2023-07-01,2022_2023,VALID
c74bede9-d99,plr_0c5d5e48,2023-07-01,2022_2023,VALID
856b526e-70c,plr_0c621202,2023-07-01,2022_2023,VALID
7a6a5f72-5fa,plr_71160be8,2023-07-01,2022_2023,VALID
b0d34ec3-2d2,plr_6558a172,2023-07-01,2022_2023,VALID
324e174c-efe,plr_64fc4378,2023-07-01,2022_2023,VALID
0f3d7146-616,plr_629610b7,2023-07-01,2022_2023,VALID
4751c9ff-2e2,plr_c8c0c305,2023-07-01,2022_2023,VALID
819ea7cc-3f0,plr_13c77bdd,2023-07-01,2022_2023,VALID
faeb3398-3b5,plr_1dfc1298,2023-07-01,2022_2023,VALID
827bdf64-0d2,plr_e48ec7e8,2023-07-01,2022_2023,VALID
3b03c098-466,plr_13740610,2023-07-01,2022_2023,VALID
32fa0fa0-f2c,plr_8d1b3359,2023-07-01,2022_2023,VALID
fdbf510e-5ae,plr_4cb0ff62,2023-07-01,2022_2023,VALID
e036a1b2-c86,plr_e3f9c5b6,2023-07-01,2022_2023,VALID
82bf14ce-e38,plr_3238b13b,2023-07-01,2022_2023,VALID
c684052c-3e9,plr_a9b3e452,2023-07-01,2022_2023,VALID
6e862aca-353,plr_bcfffb31,2023-07-01,2022_2023,VALID
537120ba-8ac,plr_77a249d2,2023-07-01,2022_2023,VALID
cb873a38-db3,plr_6f459aa1,2023-07-01,2022_2023,VALID
df90cc88-eaf,plr_9bb18cac,2023-07-01,2022_2023,VALID
b9c67b8d-483,plr_249105b5,2023-07-01,2022_2023,VALID
a860c2d7-1dd,plr_218df882,2023-07-01,2022_2023,VALID
e4d2bfd8-442,plr_1391ea77,2023-07-01,2022_2023,VALID
53e28e41-800,plr_9f70d005,2023-07-01,2022_2023,VALID
0332ff65-4b5,plr_7f380ded,2023-07-01,2022_2023,VALID
bdea45e5-824,plr_d48dd460,2023-07-01,2022_2023,VALID
3f9b6721-d6a,plr_2c948b59,2023-07-01,2022_2023,VALID
12ea02be-586,plr_6365b590,2023-07-01,2022_2023,VALID
23e58400-fd4,plr_cb9955d4,2023-07-01,2022_2023,VALID
d430104c-000,plr_388d98dd,2023-07-01,2022_2023,VALID
4204421c-ec3,plr_cb9c7245,2023-07-01,2022_2023,VALID
e8e1a821-38d,plr_4f1320bb,2023-07-01,2022_2023,VALID
f17f9070-c0c,plr_33b7c509,2023-07-01,2022_2023,VALID
7d83f38e-26d,plr_ef576cd5,2023-07-01,2022_2023,VALID
0cd123f7-3c8,plr_17657716,2023-07-01,2022_2023,VALID
dbfa41b5-7a7,plr_7f2ffafa,2023-07-01,2022_2023,VALID
258c6260-bf4,plr_637cffd7,2023-07-01,2022_2023,VALID
f4148257-cad,plr_4b7ba546,2023-07-01,2022_2023,VALID
4e221667-0e8,plr_bfb02edb,2023-07-01,2022_2023,VALID
9a854da1-643,plr_6382eea3,2023-07-01,2022_2023,VALID
385af624-cca,plr_f0a0fe53,2023-07-01,2022_2023,VALID
7fe53c20-a85,plr_13d84101,2023-07-01,2022_2023,VALID
745dd121-74f,plr_ad9fe8a5,2023-07-01,2022_2023,VALID
bbcb6e93-670,plr_1e0af882,2023-07-01,2022_2023,VALID
956a15a8-f76,plr_b50ea4e2,2023-07-01,2022_2023,VALID
3268cb61-211,plr_864b35a4,2023-07-01,2022_2023,VALID
7e7bc716-002,plr_51d21893,2023-07-01,2022_2023,VALID
d165a589-ccd,plr_4ea224fa,2023-07-01,2022_2023,VALID
a1cb1d86-fbc,plr_dfa00273,2023-07-01,2022_2023,VALID
8b65a6b9-508,plr_c14e8a2b,2023-07-01,2022_2023,VALID
5b6a044a-787,plr_39fe690b,2023-07-01,2022_2023,VALID
b97e39f6-930,plr_405fe593,2023-07-01,2022_2023,VALID
802a2bcf-575,plr_0fb15eee,2023-07-01,2022_2023,VALID
9efc6d18-d04,plr_2b5cdf13,2023-07-01,2022_2023,VALID
4a3d523a-c6c,plr_b25117aa,2023-07-01,2022_2023,VALID
6d1ffbd7-4ae,plr_093c3e0d,2023-07-01,2022_2023,VALID
0e9bb4ec-1c2,plr_38fec590,2023-07-01,2022_2023,VALID
1b1f10f7-4e9,plr_6f8855bd,2023-07-01,2022_2023,VALID
05bdd19b-415,plr_a85e719b,2023-07-01,2022_2023,VALID
a8a0e0cf-79e,plr_f4669e41,2023-07-01,2022_2023,VALID
1abe0f15-348,plr_52fc3484,2023-07-01,2022_2023,VALID
97272648-f11,plr_b807fd65,2023-07-01,2022_2023,VALID
99771e73-acb,plr_941baab7,2023-07-01,2022_2023,VALID
bed06dfc-0c5,plr_f7b10493,2023-07-01,2022_2023,VALID
57422ee2-6f8,plr_a430bb9d,2023-07-01,2022_2023,VALID
76d9a227-fd7,plr_aa04a897,2023-07-01,2022_2023,VALID
52a8c99c-38c,plr_69b32dac,2023-07-01,2022_2023,VALID
9644e986-0c6,plr_8afd61a5,2023-07-01,2022_2023,VALID
560e7bf4-d2e,plr_b5ad4ccb,2023-07-01,2022_2023,VALID
765a311b-d8c,plr_9f703434,2023-07-01,2022_2023,VALID
665efbf0-a6a,plr_046464c6,2023-07-01,2022_2023,VALID
eb83734a-e96,plr_9210b7c6,2023-07-01,2022_2023,VALID
41062291-7d1,plr_9d7d2bf6,2023-07-01,2022_2023,VALID
7c24c583-b54,plr_b277a08a,2023-07-01,2022_2023,VALID
1c9993db-613,plr_55b9d557,2023-07-01,2022_2023,VALID
af7db753-626,plr_55d2e664,2023-07-01,2022_2023,VALID
b605d49c-12a,plr_50f9d46f,2023-07-01,2022_2023,VALID
e5afb9ba-4c6,plr_97778d6f,2023-07-01,2022_2023,VALID
a47a3a10-80f,plr_83f0c09d,2023-07-01,2022_2023,VALID
9156e2d5-f9e,plr_4047166b,2023-07-01,2022_2023,VALID
a3d65fad-a9c,plr_4147f713,2023-07-01,2022_2023,VALID
ce3e2ab9-46c,plr_23d629e4,2023-07-01,2022_2023,VALID
7dbdc616-837,plr_af533806,2023-07-01,2022_2023,VALID
e1149218-e8b,plr_5cf41944,2023-07-01,2022_2023,VALID
048f5dfc-7c5,plr_5b461e8a,2023-07-01,2022_2023,VALID
8adb8bca-bd1,plr_da4360a5,2023-07-01,2022_2023,VALID
61887460-2d7,plr_8488e4d6,2023-07-01,2022_2023,VALID
c7cd5f0b-d97,plr_e15da7ab,2023-07-01,2022_2023,VALID
077575d6-5e7,plr_c9a5aa44,2023-07-01,2022_2023,VALID
c5641f1e-f5c,plr_57cd2581,2023-07-01,2022_2023,VALID
5ab1fd20-f90,plr_e0180d5f,2023-07-01,2022_2023,VALID
bbc59164-d23,plr_485d31f1,2023-07-01,2022_2023,VALID
ee1f9c0b-99c,plr_b7edbba9,2023-07-01,2022_2023,VALID
bf388073-c15,plr_d60456cb,2023-07-01,2022_2023,VALID
830f71db-4dd,plr_6b87f341,2023-07-01,2022_2023,VALID
eeabaaf7-f07,plr_60028ad9,2023-07-01,2022_2023,VALID
6697a4bb-7f1,plr_9dbfaf8c,2023-07-01,2022_2023,VALID
42d0a4ae-91a,plr_c55733b8,2023-07-01,2022_2023,VALID
cf1fec69-316,plr_18fb12f0,2023-07-01,2022_2023,VALID
8ccf5f28-da9,plr_e32d3595,2023-07-01,2022_2023,VALID
abaa4d76-f7f,plr_cb48d7d0,2023-07-01,2022_2023,VALID
f0d048f6-972,plr_bccfb951,2023-07-01,2022_2023,VALID
4437f0d4-b2e,plr_67295785,2023-07-01,2022_2023,VALID
410c948f-f5a,plr_44f9fb5c,2023-07-01,2022_2023,VALID
bba9ac36-51c,plr_901fe80d,2023-07-01,2022_2023,VALID
f38b4d3e-44d,plr_212bfe1f,2023-07-01,2022_2023,VALID
397d1ca6-6eb,plr_842d3ba4,2023-07-01,2022_2023,VALID
105458ac-4a2,plr_a3010a44,2023-07-01,2022_2023,VALID
fc3b5abe-646,plr_b46dc6d7,2023-07-01,2022_2023,VALID
b307f66d-3e8,plr_cd17d787,2023-07-01,2022_2023,VALID
e3543471-198,plr_693aaf28,2023-07-01,2022_2023,VALID
3951f663-e8c,plr_f8f939a9,2023-07-01,2022_2023,VALID
439de166-4bb,plr_8eb0bb19,2023-07-01,2022_2023,VALID
1647c615-ea1,plr_11a69670,2023-07-01,2022_2023,VALID
4d0216f4-2ba,plr_655a21e1,2023-07-01,2022_2023,VALID
ef573768-428,plr_8373bb64,2023-07-01,2022_2023,VALID
e4f52273-757,plr_ca21714d,2023-07-01,2022_2023,VALID
c08c4b63-27a,plr_aa1bc266,2023-07-01,2022_2023,VALID
26ff546f-232,plr_537016a9,2023-07-01,2022_2023,VALID
42f18ab0-cb0,plr_f10d6756,2023-07-01,2022_2023,VALID
2052c6f3-a9e,plr_9d39ada1,2023-07-01,2022_2023,VALID
1b5d1767-cb2,plr_33306427,2023-07-01,2022_2023,VALID
fdf7860c-fa1,plr_cf45ba4c,2023-07-01,2022_2023,VALID
a68ab5ce-096,plr_5f9e44c6,2023-07-01,2022_2023,VALID
e98e25a8-c79,plr_79a2bc2d,2023-07-01,2022_2023,VALID
52d7324c-0b6,plr_0c7249ff,2023-07-01,2022_2023,VALID
68e9fd9d-97c,plr_3f2c8aec,2023-07-01,2022_2023,VALID
59ec9387-343,plr_6edc17bd,2023-07-01,2022_2023,VALID
d861ba4d-e9d,plr_01a61434,2023-07-01,2022_2023,VALID
