source_match_id,season_id,source_home_team,source_away_team,home_goals,away_goals,match_date
2021_2022_0,2021_2022,Brentford,Arsenal,2,0,13/08/2021
2021_2022_1,2021_2022,Man United,Leeds,5,1,14/08/2021
2021_2022_2,2021_2022,Burnley,Brighton,1,2,14/08/2021
2021_2022_3,2021_2022,Chelsea,Crystal Palace,3,0,14/08/2021
2021_2022_4,2021_2022,Everton,Southampton,3,1,14/08/2021
2021_2022_5,2021_2022,Leicester,Wolves,1,0,14/08/2021
2021_2022_6,2021_2022,Watford,Aston Villa,3,2,14/08/2021
2021_2022_7,2021_2022,Norwich,Liverpool,0,3,14/08/2021
2021_2022_8,2021_2022,Newcastle,West Ham,2,4,15/08/2021
2021_2022_9,2021_2022,Tottenham,Man City,1,0,15/08/2021
2021_2022_10,2021_2022,Liverpool,Burnley,2,0,21/08/2021
2021_2022_11,2021_2022,Aston Villa,Newcastle,2,0,21/08/2021
2021_2022_12,2021_2022,Crystal Palace,Brentford,0,0,21/08/2021
2021_2022_13,2021_2022,Leeds,Everton,2,2,21/08/2021
2021_2022_14,2021_2022,Man City,Norwich,5,0,21/08/2021
2021_2022_15,2021_2022,Brighton,Watford,2,0,21/08/2021
2021_2022_16,2021_2022,Southampton,Man United,1,1,22/08/2021
2021_2022_17,2021_2022,Wolves,Tottenham,0,1,22/08/2021
2021_2022_18,2021_2022,Arsenal,Chelsea,0,2,22/08/2021
2021_2022_19,2021_2022,West Ham,Leicester,4,1,23/08/2021
2021_2022_20,2021_2022,Man City,Arsenal,5,0,28/08/2021
2021_2022_21,2021_2022,Aston Villa,Brentford,1,1,28/08/2021
2021_2022_22,2021_2022,Brighton,Everton,0,2,28/08/2021
2021_2022_23,2021_2022,Newcastle,Southampton,2,2,28/08/2021
2021_2022_24,2021_2022,Norwich,Leicester,1,2,28/08/2021
2021_2022_25,2021_2022,West Ham,Crystal Palace,2,2,28/08/2021
2021_2022_26,2021_2022,Liverpool,Chelsea,1,1,28/08/2021
2021_2022_27,2021_2022,Burnley,Leeds,1,1,29/08/2021
2021_2022_28,2021_2022,Tottenham,Watford,1,0,29/08/2021
2021_2022_29,2021_2022,Wolves,Man United,0,1,29/08/2021
2021_2022_30,2021_2022,Crystal Palace,Tottenham,3,0,11/09/2021
2021_2022_31,2021_2022,Arsenal,Norwich,1,0,11/09/2021
2021_2022_32,2021_2022,Brentford,Brighton,0,1,11/09/2021
2021_2022_33,2021_2022,Leicester,Man City,0,1,11/09/2021
2021_2022_34,2021_2022,Man United,Newcastle,4,1,11/09/2021
2021_2022_35,2021_2022,Southampton,West Ham,0,0,11/09/2021
2021_2022_36,2021_2022,Watford,Wolves,0,2,11/09/2021
2021_2022_37,2021_2022,Chelsea,Aston Villa,3,0,11/09/2021
2021_2022_38,2021_2022,Leeds,Liverpool,0,3,12/09/2021
2021_2022_39,2021_2022,Everton,Burnley,3,1,13/09/2021
2021_2022_40,2021_2022,Newcastle,Leeds,1,1,17/09/2021
2021_2022_41,2021_2022,Wolves,Brentford,0,2,18/09/2021
2021_2022_42,2021_2022,Burnley,Arsenal,0,1,18/09/2021
2021_2022_43,2021_2022,Liverpool,Crystal Palace,3,0,18/09/2021
2021_2022_44,2021_2022,Man City,Southampton,0,0,18/09/2021
2021_2022_45,2021_2022,Norwich,Watford,1,3,18/09/2021
2021_2022_46,2021_2022,Aston Villa,Everton,3,0,18/09/2021
2021_2022_47,2021_2022,Brighton,Leicester,2,1,19/09/2021
2021_2022_48,2021_2022,West Ham,Man United,1,2,19/09/2021
2021_2022_49,2021_2022,Tottenham,Chelsea,0,3,19/09/2021
2021_2022_50,2021_2022,Chelsea,Man City,0,1,25/09/2021
2021_2022_51,2021_2022,Man United,Aston Villa,0,1,25/09/2021
2021_2022_52,2021_2022,Everton,Norwich,2,0,25/09/2021
2021_2022_53,2021_2022,Leeds,West Ham,1,2,25/09/2021
2021_2022_54,2021_2022,Leicester,Burnley,2,2,25/09/2021
2021_2022_55,2021_2022,Watford,Newcastle,1,1,25/09/2021
2021_2022_56,2021_2022,Brentford,Liverpool,3,3,25/09/2021
2021_2022_57,2021_2022,Southampton,Wolves,0,1,26/09/2021
2021_2022_58,2021_2022,Arsenal,Tottenham,3,1,26/09/2021
2021_2022_59,2021_2022,Crystal Palace,Brighton,1,1,27/09/2021
2021_2022_60,2021_2022,Man United,Everton,1,1,02/10/2021
2021_2022_61,2021_2022,Burnley,Norwich,0,0,02/10/2021
2021_2022_62,2021_2022,Chelsea,Southampton,3,1,02/10/2021
2021_2022_63,2021_2022,Leeds,Watford,1,0,02/10/2021
2021_2022_64,2021_2022,Wolves,Newcastle,2,1,02/10/2021
2021_2022_65,2021_2022,Brighton,Arsenal,0,0,02/10/2021
2021_2022_66,2021_2022,Crystal Palace,Leicester,2,2,03/10/2021
2021_2022_67,2021_2022,Tottenham,Aston Villa,2,1,03/10/2021
2021_2022_68,2021_2022,West Ham,Brentford,1,2,03/10/2021
2021_2022_69,2021_2022,Liverpool,Man City,2,2,03/10/2021
2021_2022_70,2021_2022,Watford,Liverpool,0,5,16/10/2021
2021_2022_71,2021_2022,Aston Villa,Wolves,2,3,16/10/2021
2021_2022_72,2021_2022,Leicester,Man United,4,2,16/10/2021
2021_2022_73,2021_2022,Man City,Burnley,2,0,16/10/2021
2021_2022_74,2021_2022,Norwich,Brighton,0,0,16/10/2021
2021_2022_75,2021_2022,Southampton,Leeds,1,0,16/10/2021
2021_2022_76,2021_2022,Brentford,Chelsea,0,1,16/10/2021
2021_2022_77,2021_2022,Everton,West Ham,0,1,17/10/2021
2021_2022_78,2021_2022,Newcastle,Tottenham,2,3,17/10/2021
2021_2022_79,2021_2022,Arsenal,Crystal Palace,2,2,18/10/2021
2021_2022_80,2021_2022,Arsenal,Aston Villa,3,1,22/10/2021
2021_2022_81,2021_2022,Chelsea,Norwich,7,0,23/10/2021
2021_2022_82,2021_2022,Crystal Palace,Newcastle,1,1,23/10/2021
2021_2022_83,2021_2022,Everton,Watford,2,5,23/10/2021
2021_2022_84,2021_2022,Leeds,Wolves,1,1,23/10/2021
2021_2022_85,2021_2022,Southampton,Burnley,2,2,23/10/2021
2021_2022_86,2021_2022,Brighton,Man City,1,4,23/10/2021
2021_2022_87,2021_2022,Brentford,Leicester,1,2,24/10/2021
2021_2022_88,2021_2022,West Ham,Tottenham,1,0,24/10/2021
2021_2022_89,2021_2022,Man United,Liverpool,0,5,24/10/2021
2021_2022_90,2021_2022,Leicester,Arsenal,0,2,30/10/2021
2021_2022_91,2021_2022,Burnley,Brentford,3,1,30/10/2021
2021_2022_92,2021_2022,Liverpool,Brighton,2,2,30/10/2021
2021_2022_93,2021_2022,Man City,Crystal Palace,0,2,30/10/2021
2021_2022_94,2021_2022,Newcastle,Chelsea,0,3,30/10/2021
2021_2022_95,2021_2022,Watford,Southampton,0,1,30/10/2021
2021_2022_96,2021_2022,Tottenham,Man United,0,3,30/10/2021
2021_2022_97,2021_2022,Norwich,Leeds,1,2,31/10/2021
2021_2022_98,2021_2022,Aston Villa,West Ham,1,4,31/10/2021
2021_2022_99,2021_2022,Wolves,Everton,2,1,01/11/2021
2021_2022_100,2021_2022,Southampton,Aston Villa,1,0,05/11/2021
2021_2022_101,2021_2022,Man United,Man City,0,2,06/11/2021
2021_2022_102,2021_2022,Brentford,Norwich,1,2,06/11/2021
2021_2022_103,2021_2022,Chelsea,Burnley,1,1,06/11/2021
2021_2022_104,2021_2022,Crystal Palace,Wolves,2,0,06/11/2021
2021_2022_105,2021_2022,Brighton,Newcastle,1,1,06/11/2021
2021_2022_106,2021_2022,Arsenal,Watford,1,0,07/11/2021
2021_2022_107,2021_2022,Everton,Tottenham,0,0,07/11/2021
2021_2022_108,2021_2022,Leeds,Leicester,1,1,07/11/2021
2021_2022_109,2021_2022,West Ham,Liverpool,3,2,07/11/2021
2021_2022_110,2021_2022,Leicester,Chelsea,0,3,20/11/2021
2021_2022_111,2021_2022,Aston Villa,Brighton,2,0,20/11/2021
2021_2022_112,2021_2022,Burnley,Crystal Palace,3,3,20/11/2021
2021_2022_113,2021_2022,Newcastle,Brentford,3,3,20/11/2021
2021_2022_114,2021_2022,Norwich,Southampton,2,1,20/11/2021
2021_2022_115,2021_2022,Watford,Man United,4,1,20/11/2021
2021_2022_116,2021_2022,Wolves,West Ham,1,0,20/11/2021
2021_2022_117,2021_2022,Liverpool,Arsenal,4,0,20/11/2021
2021_2022_118,2021_2022,Man City,Everton,3,0,21/11/2021
2021_2022_119,2021_2022,Tottenham,Leeds,2,1,21/11/2021
2021_2022_120,2021_2022,Arsenal,Newcastle,2,0,27/11/2021
2021_2022_121,2021_2022,Crystal Palace,Aston Villa,1,2,27/11/2021
2021_2022_122,2021_2022,Liverpool,Southampton,4,0,27/11/2021
2021_2022_123,2021_2022,Norwich,Wolves,0,0,27/11/2021
2021_2022_124,2021_2022,Brighton,Leeds,0,0,27/11/2021
2021_2022_125,2021_2022,Brentford,Everton,1,0,28/11/2021
2021_2022_126,2021_2022,Leicester,Watford,4,2,28/11/2021
2021_2022_127,2021_2022,Man City,West Ham,2,1,28/11/2021
2021_2022_128,2021_2022,Chelsea,Man United,1,1,28/11/2021
2021_2022_129,2021_2022,Newcastle,Norwich,1,1,30/11/2021
2021_2022_130,2021_2022,Leeds,Crystal Palace,1,0,30/11/2021
2021_2022_131,2021_2022,Southampton,Leicester,2,2,01/12/2021
2021_2022_132,2021_2022,Watford,Chelsea,1,2,01/12/2021
2021_2022_133,2021_2022,West Ham,Brighton,1,1,01/12/2021
2021_2022_134,2021_2022,Wolves,Burnley,0,0,01/12/2021
2021_2022_135,2021_2022,Aston Villa,Man City,1,2,01/12/2021
2021_2022_136,2021_2022,Everton,Liverpool,1,4,01/12/2021
2021_2022_137,2021_2022,Tottenham,Brentford,2,0,02/12/2021
2021_2022_138,2021_2022,Man United,Arsenal,3,2,02/12/2021
2021_2022_139,2021_2022,West Ham,Chelsea,3,2,04/12/2021
2021_2022_140,2021_2022,Newcastle,Burnley,1,0,04/12/2021
2021_2022_141,2021_2022,Southampton,Brighton,1,1,04/12/2021
2021_2022_142,2021_2022,Wolves,Liverpool,0,1,04/12/2021
2021_2022_143,2021_2022,Watford,Man City,1,3,04/12/2021
2021_2022_144,2021_2022,Leeds,Brentford,2,2,05/12/2021
2021_2022_145,2021_2022,Man United,Crystal Palace,1,0,05/12/2021
2021_2022_146,2021_2022,Tottenham,Norwich,3,0,05/12/2021
2021_2022_147,2021_2022,Aston Villa,Leicester,2,1,05/12/2021
2021_2022_148,2021_2022,Everton,Arsenal,2,1,06/12/2021
2021_2022_149,2021_2022,Brentford,Watford,2,1,10/12/2021
2021_2022_150,2021_2022,Man City,Wolves,1,0,11/12/2021
2021_2022_151,2021_2022,Arsenal,Southampton,3,0,11/12/2021
2021_2022_152,2021_2022,Chelsea,Leeds,3,2,11/12/2021
2021_2022_153,2021_2022,Liverpool,Aston Villa,1,0,11/12/2021
2021_2022_154,2021_2022,Norwich,Man United,0,1,11/12/2021
2021_2022_155,2021_2022,Burnley,West Ham,0,0,12/12/2021
2021_2022_156,2021_2022,Leicester,Newcastle,4,0,12/12/2021
2021_2022_157,2021_2022,Crystal Palace,Everton,3,1,12/12/2021
2021_2022_158,2021_2022,Norwich,Aston Villa,0,2,14/12/2021
2021_2022_159,2021_2022,Man City,Leeds,7,0,14/12/2021
2021_2022_160,2021_2022,Brighton,Wolves,0,1,15/12/2021
2021_2022_161,2021_2022,Crystal Palace,Southampton,2,2,15/12/2021
2021_2022_162,2021_2022,Arsenal,West Ham,2,0,15/12/2021
2021_2022_163,2021_2022,Chelsea,Everton,1,1,16/12/2021
2021_2022_164,2021_2022,Liverpool,Newcastle,3,1,16/12/2021
2021_2022_165,2021_2022,Leeds,Arsenal,1,4,18/12/2021
2021_2022_166,2021_2022,Newcastle,Man City,0,4,19/12/2021
2021_2022_167,2021_2022,Wolves,Chelsea,0,0,19/12/2021
2021_2022_168,2021_2022,Tottenham,Liverpool,2,2,19/12/2021
2021_2022_169,2021_2022,Man City,Leicester,6,3,26/12/2021
2021_2022_170,2021_2022,Norwich,Arsenal,0,5,26/12/2021
2021_2022_171,2021_2022,Tottenham,Crystal Palace,3,0,26/12/2021
2021_2022_172,2021_2022,West Ham,Southampton,2,3,26/12/2021
2021_2022_173,2021_2022,Aston Villa,Chelsea,1,3,26/12/2021
2021_2022_174,2021_2022,Brighton,Brentford,2,0,26/12/2021
2021_2022_175,2021_2022,Newcastle,Man United,1,1,27/12/2021
2021_2022_176,2021_2022,Crystal Palace,Norwich,3,0,28/12/2021
2021_2022_177,2021_2022,Southampton,Tottenham,1,1,28/12/2021
2021_2022_178,2021_2022,Watford,West Ham,1,4,28/12/2021
2021_2022_179,2021_2022,Leicester,Liverpool,1,0,28/12/2021
2021_2022_180,2021_2022,Chelsea,Brighton,1,1,29/12/2021
2021_2022_181,2021_2022,Brentford,Man City,0,1,29/12/2021
2021_2022_182,2021_2022,Man United,Burnley,3,1,30/12/2021
2021_2022_183,2021_2022,Arsenal,Man City,1,2,01/01/2022
2021_2022_184,2021_2022,Watford,Tottenham,0,1,01/01/2022
2021_2022_185,2021_2022,Crystal Palace,West Ham,2,3,01/01/2022
2021_2022_186,2021_2022,Brentford,Aston Villa,2,1,02/01/2022
2021_2022_187,2021_2022,Everton,Brighton,2,3,02/01/2022
2021_2022_188,2021_2022,Leeds,Burnley,3,1,02/01/2022
2021_2022_189,2021_2022,Chelsea,Liverpool,2,2,02/01/2022
2021_2022_190,2021_2022,Man United,Wolves,0,1,03/01/2022
2021_2022_191,2021_2022,Southampton,Brentford,4,1,11/01/2022
2021_2022_192,2021_2022,West Ham,Norwich,2,0,12/01/2022
2021_2022_193,2021_2022,Brighton,Crystal Palace,1,1,14/01/2022
2021_2022_194,2021_2022,Man City,Chelsea,1,0,15/01/2022
2021_2022_195,2021_2022,Newcastle,Watford,1,1,15/01/2022
2021_2022_196,2021_2022,Norwich,Everton,2,1,15/01/2022
2021_2022_197,2021_2022,Wolves,Southampton,3,1,15/01/2022
2021_2022_198,2021_2022,Aston Villa,Man United,2,2,15/01/2022
2021_2022_199,2021_2022,Liverpool,Brentford,3,0,16/01/2022
2021_2022_200,2021_2022,West Ham,Leeds,2,3,16/01/2022
2021_2022_201,2021_2022,Brighton,Chelsea,1,1,18/01/2022
2021_2022_202,2021_2022,Leicester,Tottenham,2,3,19/01/2022
2021_2022_203,2021_2022,Brentford,Man United,1,3,19/01/2022
2021_2022_204,2021_2022,Watford,Norwich,0,3,21/01/2022
2021_2022_205,2021_2022,Everton,Aston Villa,0,1,22/01/2022
2021_2022_206,2021_2022,Brentford,Wolves,1,2,22/01/2022
2021_2022_207,2021_2022,Leeds,Newcastle,0,1,22/01/2022
2021_2022_208,2021_2022,Man United,West Ham,1,0,22/01/2022
2021_2022_209,2021_2022,Southampton,Man City,1,1,22/01/2022
2021_2022_210,2021_2022,Arsenal,Burnley,0,0,23/01/2022
2021_2022_211,2021_2022,Crystal Palace,Liverpool,1,3,23/01/2022
2021_2022_212,2021_2022,Leicester,Brighton,1,1,23/01/2022
2021_2022_213,2021_2022,Chelsea,Tottenham,2,0,23/01/2022
2021_2022_214,2021_2022,Burnley,Watford,0,0,05/02/2022
2021_2022_215,2021_2022,Newcastle,Everton,3,1,08/02/2022
2021_2022_216,2021_2022,West Ham,Watford,1,0,08/02/2022
2021_2022_217,2021_2022,Burnley,Man United,1,1,08/02/2022
2021_2022_218,2021_2022,Man City,Brentford,2,0,09/02/2022
2021_2022_219,2021_2022,Norwich,Crystal Palace,1,1,09/02/2022
2021_2022_220,2021_2022,Tottenham,Southampton,2,3,09/02/2022
2021_2022_221,2021_2022,Aston Villa,Leeds,3,3,09/02/2022
2021_2022_222,2021_2022,Liverpool,Leicester,2,0,10/02/2022
2021_2022_223,2021_2022,Wolves,Arsenal,0,1,10/02/2022
2021_2022_224,2021_2022,Man United,Southampton,1,1,12/02/2022
2021_2022_225,2021_2022,Brentford,Crystal Palace,0,0,12/02/2022
2021_2022_226,2021_2022,Everton,Leeds,3,0,12/02/2022
2021_2022_227,2021_2022,Watford,Brighton,0,2,12/02/2022
2021_2022_228,2021_2022,Norwich,Man City,0,4,12/02/2022
2021_2022_229,2021_2022,Burnley,Liverpool,0,1,13/02/2022
2021_2022_230,2021_2022,Newcastle,Aston Villa,1,0,13/02/2022
2021_2022_231,2021_2022,Tottenham,Wolves,0,2,13/02/2022
2021_2022_232,2021_2022,Leicester,West Ham,2,2,13/02/2022
2021_2022_233,2021_2022,Man United,Brighton,2,0,15/02/2022
2021_2022_234,2021_2022,West Ham,Newcastle,1,1,19/02/2022
2021_2022_235,2021_2022,Arsenal,Brentford,2,1,19/02/2022
2021_2022_236,2021_2022,Aston Villa,Watford,0,1,19/02/2022
2021_2022_237,2021_2022,Brighton,Burnley,0,3,19/02/2022
2021_2022_238,2021_2022,Crystal Palace,Chelsea,0,1,19/02/2022
2021_2022_239,2021_2022,Liverpool,Norwich,3,1,19/02/2022
2021_2022_240,2021_2022,Southampton,Everton,2,0,19/02/2022
2021_2022_241,2021_2022,Man City,Tottenham,2,3,19/02/2022
2021_2022_242,2021_2022,Leeds,Man United,2,4,20/02/2022
2021_2022_243,2021_2022,Wolves,Leicester,2,1,20/02/2022
2021_2022_244,2021_2022,Burnley,Tottenham,1,0,23/02/2022
2021_2022_245,2021_2022,Watford,Crystal Palace,1,4,23/02/2022
2021_2022_246,2021_2022,Liverpool,Leeds,6,0,23/02/2022
2021_2022_247,2021_2022,Arsenal,Wolves,2,1,24/02/2022
2021_2022_248,2021_2022,Southampton,Norwich,2,0,25/02/2022
2021_2022_249,2021_2022,Leeds,Tottenham,0,4,26/02/2022
2021_2022_250,2021_2022,Brentford,Newcastle,0,2,26/02/2022
2021_2022_251,2021_2022,Crystal Palace,Burnley,1,1,26/02/2022
2021_2022_252,2021_2022,Man United,Watford,0,0,26/02/2022
2021_2022_253,2021_2022,Brighton,Aston Villa,0,2,26/02/2022
2021_2022_254,2021_2022,Everton,Man City,0,1,26/02/2022
2021_2022_255,2021_2022,West Ham,Wolves,1,0,27/02/2022
2021_2022_256,2021_2022,Burnley,Leicester,0,2,01/03/2022
2021_2022_257,2021_2022,Leicester,Leeds,1,0,05/03/2022
2021_2022_258,2021_2022,Aston Villa,Southampton,4,0,05/03/2022
2021_2022_259,2021_2022,Burnley,Chelsea,0,4,05/03/2022
2021_2022_260,2021_2022,Newcastle,Brighton,2,1,05/03/2022
2021_2022_261,2021_2022,Norwich,Brentford,1,3,05/03/2022
2021_2022_262,2021_2022,Wolves,Crystal Palace,0,2,05/03/2022
2021_2022_263,2021_2022,Liverpool,West Ham,1,0,05/03/2022
2021_2022_264,2021_2022,Watford,Arsenal,2,3,06/03/2022
2021_2022_265,2021_2022,Man City,Man United,4,1,06/03/2022
2021_2022_266,2021_2022,Tottenham,Everton,5,0,07/03/2022
2021_2022_267,2021_2022,Norwich,Chelsea,1,3,10/03/2022
2021_2022_268,2021_2022,Southampton,Newcastle,1,2,10/03/2022
2021_2022_269,2021_2022,Wolves,Watford,4,0,10/03/2022
2021_2022_270,2021_2022,Leeds,Aston Villa,0,3,10/03/2022
2021_2022_271,2021_2022,Brighton,Liverpool,0,2,12/03/2022
2021_2022_272,2021_2022,Brentford,Burnley,2,0,12/03/2022
2021_2022_273,2021_2022,Man United,Tottenham,3,2,12/03/2022
2021_2022_274,2021_2022,Chelsea,Newcastle,1,0,13/03/2022
2021_2022_275,2021_2022,Everton,Wolves,0,1,13/03/2022
2021_2022_276,2021_2022,Leeds,Norwich,2,1,13/03/2022
2021_2022_277,2021_2022,Southampton,Watford,1,2,13/03/2022
2021_2022_278,2021_2022,West Ham,Aston Villa,2,1,13/03/2022
2021_2022_279,2021_2022,Arsenal,Leicester,2,0,13/03/2022
2021_2022_280,2021_2022,Crystal Palace,Man City,0,0,14/03/2022
2021_2022_281,2021_2022,Brighton,Tottenham,0,2,16/03/2022
2021_2022_282,2021_2022,Arsenal,Liverpool,0,2,16/03/2022
2021_2022_283,2021_2022,Everton,Newcastle,1,0,17/03/2022
2021_2022_284,2021_2022,Wolves,Leeds,2,3,18/03/2022
2021_2022_285,2021_2022,Aston Villa,Arsenal,0,1,19/03/2022
2021_2022_286,2021_2022,Leicester,Brentford,2,1,20/03/2022
2021_2022_287,2021_2022,Tottenham,West Ham,3,1,20/03/2022
2021_2022_288,2021_2022,Liverpool,Watford,2,0,02/04/2022
2021_2022_289,2021_2022,Brighton,Norwich,0,0,02/04/2022
2021_2022_290,2021_2022,Burnley,Man City,0,2,02/04/2022
2021_2022_291,2021_2022,Chelsea,Brentford,1,4,02/04/2022
2021_2022_292,2021_2022,Leeds,Southampton,1,1,02/04/2022
2021_2022_293,2021_2022,Wolves,Aston Villa,2,1,02/04/2022
2021_2022_294,2021_2022,Man United,Leicester,1,1,02/04/2022
2021_2022_295,2021_2022,West Ham,Everton,2,1,03/04/2022
2021_2022_296,2021_2022,Tottenham,Newcastle,5,1,03/04/2022
2021_2022_297,2021_2022,Crystal Palace,Arsenal,3,0,04/04/2022
2021_2022_298,2021_2022,Burnley,Everton,3,2,06/04/2022
2021_2022_299,2021_2022,Newcastle,Wolves,1,0,08/04/2022
2021_2022_300,2021_2022,Everton,Man United,1,0,09/04/2022
2021_2022_301,2021_2022,Arsenal,Brighton,1,2,09/04/2022
2021_2022_302,2021_2022,Southampton,Chelsea,0,6,09/04/2022
2021_2022_303,2021_2022,Watford,Leeds,0,3,09/04/2022
2021_2022_304,2021_2022,Aston Villa,Tottenham,0,4,09/04/2022
2021_2022_305,2021_2022,Brentford,West Ham,2,0,10/04/2022
2021_2022_306,2021_2022,Leicester,Crystal Palace,2,1,10/04/2022
2021_2022_307,2021_2022,Norwich,Burnley,2,0,10/04/2022
2021_2022_308,2021_2022,Man City,Liverpool,2,2,10/04/2022
2021_2022_309,2021_2022,Tottenham,Brighton,0,1,16/04/2022
2021_2022_310,2021_2022,Man United,Norwich,3,2,16/04/2022
2021_2022_311,2021_2022,Southampton,Arsenal,1,0,16/04/2022
2021_2022_312,2021_2022,Watford,Brentford,1,2,16/04/2022
2021_2022_313,2021_2022,Newcastle,Leicester,2,1,17/04/2022
2021_2022_314,2021_2022,West Ham,Burnley,1,1,17/04/2022
2021_2022_315,2021_2022,Liverpool,Man United,4,0,19/04/2022
2021_2022_316,2021_2022,Chelsea,Arsenal,2,4,20/04/2022
2021_2022_317,2021_2022,Everton,Leicester,1,1,20/04/2022
2021_2022_318,2021_2022,Newcastle,Crystal Palace,1,0,20/04/2022
2021_2022_319,2021_2022,Man City,Brighton,3,0,20/04/2022
2021_2022_320,2021_2022,Burnley,Southampton,2,0,21/04/2022
2021_2022_321,2021_2022,Arsenal,Man United,3,1,23/04/2022
2021_2022_322,2021_2022,Leicester,Aston Villa,0,0,23/04/2022
2021_2022_323,2021_2022,Man City,Watford,5,1,23/04/2022
2021_2022_324,2021_2022,Norwich,Newcastle,0,3,23/04/2022
2021_2022_325,2021_2022,Brentford,Tottenham,0,0,23/04/2022
2021_2022_326,2021_2022,Brighton,Southampton,2,2,24/04/2022
2021_2022_327,2021_2022,Burnley,Wolves,1,0,24/04/2022
2021_2022_328,2021_2022,Chelsea,West Ham,1,0,24/04/2022
2021_2022_329,2021_2022,Liverpool,Everton,2,0,24/04/2022
2021_2022_330,2021_2022,Crystal Palace,Leeds,0,0,25/04/2022
2021_2022_331,2021_2022,Man United,Chelsea,1,1,28/04/2022
2021_2022_332,2021_2022,Newcastle,Liverpool,0,1,30/04/2022
2021_2022_333,2021_2022,Aston Villa,Norwich,2,0,30/04/2022
2021_2022_334,2021_2022,Southampton,Crystal Palace,1,2,30/04/2022
2021_2022_335,2021_2022,Watford,Burnley,1,2,30/04/2022
2021_2022_336,2021_2022,Wolves,Brighton,0,3,30/04/2022
2021_2022_337,2021_2022,Leeds,Man City,0,4,30/04/2022
2021_2022_338,2021_2022,Everton,Chelsea,1,0,01/05/2022
2021_2022_339,2021_2022,Tottenham,Leicester,3,1,01/05/2022
2021_2022_340,2021_2022,West Ham,Arsenal,1,2,01/05/2022
2021_2022_341,2021_2022,Man United,Brentford,3,0,02/05/2022
2021_2022_342,2021_2022,Brentford,Southampton,3,0,07/05/2022
2021_2022_343,2021_2022,Burnley,Aston Villa,1,3,07/05/2022
2021_2022_344,2021_2022,Chelsea,Wolves,2,2,07/05/2022
2021_2022_345,2021_2022,Crystal Palace,Watford,1,0,07/05/2022
2021_2022_346,2021_2022,Brighton,Man United,4,0,07/05/2022
2021_2022_347,2021_2022,Liverpool,Tottenham,1,1,07/05/2022
2021_2022_348,2021_2022,Arsenal,Leeds,2,1,08/05/2022
2021_2022_349,2021_2022,Leicester,Everton,1,2,08/05/2022
2021_2022_350,2021_2022,Norwich,West Ham,0,4,08/05/2022
2021_2022_351,2021_2022,Man City,Newcastle,5,0,08/05/2022
2021_2022_352,2021_2022,Aston Villa,Liverpool,1,2,10/05/2022
2021_2022_353,2021_2022,Leeds,Chelsea,0,3,11/05/2022
2021_2022_354,2021_2022,Leicester,Norwich,3,0,11/05/2022
2021_2022_355,2021_2022,Watford,Everton,0,0,11/05/2022
2021_2022_356,2021_2022,Wolves,Man City,1,5,11/05/2022
2021_2022_357,2021_2022,Tottenham,Arsenal,3,0,12/05/2022
2021_2022_358,2021_2022,Tottenham,Burnley,1,0,15/05/2022
2021_2022_359,2021_2022,Aston Villa,Crystal Palace,1,1,15/05/2022
2021_2022_360,2021_2022,Leeds,Brighton,1,1,15/05/2022
2021_2022_361,2021_2022,Watford,Leicester,1,5,15/05/2022
2021_2022_362,2021_2022,West Ham,Man City,2,2,15/05/2022
2021_2022_363,2021_2022,Wolves,Norwich,1,1,15/05/2022
2021_2022_364,2021_2022,Everton,Brentford,2,3,15/05/2022
2021_2022_365,2021_2022,Newcastle,Arsenal,2,0,16/05/2022
2021_2022_366,2021_2022,Southampton,Liverpool,1,2,17/05/2022
2021_2022_367,2021_2022,Everton,Crystal Palace,3,2,19/05/2022
2021_2022_368,2021_2022,Aston Villa,Burnley,1,1,19/05/2022
2021_2022_369,2021_2022,Chelsea,Leicester,1,1,19/05/2022
2021_2022_370,2021_2022,Arsenal,Everton,5,1,22/05/2022
2021_2022_371,2021_2022,Brentford,Leeds,1,2,22/05/2022
2021_2022_372,2021_2022,Brighton,West Ham,3,1,22/05/2022
2021_2022_373,2021_2022,Burnley,Newcastle,1,2,22/05/2022
2021_2022_374,2021_2022,Chelsea,Watford,2,1,22/05/2022
2021_2022_375,2021_2022,Crystal Palace,Man United,1,0,22/05/2022
2021_2022_376,2021_2022,Leicester,Southampton,4,1,22/05/2022
2021_2022_377,2021_2022,Liverpool,Wolves,3,1,22/05/2022
2021_2022_378,2021_2022,Man City,Aston Villa,3,2,22/05/2022
2021_2022_379,2021_2022,Norwich,Tottenham,0,5,22/05/2022
