master_club_id,canonical_name
club_559decae,Arsenal
club_3cbb9e40,Aston Villa
club_990c6e40,Bournemouth
club_78ab8ea7,Brentford
club_2be5211f,Brighton
club_48b91a73,Burnley
club_1fcc1eb6,Chelsea
club_28c2f5a2,Crystal Palace
club_c15a9332,Everton
club_17e261c8,Fulham
club_58eca956,Liverpool
club_0df311c9,Luton Town
club_b361f3db,Manchester City
club_1001aa76,Manchester United
club_95b443a0,Newcastle United
club_fe87899a,Nottingham Forest
club_f8e1b223,Sheffield United
club_59f02300,Tottenham Hotspur
club_bd02f4b3,West Ham United
club_d7cb711a,Wolverhampton Wanderers
club_e086bfa1,Coventry City
club_464350c5,Hull City
club_0b031819,Ipswich Town
club_d970dbec,Leeds
club_cbc96d4f,Sunderland
