master_player_id,canonical_name,date_of_birth,canonical_position,nationality,height,preferred_foot,created_at
plr_947fd5a7,david raya martín,,,,,,2026-09-30T08:08:47.862014Z
plr_79417907,kepa arrizabalaga revuelta,,,,,,2026-09-30T08:08:47.862014Z
plr_e591b665,illan meslier,,,,,,2026-09-30T08:08:47.862014Z
plr_eb71bc0c,gabriel dos santos magalhães,,,,,,2026-09-30T08:08:47.862014Z
plr_d418f6c0,jurriën timber,,,,,,2026-09-30T08:08:47.862014Z
plr_35fe33cd,william saliba,,,,,,2026-09-30T08:08:47.862014Z
plr_4d9a89e3,myles lewisskelly,,,,,,2026-09-30T08:08:47.862014Z
plr_e1277cac,riccardo calafiori,,,,,,2026-09-30T08:08:47.862014Z
plr_546374aa,piero hincapié,,,,,,2026-09-30T08:08:47.862014Z
plr_1ed20907,benjamin white,,,,,,2026-09-30T08:08:47.862014Z
plr_d37c1358,cristhian mosquera,,,,,,2026-09-30T08:08:47.862014Z
plr_e9b07d98,bukayo saka,,,,,,2026-09-30T08:08:47.862014Z
plr_80022d99,declan rice,,,,,,2026-09-30T08:08:47.862014Z
plr_a7238bfb,eberechi eze,,,,,,2026-09-30T08:08:47.862014Z
plr_36676e97,martin ødegaard,,,,,,2026-09-30T08:08:47.862014Z
plr_780c584d,noni madueke,,,,,,2026-09-30T08:08:47.862014Z
plr_045b00e5,mikel merino zazón,,,,,,2026-09-30T08:08:47.862014Z
plr_dd354370,gabriel martinelli silva,,,,,,2026-09-30T08:08:47.862014Z
plr_32496a6f,martín zubimendi ibáñez,,,,,,2026-09-30T08:08:47.862014Z
plr_2555b785,max dowman,,,,,,2026-09-30T08:08:47.862014Z
plr_e1b35fe3,ethan nwaneri,,,,,,2026-09-30T08:08:47.862014Z
plr_8eb07d4d,fábio ferreira vieira,,,,,,2026-09-30T08:08:47.862014Z
plr_274226e4,reiss nelson,,,,,,2026-09-30T08:08:47.862014Z
plr_ca879f22,viktor gyökeres,,,,,,2026-09-30T08:08:47.862014Z
plr_8343a08a,kai havertz,,,,,,2026-09-30T08:08:47.862014Z
plr_7593e116,gabriel fernando de jesus,,,,,,2026-09-30T08:08:47.862014Z
plr_3ea864bb,ezri konsa ngoyo,,,,,,2026-09-30T08:08:47.862014Z
plr_5875fbe2,bruno guimarães rodriguez moura,,,,,,2026-09-30T08:08:47.862014Z
plr_a8100cda,christos tzolis,,,,,,2026-09-30T08:08:47.862014Z
plr_1dd49c70,marco bizot,,,,,,2026-09-30T08:08:47.862014Z
plr_42bca498,lucas digne,,,,,,2026-09-30T08:08:47.862014Z
plr_c0dc4a02,matty cash,,,,,,2026-09-30T08:08:47.862014Z
plr_e6dcb40c,tyrone mings,,,,,,2026-09-30T08:08:47.862014Z
plr_b1893b39,pau torres,,,,,,2026-09-30T08:08:47.862014Z
plr_b9415fb0,lamare bogarde,,,,,,2026-09-30T08:08:47.862014Z
plr_94c949e7,ian maatsen,,,,,,2026-09-30T08:08:47.862014Z
plr_9a40fdf9,victor lindelöf,,,,,,2026-09-30T08:08:47.862014Z
plr_f483d873,andrés garcía,,,,,,2026-09-30T08:08:47.862014Z
plr_4e74b2b9,kosta nedeljkovic,,,,,,2026-09-30T08:08:47.862014Z
plr_3be24415,emiliano buendía stati,,,,,,2026-09-30T08:08:47.862014Z
plr_934c2661,leon bailey,,,,,,2026-09-30T08:08:47.862014Z
plr_258472a1,john mcginn,,,,,,2026-09-30T08:08:47.862014Z
plr_4fd2be6f,ross barkley,,,,,,2026-09-30T08:08:47.862014Z
plr_e80d9258,boubacar kamara,,,,,,2026-09-30T08:08:47.862014Z
plr_b0e0892f,amadou onana,,,,,,2026-09-30T08:08:47.862014Z
plr_4a09ff9e,samuel ilingjunior,,,,,,2026-09-30T08:08:47.862014Z
plr_7585861b,bradley burrowes,,,,,,2026-09-30T08:08:47.862014Z
plr_bfce48ba,george hemmings,,,,,,2026-09-30T08:08:47.862014Z
plr_65c93c1a,alysson edward franco da rocha dos santos,,,,,,2026-09-30T08:08:47.862014Z
plr_787f03e5,johan manzambi,,,,,,2026-09-30T08:08:47.862014Z
plr_8a4cd3a7,joao gomes,,,,,,2026-09-30T08:08:47.862014Z
plr_a208776b,ollie watkins,,,,,,2026-09-30T08:08:47.862014Z
plr_b4baf679,tammy abraham,,,,,,2026-09-30T08:08:47.862014Z
plr_14a9a429,alejandro garnacho ferreyra,,,,,,2026-09-30T08:08:47.862014Z
plr_ec6b838c,nicolas jackson,,,,,,2026-09-30T08:08:47.862014Z
plr_be725de9,brian madjo,,,,,,2026-09-30T08:08:47.862014Z
plr_6722d02e,matteo ruggeri,,,,,,2026-09-30T08:08:47.862014Z
plr_4abf0fb8,zion suzuki,,,,,,2026-09-30T08:08:47.862014Z
plr_7d0af262,triston rowe,,,,,,2026-09-30T08:08:47.863050Z
plr_bdc21dfc,luka lynch,,,,,,2026-09-30T08:08:47.863050Z
plr_b6e09dad,aaron wanbissaka,,,,,,2026-09-30T08:08:47.863050Z
plr_c4e3282a,leon goretzka,,,,,,2026-09-30T08:08:47.863050Z
plr_0f88634d,taylor harwoodbellis,,,,,,2026-09-30T08:08:47.863050Z
plr_13da9407,ibrahim mbaye,,,,,,2026-09-30T08:08:47.863050Z
plr_88cfe712,james wright,,,,,,2026-09-30T08:08:47.863050Z
plr_36e30b39,đorđe petrović,,,,,,2026-09-30T08:08:47.863050Z
plr_63ede291,fraser forster,,,,,,2026-09-30T08:08:47.863050Z
plr_a9c44c72,will dennis,,,,,,2026-09-30T08:08:47.863050Z
plr_6388852b,james hill,,,,,,2026-09-30T08:08:47.863050Z
plr_6a713b69,adrien truffert,,,,,,2026-09-30T08:08:47.863050Z
plr_e449c996,bafodé diakité,,,,,,2026-09-30T08:08:47.863050Z
plr_86be5903,veljko milosavljevic,,,,,,2026-09-30T08:08:47.863050Z
plr_7de60b44,adam smith,,,,,,2026-09-30T08:08:47.863050Z
plr_f6da738d,julián araujo zúñiga,,,,,,2026-09-30T08:08:47.863050Z
plr_a059ab5e,julio soler barreto,,,,,,2026-09-30T08:08:47.863050Z
plr_249e8e0f,rayan vitor simplício rocha,,,,,,2026-09-30T08:08:47.863050Z
plr_0737d691,marcus tavernier,,,,,,2026-09-30T08:08:47.863050Z
plr_a5d91a79,alex scott,,,,,,2026-09-30T08:08:47.863050Z
plr_5b83f4c1,justin kluivert,,,,,,2026-09-30T08:08:47.863050Z
plr_3abc5666,lewis cook,,,,,,2026-09-30T08:08:47.863050Z
plr_8fc0c80c,ben gannondoak,,,,,,2026-09-30T08:08:47.863050Z
plr_bfbcc855,tyler adams,,,,,,2026-09-30T08:08:47.863050Z
plr_e26c1ff3,david brooks,,,,,,2026-09-30T08:08:47.863050Z
plr_68e11810,ryan christie,,,,,,2026-09-30T08:08:47.863050Z
plr_b0e52610,alex tóth,,,,,,2026-09-30T08:08:47.863050Z
plr_5b165f88,amine adli,,,,,,2026-09-30T08:08:47.863050Z
plr_cf2b3bdb,junior kroupi,,,,,,2026-09-30T08:08:47.863050Z
plr_8153ad55,francisco evanilson de lima barbosa,,,,,,2026-09-30T08:08:47.863050Z
plr_c7a83835,enes ünal,,,,,,2026-09-30T08:08:47.863050Z
plr_a2e75017,álvaro rodríguez,,,,,,2026-09-30T08:08:47.863050Z
plr_eb03c68a,antónio joão pereira de albuquerque tavares da silva,,,,,,2026-09-30T08:08:47.863050Z
plr_e5abe8a0,juanlu sánchez,,,,,,2026-09-30T08:08:47.863050Z
plr_e5e0bde1,daniel jebbison,,,,,,2026-09-30T08:08:47.863050Z
plr_33480cac,michele di gregorio,,,,,,2026-09-30T08:08:47.863050Z
plr_d9f07c7e,caoimhín kelleher,,,,,,2026-09-30T08:08:47.863050Z
plr_5f545f80,hákon rafn valdimarsson,,,,,,2026-09-30T08:08:47.863050Z
plr_abcc172b,nathan collins,,,,,,2026-09-30T08:08:47.863050Z
plr_4d36f785,sepp van den berg,,,,,,2026-09-30T08:08:47.863050Z
plr_a24b8de3,keane lewispotter,,,,,,2026-09-30T08:08:47.863050Z
plr_0ca62994,kristoffer ajer,,,,,,2026-09-30T08:08:47.863050Z
plr_7d7cb61e,michael kayode,,,,,,2026-09-30T08:08:47.863050Z
plr_1de189ce,rico henry,,,,,,2026-09-30T08:08:47.863050Z
plr_d6c4a80d,aaron hickey,,,,,,2026-09-30T08:08:47.863050Z
plr_55bb3e3f,kim jisoo,,,,,,2026-09-30T08:08:47.863050Z
plr_de3a29eb,jannik schuster,,,,,,2026-09-30T08:08:47.863050Z
plr_d580a46c,kevin schade,,,,,,2026-09-30T08:08:47.863050Z
plr_11c815c2,dango ouattara,,,,,,2026-09-30T08:08:47.863050Z
plr_0c3a396f,mikkel damsgaard,,,,,,2026-09-30T08:08:47.863050Z
plr_f7c92a7f,mathias jensen,,,,,,2026-09-30T08:08:47.863050Z
plr_78d87da7,vitaly janelt,,,,,,2026-09-30T08:08:47.863050Z
plr_1ae48738,antoni milambo,,,,,,2026-09-30T08:08:47.863050Z
plr_4aaa5676,fábio freitas gouveia carvalho,,,,,,2026-09-30T08:08:47.863050Z
plr_64fc6cd6,yehor yarmoliuk,,,,,,2026-09-30T08:08:47.863050Z
plr_75c9851b,josh dasilva,,,,,,2026-09-30T08:08:47.863050Z
plr_02a2aa6c,jaidon anthony,,,,,,2026-09-30T08:08:47.863050Z
plr_eba3983d,igor thiago nascimento rodrigues,,,,,,2026-09-30T08:08:47.863050Z
plr_819d5d9d,kaye furo,,,,,,2026-09-30T08:08:47.863050Z
plr_f99aa992,callum wilson,,,,,,2026-09-30T08:08:47.863050Z
plr_4e53cc3f,mamadou sangaré,,,,,,2026-09-30T08:08:47.863050Z
plr_9cfe3959,el hadji malick diouf,,,,,,2026-09-30T08:08:47.863050Z
plr_da3ee94e,gustavo nunes fernandes gomes,,,,,,2026-09-30T08:08:47.863050Z
plr_e149ad78,benjamin fredrick,,,,,,2026-09-30T08:08:47.863050Z
plr_4be73a02,ellery balcombe,,,,,,2026-09-30T08:08:47.863050Z
plr_5b939045,bart verbruggen,,,,,,2026-09-30T08:08:47.863050Z
plr_d513c065,jason steele,,,,,,2026-09-30T08:08:47.863050Z
plr_e3f17656,ferdi kadıoğlu,,,,,,2026-09-30T08:08:47.863050Z
plr_91354b96,olivier boscagli,,,,,,2026-09-30T08:08:47.863050Z
plr_27f3ad8d,maxim de cuyper,,,,,,2026-09-30T08:08:47.863050Z
plr_17d3fe31,lewis dunk,,,,,,2026-09-30T08:08:47.863050Z
plr_72e265d8,diego coppola,,,,,,2026-09-30T08:08:47.863050Z
plr_44a3f4cf,igor julio dos santos de paulo,,,,,,2026-09-30T08:08:47.863050Z
plr_b598e7f6,joão pedro loureiro da costa,,,,,,2026-09-30T08:08:47.863050Z
plr_8d8b3253,michael svoboda,,,,,,2026-09-30T08:08:47.863050Z
plr_598d93e1,mitoma kaoru,,,,,,2026-09-30T08:08:47.863050Z
plr_585564d2,yankuba minteh,,,,,,2026-09-30T08:08:47.863050Z
plr_1da24d48,jack hinshelwood,,,,,,2026-09-30T08:08:47.863050Z
plr_1ff6bfa5,pascal groß,,,,,,2026-09-30T08:08:47.863050Z
plr_f4c55c06,georginio rutter,,,,,,2026-09-30T08:08:47.863050Z
plr_eefeb513,matt oriley,,,,,,2026-09-30T08:08:47.863050Z
plr_b04f2678,diego gómez amarilla,,,,,,2026-09-30T08:08:47.863050Z
plr_0924b3b0,facundo buonanotte,,,,,,2026-09-30T08:08:47.863050Z
plr_ffed01df,yasin ayari,,,,,,2026-09-30T08:08:47.863050Z
plr_2afa6c84,mats wieffer,,,,,,2026-09-30T08:08:47.863050Z
plr_26154ec4,harry howell,,,,,,2026-09-30T08:08:47.863050Z
plr_0a3c272d,tom watson,,,,,,2026-09-30T08:08:47.863050Z
plr_b360a119,nehemiah oriola,,,,,,2026-09-30T08:08:47.863050Z
plr_561fcbdb,zadok yohanna,,,,,,2026-09-30T08:08:47.864015Z
plr_9e5e7a8f,stefanos tzimas,,,,,,2026-09-30T08:08:47.864015Z
plr_44f60b3f,charalampos kostoulas,,,,,,2026-09-30T08:08:47.864015Z
plr_f0f2b8bc,evan ferguson,,,,,,2026-09-30T08:08:47.864015Z
plr_9ed36985,pascal struijk,,,,,,2026-09-30T08:08:47.864015Z
plr_5e1b8f34,luka vušković,,,,,,2026-09-30T08:08:47.864015Z
plr_622381f0,promise david,,,,,,2026-09-30T08:08:47.864015Z
plr_ea35b200,ibrahim osman,,,,,,2026-09-30T08:08:47.864015Z
plr_e3a9e502,malick yalcouyé,,,,,,2026-09-30T08:08:47.864015Z
plr_f5420ae8,jaouen hadjam,,,,,,2026-09-30T08:08:47.864015Z
plr_cc6d2f42,amario cozierduberry,,,,,,2026-09-30T08:08:47.864015Z
plr_9e4425f0,josé maría andrés baixauli,,,,,,2026-09-30T08:08:47.864015Z
plr_e8923dca,femi azeez,,,,,,2026-09-30T08:08:47.864015Z
plr_76984505,younes ibrahim,,,,,,2026-09-30T08:08:47.864015Z
plr_9cab1e6b,emiliano martínez romero,,,,,,2026-09-30T08:08:47.864015Z
plr_0e996c28,morgan rogers,,,,,,2026-09-30T08:08:47.864015Z
plr_39a53bb5,jordan henderson,,,,,,2026-09-30T08:08:47.864015Z
plr_c110c0c4,danny welbeck,,,,,,2026-09-30T08:08:47.864015Z
plr_a57825e7,robert lynch sánchez,,,,,,2026-09-30T08:08:47.864015Z
plr_e01d9503,filip jörgensen,,,,,,2026-09-30T08:08:47.864015Z
plr_f96ce1d7,reece james,,,,,,2026-09-30T08:08:47.864015Z
plr_c0cef21e,trevoh chalobah,,,,,,2026-09-30T08:08:47.864015Z
plr_bbd50003,malo gusto,,,,,,2026-09-30T08:08:47.864015Z
plr_c8cabc5c,wesley fofana,,,,,,2026-09-30T08:08:47.864015Z
plr_40ac770c,benoît badiashile mukinayi,,,,,,2026-09-30T08:08:47.864015Z
plr_9be2f81e,jorrel hato,,,,,,2026-09-30T08:08:47.864015Z
plr_63f4fcbe,levi samuels colwill,,,,,,2026-09-30T08:08:47.864015Z
plr_d7d1a640,mamadou sarr,,,,,,2026-09-30T08:08:47.864015Z
plr_45c2baa4,josh acheampong,,,,,,2026-09-30T08:08:47.864015Z
plr_edc882d3,marco palestra,,,,,,2026-09-30T08:08:47.864015Z
plr_9568abe3,cole palmer,,,,,,2026-09-30T08:08:47.864015Z
plr_0291988b,pedro lomba neto,,,,,,2026-09-30T08:08:47.864015Z
plr_727616b7,estêvão almeida de oliveira gonçalves,,,,,,2026-09-30T08:08:47.864015Z
plr_f3e3519c,jamie bynoegittens,,,,,,2026-09-30T08:08:47.864015Z
plr_572e94c3,moisés caicedo corozo,,,,,,2026-09-30T08:08:47.864015Z
plr_c5743315,roméo lavia,,,,,,2026-09-30T08:08:47.864015Z
plr_f1f432c0,dário luís essugo,,,,,,2026-09-30T08:08:47.864015Z
plr_7b4a07bb,geovany quenda,,,,,,2026-09-30T08:08:47.864015Z
plr_44455689,joão pedro junqueira de jesus,,,,,,2026-09-30T08:08:47.864015Z
plr_8e09f36e,marc guiu paz,,,,,,2026-09-30T08:08:47.864015Z
plr_f0651968,shumaira mheuka,,,,,,2026-09-30T08:08:47.864015Z
plr_f12e82cb,emmanuel emegha,,,,,,2026-09-30T08:08:47.864015Z
plr_16526641,maxence lacroix,,,,,,2026-09-30T08:08:47.864015Z
plr_87d50b8b,mike penders,,,,,,2026-09-30T08:08:47.864015Z
plr_a13c28ca,aaron anselmino,,,,,,2026-09-30T08:08:47.864015Z
plr_f3c70ce9,valentín barco,,,,,,2026-09-30T08:08:47.864015Z
plr_7414f11e,pep chavarría,,,,,,2026-09-30T08:08:47.864015Z
plr_59fdefda,mahdi nicolljazuli,,,,,,2026-09-30T08:08:47.864015Z
plr_50ea4872,ethan pinnock,,,,,,2026-09-30T08:08:47.864015Z
plr_ca923aa0,frank onyeka,,,,,,2026-09-30T08:08:47.864015Z
plr_eca3cb93,carl rushworth,,,,,,2026-09-30T08:08:47.864015Z
plr_5fcfd3ac,oliver dovin,,,,,,2026-09-30T08:08:47.864015Z
plr_2016d45c,ben wilson,,,,,,2026-09-30T08:08:47.864015Z
plr_7de4c55b,bobby thomas,,,,,,2026-09-30T08:08:47.864015Z
plr_f843c082,liam kitching,,,,,,2026-09-30T08:08:47.864015Z
plr_9489c00c,milan van ewijk,,,,,,2026-09-30T08:08:47.864015Z
plr_c6aeefc3,jay dasilva,,,,,,2026-09-30T08:08:47.864015Z
plr_c178b84f,kaine keslerhayden,,,,,,2026-09-30T08:08:47.864015Z
plr_ac34d2f1,jake bidwell,,,,,,2026-09-30T08:08:47.864015Z
plr_8707f723,joel latibeaudiere,,,,,,2026-09-30T08:08:47.864015Z
plr_241577b8,luke woolfenden,,,,,,2026-09-30T08:08:47.864015Z
plr_72302afd,miguel brau,,,,,,2026-09-30T08:08:47.864015Z
plr_63a29c8a,aurèle amenda,,,,,,2026-09-30T08:08:47.864015Z
plr_eccdb904,jack rudoni,,,,,,2026-09-30T08:08:47.864015Z
plr_e4d4bdd3,matt grimes,,,,,,2026-09-30T08:08:47.864015Z
plr_e0fc0100,tatsuhiro sakamoto,,,,,,2026-09-30T08:08:47.864015Z
plr_e15782bb,ephron masonclark,,,,,,2026-09-30T08:08:47.864015Z
plr_fc0094de,josh eccles,,,,,,2026-09-30T08:08:47.864015Z
plr_1186bc3a,victor torp,,,,,,2026-09-30T08:08:47.864015Z
plr_31ff7684,george shepherd,,,,,,2026-09-30T08:08:47.864015Z
plr_123e259b,loum tchaouna,,,,,,2026-09-30T08:08:47.864015Z
plr_5ad8cf2e,raphael borges rodrigues,,,,,,2026-09-30T08:08:47.864015Z
plr_619a5f71,kai andrews,,,,,,2026-09-30T08:08:47.864015Z
plr_6b189458,haji wright,,,,,,2026-09-30T08:08:47.864015Z
plr_c525026a,brandon thomasasante,,,,,,2026-09-30T08:08:47.864015Z
plr_45e2f1bf,ellis simms,,,,,,2026-09-30T08:08:47.864015Z
plr_8235b8dd,jahnoah markelo,,,,,,2026-09-30T08:08:47.864015Z
plr_fa14ed14,norman bassette,,,,,,2026-09-30T08:08:47.864015Z
plr_098efac6,taiwo awoniyi,,,,,,2026-09-30T08:08:47.864015Z
plr_ea66e939,caleb yirenkyi,,,,,,2026-09-30T08:08:47.864015Z
plr_79477e51,gustavo hamer,,,,,,2026-09-30T08:08:47.864015Z
plr_ef50d287,sidiki cherif,,,,,,2026-09-30T08:08:47.864015Z
plr_c29e9064,dan bentley,,,,,,2026-09-30T08:08:47.864015Z
plr_a9e074f3,yann gboho,,,,,,2026-09-30T08:08:47.864015Z
plr_fd7ea056,stephen mfuni,,,,,,2026-09-30T08:08:47.864015Z
plr_1d262dd1,evann guessand,,,,,,2026-09-30T08:08:47.864015Z
plr_a7dac379,axel disasi,,,,,,2026-09-30T08:08:47.864015Z
plr_cd76ee67,dean henderson,,,,,,2026-09-30T08:08:47.864015Z
plr_54cea6a7,walter benítez,,,,,,2026-09-30T08:08:47.864015Z
plr_4ecacdd3,chris richards,,,,,,2026-09-30T08:08:47.864015Z
plr_7f9fe860,jaydee canvot,,,,,,2026-09-30T08:08:47.864015Z
plr_6166ea67,tyrick mitchell,,,,,,2026-09-30T08:08:47.864015Z
plr_c6846bde,borna sosa,,,,,,2026-09-30T08:08:47.864015Z
plr_4dc2388a,chadi riad dnanou,,,,,,2026-09-30T08:08:47.864015Z
plr_9eaee659,oscar mingueza,,,,,,2026-09-30T08:08:47.864015Z
plr_461bc506,ismaïla sarr,,,,,,2026-09-30T08:08:47.864015Z
plr_2c2107b0,adam wharton,,,,,,2026-09-30T08:08:47.864015Z
plr_d2fa47f0,yéremy pino santos,,,,,,2026-09-30T08:08:47.864015Z
plr_c6de51c1,will hughes,,,,,,2026-09-30T08:08:47.864015Z
plr_159db923,jefferson lerma solís,,,,,,2026-09-30T08:08:47.864015Z
plr_0598d2e1,daichi kamada,,,,,,2026-09-30T08:08:47.864015Z
plr_8b204f6c,justin devenny,,,,,,2026-09-30T08:08:47.864015Z
plr_83055a89,romain esse,,,,,,2026-09-30T08:08:47.864015Z
plr_b18ee027,matheus frança de oliveira,,,,,,2026-09-30T08:08:47.864015Z
plr_0ff0037e,cheick doucouré,,,,,,2026-09-30T08:08:47.864015Z
plr_09f8d64d,jesurun raksakyi,,,,,,2026-09-30T08:08:47.864015Z
plr_2a93895a,rio cardines,,,,,,2026-09-30T08:08:47.864015Z
plr_3d4a341a,joél drakesthomas,,,,,,2026-09-30T08:08:47.864015Z
plr_4e26df1e,jørgen strand larsen,,,,,,2026-09-30T08:08:47.864015Z
plr_a34262fe,jeanphilippe mateta,,,,,,2026-09-30T08:08:47.864015Z
plr_4af87adc,eddie nketiah,,,,,,2026-09-30T08:08:47.864015Z
plr_add1171c,christantus uche,,,,,,2026-09-30T08:08:47.864015Z
plr_320406ae,dwight mcneil,,,,,,2026-09-30T08:08:47.865050Z
plr_112706b9,remi matthews,,,,,,2026-09-30T08:08:47.865050Z
plr_bfcba49b,takehiro tomiyasu,,,,,,2026-09-30T08:08:47.865050Z
plr_ed89f381,anan khalaili,,,,,,2026-09-30T08:08:47.865050Z
plr_f603dac6,zavier gozo,,,,,,2026-09-30T08:08:47.865050Z
plr_90897475,honest ahanor,,,,,,2026-09-30T08:08:47.865050Z
plr_7612503d,ben chilwell,,,,,,2026-09-30T08:08:47.865050Z
plr_0ae5a185,quinten timber,,,,,,2026-09-30T08:08:47.865050Z
plr_13c739fe,darío osorio,,,,,,2026-09-30T08:08:47.865050Z
plr_8b5d6f41,christian nørgaard,,,,,,2026-09-30T08:08:47.865050Z
plr_0b3937da,brennan johnson,,,,,,2026-09-30T08:08:47.865050Z
plr_a22f1a91,jordan pickford,,,,,,2026-09-30T08:08:47.865050Z
plr_1b3c04d7,mark travers,,,,,,2026-09-30T08:08:47.865050Z
plr_8b3c55b5,tom king,,,,,,2026-09-30T08:08:47.865050Z
plr_97383b11,james tarkowski,,,,,,2026-09-30T08:08:47.865050Z
plr_05bfc15e,jarrad branthwaite,,,,,,2026-09-30T08:08:47.865050Z
plr_7371b58a,michael keane,,,,,,2026-09-30T08:08:47.865050Z
plr_1dbfa6b1,jake obrien,,,,,,2026-09-30T08:08:47.865050Z
plr_38e35366,vitalii mykolenko,,,,,,2026-09-30T08:08:47.865050Z
plr_81652789,nathan patterson,,,,,,2026-09-30T08:08:47.865050Z
plr_9b1b9807,adam aznou,,,,,,2026-09-30T08:08:47.865050Z
plr_123910c1,kiernan dewsburyhall,,,,,,2026-09-30T08:08:47.865050Z
plr_0509e927,jack grealish,,,,,,2026-09-30T08:08:47.865050Z
plr_1cf492ad,james garner,,,,,,2026-09-30T08:08:47.865050Z
plr_733ddf8a,tyrique george,,,,,,2026-09-30T08:08:47.865050Z
plr_42910239,carlos alcaraz durán,,,,,,2026-09-30T08:08:47.865050Z
plr_4ac9150d,harrison armstrong,,,,,,2026-09-30T08:08:47.865050Z
plr_86a2ea40,tyler dibling,,,,,,2026-09-30T08:08:47.865050Z
plr_e54f1383,merlin röhl,,,,,,2026-09-30T08:08:47.865050Z
plr_b56c2790,hayden hackney,,,,,,2026-09-30T08:08:47.865050Z
plr_4099c30f,norberto bercique gomes betuncal,,,,,,2026-09-30T08:08:47.865050Z
plr_c9009e53,thierno barry,,,,,,2026-09-30T08:08:47.865050Z
plr_e2d75349,ainsley maitlandniles,,,,,,2026-09-30T08:08:47.865050Z
plr_09523400,braiden graham,,,,,,2026-09-30T08:08:47.865050Z
plr_21e91f8c,bernd leno,,,,,,2026-09-30T08:08:47.865050Z
plr_3f8b4913,benjamin lecomte,,,,,,2026-09-30T08:08:47.865050Z
plr_42ee33ec,alfie mcnally,,,,,,2026-09-30T08:08:47.865050Z
plr_16b27d16,joachim andersen,,,,,,2026-09-30T08:08:47.865050Z
plr_6231995c,antonee robinson,,,,,,2026-09-30T08:08:47.865050Z
plr_6a0b5117,jorge cuenca barreno,,,,,,2026-09-30T08:08:47.865050Z
plr_2312327f,kenny tete,,,,,,2026-09-30T08:08:47.865050Z
plr_3dbefb06,calvin bassey,,,,,,2026-09-30T08:08:47.865050Z
plr_3899fe10,timothy castagne,,,,,,2026-09-30T08:08:47.865050Z
plr_d7ee89e1,alex iwobi,,,,,,2026-09-30T08:08:47.865050Z
plr_433ec66d,emile smith rowe,,,,,,2026-09-30T08:08:47.865050Z
plr_df3a27f9,kevin santos lopes de macedo,,,,,,2026-09-30T08:08:47.865050Z
plr_f0ac9433,oscar bobb,,,,,,2026-09-30T08:08:47.865050Z
plr_a1a60326,sander berge,,,,,,2026-09-30T08:08:47.865050Z
plr_fdbd8637,tom cairney,,,,,,2026-09-30T08:08:47.865050Z
plr_cb87f06f,josh king,,,,,,2026-09-30T08:08:47.865050Z
plr_4f80499d,ryan sessegnon,,,,,,2026-09-30T08:08:47.865050Z
plr_229bf9e4,harrison reed,,,,,,2026-09-30T08:08:47.865050Z
plr_807b6ef8,rodrigo muniz carvalho,,,,,,2026-09-30T08:08:47.865050Z
plr_1fc70147,jonah kusiasare,,,,,,2026-09-30T08:08:47.865050Z
plr_0d222b95,gonzalo garcía,,,,,,2026-09-30T08:08:47.865050Z
plr_0dbe49d9,césar palacios,,,,,,2026-09-30T08:08:47.865050Z
plr_5378321f,shea charles,,,,,,2026-09-30T08:08:47.865050Z
plr_eccdc10b,luc de fougerolles,,,,,,2026-09-30T08:08:47.865050Z
plr_f917fb2a,macaulay zepa,,,,,,2026-09-30T08:08:47.865050Z
plr_07eb2db6,hugo larsson,,,,,,2026-09-30T08:08:47.865050Z
plr_70bac075,manuel ángel morán ibáñez,,,,,,2026-09-30T08:08:47.865050Z
plr_fee47ee9,david affengruber,,,,,,2026-09-30T08:08:47.865050Z
plr_f6611b42,tim iroegbunam,,,,,,2026-09-30T08:08:47.865050Z
plr_be4c89ed,dillon phillips,,,,,,2026-09-30T08:08:47.865050Z
plr_c8965214,jack butland,,,,,,2026-09-30T08:08:47.865050Z
plr_ef8531f8,harvey cartwright,,,,,,2026-09-30T08:08:47.865050Z
plr_bbcaf989,thimothée lotutala,,,,,,2026-09-30T08:08:47.865050Z
plr_9d803492,john egan,,,,,,2026-09-30T08:08:47.865050Z
plr_1a1f5256,charlie hughes,,,,,,2026-09-30T08:08:47.865050Z
plr_bf54dd51,semi ajayi,,,,,,2026-09-30T08:08:47.865050Z
plr_16bf80de,lewie coyle,,,,,,2026-09-30T08:08:47.865050Z
plr_997c64dd,cody drameh,,,,,,2026-09-30T08:08:47.865050Z
plr_0f6ae2af,ryan giles,,,,,,2026-09-30T08:08:47.865050Z
plr_3660b5f9,matty jacob,,,,,,2026-09-30T08:08:47.865050Z
plr_de072934,cathal mccarthy,,,,,,2026-09-30T08:08:47.865050Z
plr_2cabe66e,paddy mcnair,,,,,,2026-09-30T08:08:47.865050Z
plr_28a3e3e1,mohamed belloumi,,,,,,2026-09-30T08:08:47.865050Z
plr_31412b5c,liam millar,,,,,,2026-09-30T08:08:47.865050Z
plr_14233d92,kieran dowell,,,,,,2026-09-30T08:08:47.865050Z
plr_b90ae33b,matt crooks,,,,,,2026-09-30T08:08:47.865050Z
plr_06d8d5c1,regan slater,,,,,,2026-09-30T08:08:47.865050Z
plr_874d2ebf,eliot matazo,,,,,,2026-09-30T08:08:47.865050Z
plr_416a7497,abdülkadir ömür,,,,,,2026-09-30T08:08:47.865050Z
plr_df1c1412,abu kamara,,,,,,2026-09-30T08:08:47.865050Z
plr_85996d1a,óscar zambrano,,,,,,2026-09-30T08:08:47.865050Z
plr_f2ba06fb,oli mcburnie,,,,,,2026-09-30T08:08:47.865050Z
plr_32c05e80,david akintola,,,,,,2026-09-30T08:08:47.865050Z
plr_7a52a858,darko gyabi,,,,,,2026-09-30T08:08:47.865050Z
plr_fc606661,enis destan,,,,,,2026-09-30T08:08:47.865050Z
plr_f22cc06d,mason burstow,,,,,,2026-09-30T08:08:47.865050Z
plr_84c2d1c9,joe gelhardt,,,,,,2026-09-30T08:08:47.865050Z
plr_1534771a,matt targett,,,,,,2026-09-30T08:08:47.865050Z
plr_ae695a11,hidemasa morita,,,,,,2026-09-30T08:08:47.865050Z
plr_b6fb216f,konstantinos tzolakis,,,,,,2026-09-30T08:08:47.865050Z
plr_344602e2,jens hjertødahl,,,,,,2026-09-30T08:08:47.865050Z
plr_55c08ae8,elliot stroud,,,,,,2026-09-30T08:08:47.865050Z
plr_6a1795bb,lucas herrington,,,,,,2026-09-30T08:08:47.865050Z
plr_512422a9,nobel mendy,,,,,,2026-09-30T08:08:47.865050Z
plr_40acd347,lucas gournadouath,,,,,,2026-09-30T08:08:47.865050Z
plr_5fc05af5,mohamedali cho,,,,,,2026-09-30T08:08:47.865050Z
plr_6dac3fc9,ilyas ansah,,,,,,2026-09-30T08:08:47.865050Z
plr_d1c35127,robinio vaz,,,,,,2026-09-30T08:08:47.865050Z
plr_585226a9,brooke nortoncuffy,,,,,,2026-09-30T08:08:47.865050Z
plr_117eea15,sorba thomas,,,,,,2026-09-30T08:08:47.865050Z
plr_d3ff9886,christos mouzakitis,,,,,,2026-09-30T08:08:47.865050Z
plr_cab8eafd,issa diop,,,,,,2026-09-30T08:08:47.865050Z
plr_f3215c33,saša lukić,,,,,,2026-09-30T08:08:47.865050Z
plr_f769a14d,christian walton,,,,,,2026-09-30T08:08:47.865050Z
plr_d841fdad,alex palmer,,,,,,2026-09-30T08:08:47.865050Z
plr_c0b12f53,david button,,,,,,2026-09-30T08:08:47.865050Z
plr_80a25b01,cédric kipré,,,,,,2026-09-30T08:08:47.866048Z
plr_c2de04fa,dara oshea,,,,,,2026-09-30T08:08:47.866048Z
plr_32046a01,leif davis,,,,,,2026-09-30T08:08:47.866048Z
plr_1e9a28b4,jacob greaves,,,,,,2026-09-30T08:08:47.866048Z
plr_4c6e2466,ben johnson,,,,,,2026-09-30T08:08:47.866048Z
plr_fefde256,darnell furlong,,,,,,2026-09-30T08:08:47.866048Z
plr_7e2e9dd5,marcelino núñez,,,,,,2026-09-30T08:08:47.866048Z
plr_56340ce0,azor matusiwa,,,,,,2026-09-30T08:08:47.866048Z
plr_095f4720,wes burns,,,,,,2026-09-30T08:08:47.866048Z
plr_971fba7d,jack taylor,,,,,,2026-09-30T08:08:47.866048Z
plr_176e5f02,jack clarke,,,,,,2026-09-30T08:08:47.866048Z
plr_b9c65944,chiedozie ogbene,,,,,,2026-09-30T08:08:47.866048Z
plr_3c17a354,abdul fatawu,,,,,,2026-09-30T08:08:47.866048Z
plr_54bad86c,emersonn correia da silva,,,,,,2026-09-30T08:08:47.866048Z
plr_35907570,george hirst,,,,,,2026-09-30T08:08:47.866048Z
plr_d2349a3b,jaden philogene,,,,,,2026-09-30T08:08:47.866048Z
plr_1ce55194,sam szmodics,,,,,,2026-09-30T08:08:47.866048Z
plr_932ed442,chuba akpom,,,,,,2026-09-30T08:08:47.866048Z
plr_c82dc623,sindre walle egeli,,,,,,2026-09-30T08:08:47.866048Z
plr_e5217498,ali alhamadi,,,,,,2026-09-30T08:08:47.866048Z
plr_dfcd3457,kasey mcateer,,,,,,2026-09-30T08:08:47.866048Z
plr_c3375a0f,anis mehmeti,,,,,,2026-09-30T08:08:47.866048Z
plr_3ea138b5,kayne van oevelen,,,,,,2026-09-30T08:08:47.866048Z
plr_2a48466f,daizen maeda,,,,,,2026-09-30T08:08:47.866048Z
plr_aebb37d7,kjell scherpen,,,,,,2026-09-30T08:08:47.866048Z
plr_9e70353e,florentino ibrain morris luís,,,,,,2026-09-30T08:08:47.866048Z
plr_407bb2b7,julio enciso,,,,,,2026-09-30T08:08:47.866048Z
plr_1116b1bc,abdoul ouattara,,,,,,2026-09-30T08:08:47.866048Z
plr_30ca3245,cameron humphreys,,,,,,2026-09-30T08:08:47.866048Z
plr_c405920a,exequiel palacios,,,,,,2026-09-30T08:08:47.866048Z
plr_1e200b95,zian flemming,,,,,,2026-09-30T08:08:47.866048Z
plr_5172c4ed,harry wilson,,,,,,2026-09-30T08:08:47.866048Z
plr_10a81eb8,lucas estella perri,,,,,,2026-09-30T08:08:47.866048Z
plr_0962cdca,jaka bijol,,,,,,2026-09-30T08:08:47.866048Z
plr_721a53fe,joe rodon,,,,,,2026-09-30T08:08:47.866048Z
plr_35e6f90c,jayden bogle,,,,,,2026-09-30T08:08:47.866048Z
plr_2407d0b7,gabriel gudmundsson,,,,,,2026-09-30T08:08:47.866048Z
plr_7c69a808,james justin,,,,,,2026-09-30T08:08:47.866048Z
plr_bb1440ca,sebastiaan bornauw,,,,,,2026-09-30T08:08:47.866048Z
plr_fab91f4e,tarik muharemović,,,,,,2026-09-30T08:08:47.866048Z
plr_8f92863d,anton stach,,,,,,2026-09-30T08:08:47.866048Z
plr_ccef4b28,noah okafor,,,,,,2026-09-30T08:08:47.866048Z
plr_d582b609,brenden aaronson,,,,,,2026-09-30T08:08:47.866048Z
plr_595f0745,ethan ampadu,,,,,,2026-09-30T08:08:47.866048Z
plr_bcea5087,sean longstaff,,,,,,2026-09-30T08:08:47.866048Z
plr_b2c7cc1e,wilfried gnonto,,,,,,2026-09-30T08:08:47.866048Z
plr_ab6c331b,jack harrison,,,,,,2026-09-30T08:08:47.866048Z
plr_cb5ba368,daniel james,,,,,,2026-09-30T08:08:47.866048Z
plr_2884575b,ilia gruev,,,,,,2026-09-30T08:08:47.866048Z
plr_201fd324,tanaka ao,,,,,,2026-09-30T08:08:47.866048Z
plr_e6f9c84a,dominic calvertlewin,,,,,,2026-09-30T08:08:47.866048Z
plr_4442bd6c,lukas nmecha,,,,,,2026-09-30T08:08:47.866048Z
plr_57b169d0,joël piroe,,,,,,2026-09-30T08:08:47.866048Z
plr_42c3525e,mateo joseph fernándezregatillo,,,,,,2026-09-30T08:08:47.866048Z
plr_6f7951b2,james trafford,,,,,,2026-09-30T08:08:47.866048Z
plr_b3c2a87b,nico elvedi,,,,,,2026-09-30T08:08:47.866048Z
plr_121357cc,jayden lienou,,,,,,2026-09-30T08:08:47.866048Z
plr_57113fad,alfie cresswell,,,,,,2026-09-30T08:08:47.866048Z
plr_e81ca0dc,alex cairns,,,,,,2026-09-30T08:08:47.866048Z
plr_78545022,michael zetterer,,,,,,2026-09-30T08:08:47.866048Z
plr_2036dc06,melvin bard,,,,,,2026-09-30T08:08:47.866048Z
plr_266b504c,jeanmattéo bahoya,,,,,,2026-09-30T08:08:47.866048Z
plr_b1d7e0b3,alisson becker,,,,,,2026-09-30T08:08:47.866048Z
plr_b77b3888,giorgi mamardashvili,,,,,,2026-09-30T08:08:47.866048Z
plr_ac7a74c2,freddie woodman,,,,,,2026-09-30T08:08:47.866048Z
plr_9721ca8b,armin pecsi,,,,,,2026-09-30T08:08:47.866048Z
plr_9f8248f0,vitezslav jaros,,,,,,2026-09-30T08:08:47.866048Z
plr_fac44771,harvey davies,,,,,,2026-09-30T08:08:47.866048Z
plr_6a22e358,virgil van dijk,,,,,,2026-09-30T08:08:47.866048Z
plr_6548eaed,jeremie frimpong,,,,,,2026-09-30T08:08:47.866048Z
plr_10755a03,milos kerkez,,,,,,2026-09-30T08:08:47.866048Z
plr_3c7ecbba,joe gomez,,,,,,2026-09-30T08:08:47.866048Z
plr_c7699938,conor bradley,,,,,,2026-09-30T08:08:47.866048Z
plr_894836df,wellity lucky,,,,,,2026-09-30T08:08:47.866048Z
plr_1fe02895,jeremy jacquet,,,,,,2026-09-30T08:08:47.866048Z
plr_494426aa,giovanni leoni,,,,,,2026-09-30T08:08:47.866048Z
plr_39a636b6,kostas tsimikas,,,,,,2026-09-30T08:08:47.866048Z
plr_3e2ee977,calvin ramsay,,,,,,2026-09-30T08:08:47.866048Z
plr_9ad2faaf,florian wirtz,,,,,,2026-09-30T08:08:47.866048Z
plr_b4ad5148,cody gakpo,,,,,,2026-09-30T08:08:47.866048Z
plr_f32564e0,dominik szoboszlai,,,,,,2026-09-30T08:08:47.866048Z
plr_4a1ccf7b,rio ngumoha,,,,,,2026-09-30T08:08:47.866048Z
plr_1b8949c0,federico chiesa,,,,,,2026-09-30T08:08:47.866048Z
plr_711e1844,ryan gravenberch,,,,,,2026-09-30T08:08:47.866048Z
plr_0a0a322f,alexis mac allister,,,,,,2026-09-30T08:08:47.866048Z
plr_801d803c,curtis jones,,,,,,2026-09-30T08:08:47.866048Z
plr_da136f27,endo wataru,,,,,,2026-09-30T08:08:47.866048Z
plr_7a4cdbca,trey nyoni,,,,,,2026-09-30T08:08:47.866048Z
plr_62e56799,stefan bajčetić maquieira,,,,,,2026-09-30T08:08:47.866048Z
plr_4edc588c,victor munoz,,,,,,2026-09-30T08:08:47.866048Z
plr_75bb9efa,james mcconnell,,,,,,2026-09-30T08:08:47.866048Z
plr_ead24d09,alexander isak,,,,,,2026-09-30T08:08:47.866048Z
plr_376dac3a,hugo ekitiké,,,,,,2026-09-30T08:08:47.866048Z
plr_f005a2fc,lewis koumas,,,,,,2026-09-30T08:08:47.866048Z
plr_d1894b67,jayden danns,,,,,,2026-09-30T08:08:47.866048Z
plr_34c8e8e3,harvey elliott,,,,,,2026-09-30T08:08:47.866048Z
plr_1e311082,ronald araujo,,,,,,2026-09-30T08:08:47.866048Z
plr_1ad10b24,bradley barcola,,,,,,2026-09-30T08:08:47.866048Z
plr_a43fd942,enzo fernández,,,,,,2026-09-30T08:08:47.866048Z
plr_055dd9a2,iliman ndiaye,,,,,,2026-09-30T08:08:47.866048Z
plr_a5ec4bfb,gianluigi donnarumma,,,,,,2026-09-30T08:08:47.866048Z
plr_1d5d63a3,marcus bettinelli,,,,,,2026-09-30T08:08:47.866048Z
plr_6b530063,nico oreilly,,,,,,2026-09-30T08:08:47.866048Z
plr_c7657a97,marc guéhi,,,,,,2026-09-30T08:08:47.866048Z
plr_b4a19c7c,matheus nunes,,,,,,2026-09-30T08:08:47.866048Z
plr_32a8b1bf,rúben dos santos gato alves dias,,,,,,2026-09-30T08:08:47.866048Z
plr_1f94ee27,joško gvardiol,,,,,,2026-09-30T08:08:47.866048Z
plr_d5ab8f74,rayan aïtnouri,,,,,,2026-09-30T08:08:47.866048Z
plr_96230bd1,abdukodir khusanov,,,,,,2026-09-30T08:08:47.866048Z
plr_6c6853af,max alleyne,,,,,,2026-09-30T08:08:47.867048Z
plr_5978cbb5,rico lewis,,,,,,2026-09-30T08:08:47.867048Z
plr_5726da6b,vitor de oliveira nunes dos reis,,,,,,2026-09-30T08:08:47.867048Z
plr_47690a41,antoine semenyo,,,,,,2026-09-30T08:08:47.867048Z
plr_9428cfa5,phil foden,,,,,,2026-09-30T08:08:47.867048Z
plr_ad2a6610,rayan cherki,,,,,,2026-09-30T08:08:47.867048Z
plr_91c38217,jérémy doku,,,,,,2026-09-30T08:08:47.867048Z
plr_c3baba59,rodrigo rodri hernandez cascante,,,,,,2026-09-30T08:08:47.867048Z
plr_2cd37aa9,tijjani reijnders,,,,,,2026-09-30T08:08:47.867048Z
plr_327c2e64,mateo kovačić,,,,,,2026-09-30T08:08:47.867048Z
plr_617bee42,claudio echeverri,,,,,,2026-09-30T08:08:47.867048Z
plr_79aef423,kalvin phillips,,,,,,2026-09-30T08:08:47.867048Z
plr_dd97184f,divine mukasa,,,,,,2026-09-30T08:08:47.867048Z
plr_5813ec23,jeremy monga,,,,,,2026-09-30T08:08:47.867048Z
plr_32d0637a,erling haaland,,,,,,2026-09-30T08:08:47.867048Z
plr_3c38109a,elliot anderson,,,,,,2026-09-30T08:08:47.867048Z
plr_f27f141f,gerónimo rulli,,,,,,2026-09-30T08:08:47.867048Z
plr_3af26ac8,ayyoub bouaddi,,,,,,2026-09-30T08:08:47.867048Z
plr_388db2bd,ryan mcaidoo,,,,,,2026-09-30T08:08:47.867048Z
plr_5658a107,kaden braithwaite,,,,,,2026-09-30T08:08:47.867048Z
plr_dee4f8e2,allan andrade elias,,,,,,2026-09-30T08:08:47.867048Z
plr_47363084,floyd samba,,,,,,2026-09-30T08:08:47.867048Z
plr_6ab12d1e,youri tielemans,,,,,,2026-09-30T08:08:47.867048Z
plr_0dc5432c,carlos baleba,,,,,,2026-09-30T08:08:47.867048Z
plr_fc3a1883,andrey nascimento dos santos,,,,,,2026-09-30T08:08:47.867048Z
plr_80852cd3,karl darlow,,,,,,2026-09-30T08:08:47.867048Z
plr_56d09bf3,senne lammens,,,,,,2026-09-30T08:08:47.867048Z
plr_3939eabb,altay bayındır,,,,,,2026-09-30T08:08:47.867048Z
plr_8e091ee0,tom heaton,,,,,,2026-09-30T08:08:47.867048Z
plr_1ee2618f,patrick dorgu,,,,,,2026-09-30T08:08:47.867048Z
plr_6520be74,matthijs de ligt,,,,,,2026-09-30T08:08:47.867048Z
plr_78f93a20,diogo dalot teixeira,,,,,,2026-09-30T08:08:47.867048Z
plr_ff6d5260,harry maguire,,,,,,2026-09-30T08:08:47.867048Z
plr_1758b467,lisandro martínez,,,,,,2026-09-30T08:08:47.867048Z
plr_e413c04d,leny yoro,,,,,,2026-09-30T08:08:47.867048Z
plr_c3ab397c,ayden heaven,,,,,,2026-09-30T08:08:47.867048Z
plr_17745903,noussair mazraoui,,,,,,2026-09-30T08:08:47.867048Z
plr_c66cd645,luke shaw,,,,,,2026-09-30T08:08:47.867048Z
plr_91d18507,harry amass,,,,,,2026-09-30T08:08:47.867048Z
plr_72c4f907,tyler fredricson,,,,,,2026-09-30T08:08:47.867048Z
plr_11b7fd26,bruno borges fernandes,,,,,,2026-09-30T08:08:47.867048Z
plr_74a4dae1,bryan mbeumo,,,,,,2026-09-30T08:08:47.867048Z
plr_b4f3ca74,matheus santos carneiro da cunha,,,,,,2026-09-30T08:08:47.867048Z
plr_d90c9513,marcus rashford,,,,,,2026-09-30T08:08:47.867048Z
plr_520da832,mason mount,,,,,,2026-09-30T08:08:47.867048Z
plr_8897a424,amad diallo,,,,,,2026-09-30T08:08:47.867048Z
plr_975e0e04,kobbie mainoo,,,,,,2026-09-30T08:08:47.867048Z
plr_a36d0a84,manuel ugarte ribeiro,,,,,,2026-09-30T08:08:47.867048Z
plr_912459a4,jack fletcher,,,,,,2026-09-30T08:08:47.867048Z
plr_3b7e5bce,shea lacey,,,,,,2026-09-30T08:08:47.867048Z
plr_23c0ff58,toby collyer,,,,,,2026-09-30T08:08:47.867048Z
plr_825b0cae,bendito mantato,,,,,,2026-09-30T08:08:47.867048Z
plr_1ecd0ee5,tyler fletcher,,,,,,2026-09-30T08:08:47.867048Z
plr_b57fc594,benjamin sesko,,,,,,2026-09-30T08:08:47.867048Z
plr_85580319,joshua zirkzee,,,,,,2026-09-30T08:08:47.867048Z
plr_e2407673,chido obi,,,,,,2026-09-30T08:08:47.867048Z
plr_ee9a5aae,nico gonzález iglesias,,,,,,2026-09-30T08:08:47.867048Z
plr_a9cba90f,nick pope,,,,,,2026-09-30T08:08:47.867048Z
plr_367abbd8,mark gillespie,,,,,,2026-09-30T08:08:47.867048Z
plr_8f6210b8,ewen jaouen,,,,,,2026-09-30T08:08:47.867048Z
plr_bd307663,malick thiaw,,,,,,2026-09-30T08:08:47.867048Z
plr_154cf3a6,fabian schär,,,,,,2026-09-30T08:08:47.867048Z
plr_903dc22c,sven botman,,,,,,2026-09-30T08:08:47.867048Z
plr_a391a7c3,dan burn,,,,,,2026-09-30T08:08:47.867048Z
plr_9fe73adc,lewis hall,,,,,,2026-09-30T08:08:47.867048Z
plr_df2d169b,tino livramento,,,,,,2026-09-30T08:08:47.867048Z
plr_2d83ba4e,alex murphy,,,,,,2026-09-30T08:08:47.867048Z
plr_e3080848,harvey barnes,,,,,,2026-09-30T08:08:47.867048Z
plr_66523998,anthony elanga,,,,,,2026-09-30T08:08:47.867048Z
plr_b2c9908f,jacob ramsey,,,,,,2026-09-30T08:08:47.867048Z
plr_f67cb2f0,jacob murphy,,,,,,2026-09-30T08:08:47.867048Z
plr_ec18e70f,joelinton cássio apolinário de lira,,,,,,2026-09-30T08:08:47.867048Z
plr_c7158a7e,lewis miley,,,,,,2026-09-30T08:08:47.867048Z
plr_c4fcec91,joe willock,,,,,,2026-09-30T08:08:47.867048Z
plr_a1e2c1bb,bazoumana touré,,,,,,2026-09-30T08:08:47.867048Z
plr_fa118cd2,sean steur,,,,,,2026-09-30T08:08:47.867048Z
plr_ea339b13,nick woltemade,,,,,,2026-09-30T08:08:47.867048Z
plr_d5ac41b8,yoane wissa,,,,,,2026-09-30T08:08:47.867048Z
plr_0c847e5a,william osula,,,,,,2026-09-30T08:08:47.867048Z
plr_794038da,sean neave,,,,,,2026-09-30T08:08:47.867048Z
plr_e94411a5,aladji bamba,,,,,,2026-09-30T08:08:47.867048Z
plr_5f192d8d,lukás hornícek,,,,,,2026-09-30T08:08:47.867048Z
plr_c5d3fe3f,amar dedic,,,,,,2026-09-30T08:08:47.867048Z
plr_5c7700f6,leo shahar,,,,,,2026-09-30T08:08:47.867048Z
plr_40a41e20,matias fernandezpardo,,,,,,2026-09-30T08:08:47.867048Z
plr_98451b71,mason miley,,,,,,2026-09-30T08:08:47.867048Z
plr_b09a5e68,miodrag pivas,,,,,,2026-09-30T08:08:47.867048Z
plr_d76085e5,vakhtang salia,,,,,,2026-09-30T08:08:47.867048Z
plr_cf2819c3,michael mills,,,,,,2026-09-30T08:08:47.867048Z
plr_b5313da9,kyran thompson,,,,,,2026-09-30T08:08:47.867048Z
plr_6a758093,liam delap,,,,,,2026-09-30T08:08:47.867048Z
plr_07ce1903,daniel muñoz mejía,,,,,,2026-09-30T08:08:47.867048Z
plr_a16c6856,matz sels,,,,,,2026-09-30T08:08:47.867048Z
plr_07c55879,john victor maciel furtado,,,,,,2026-09-30T08:08:47.867048Z
plr_4d628c5f,neco williams,,,,,,2026-09-30T08:08:47.867048Z
plr_3eb8a103,felipe rodrigues da silva,,,,,,2026-09-30T08:08:47.867048Z
plr_63ca5407,nikola milenković,,,,,,2026-09-30T08:08:47.867048Z
plr_c4636c35,murillo costa dos santos,,,,,,2026-09-30T08:08:47.867048Z
plr_e0032943,ola aina,,,,,,2026-09-30T08:08:47.867048Z
plr_9a941e93,jair paula da cunha filho,,,,,,2026-09-30T08:08:47.867048Z
plr_ce5f49ba,nicolò savona,,,,,,2026-09-30T08:08:47.867048Z
plr_7e35f2b3,omar richards,,,,,,2026-09-30T08:08:47.867048Z
plr_f1762457,zach abbott,,,,,,2026-09-30T08:08:47.867048Z
plr_946dd854,luca netz,,,,,,2026-09-30T08:08:47.867048Z
plr_1bf7d9ee,tyler bindon,,,,,,2026-09-30T08:08:47.867048Z
plr_149ea922,morgan gibbswhite,,,,,,2026-09-30T08:08:47.868049Z
plr_c6b212a9,callum hudsonodoi,,,,,,2026-09-30T08:08:47.868049Z
plr_1d53f815,dan ndoye,,,,,,2026-09-30T08:08:47.868049Z
plr_94d2cc7f,omari hutchinson,,,,,,2026-09-30T08:08:47.868049Z
plr_4e1a8741,dilane bakwa,,,,,,2026-09-30T08:08:47.868049Z
plr_140325ea,james mcatee,,,,,,2026-09-30T08:08:47.868049Z
plr_6d58bb1d,nicolás domínguez,,,,,,2026-09-30T08:08:47.868049Z
plr_129d6836,ibrahim sangaré,,,,,,2026-09-30T08:08:47.868049Z
plr_e586a7d8,ryan yates,,,,,,2026-09-30T08:08:47.868049Z
plr_166bc2be,chris wood,,,,,,2026-09-30T08:08:47.868049Z
plr_e85894ec,igor jesus maciel da cruz,,,,,,2026-09-30T08:08:47.868049Z
plr_c71b1503,arnaud kalimuendo,,,,,,2026-09-30T08:08:47.868049Z
plr_1ef97f27,xaver schlager,,,,,,2026-09-30T08:08:47.868049Z
plr_8df2d13a,ousmane diomande,,,,,,2026-09-30T08:08:47.868049Z
plr_bc5403b7,steven benda,,,,,,2026-09-30T08:08:47.868049Z
plr_a50f1524,jan paul van hecke,,,,,,2026-09-30T08:08:47.868049Z
plr_f6a7b94b,tosin adarabioyo,,,,,,2026-09-30T08:08:47.868049Z
plr_515bd434,omar marmoush,,,,,,2026-09-30T08:08:47.868049Z
plr_2f8b0f90,sávio moreira de oliveira,,,,,,2026-09-30T08:08:47.868049Z
plr_6d0a6820,sandro tonali,,,,,,2026-09-30T08:08:47.868049Z
plr_a3432a89,guglielmo vicario,,,,,,2026-09-30T08:08:47.868049Z
plr_6a92d40f,brandon austin,,,,,,2026-09-30T08:08:47.868049Z
plr_3f87538a,antonín kinský,,,,,,2026-09-30T08:08:47.868049Z
plr_3439c6c9,martin dubravka,,,,,,2026-09-30T08:08:47.868049Z
plr_bf44e71e,marcos senesi barón,,,,,,2026-09-30T08:08:47.868049Z
plr_237eb48e,pedro porro sauceda,,,,,,2026-09-30T08:08:47.868049Z
plr_035beb42,cristian romero,,,,,,2026-09-30T08:08:47.868049Z
plr_0f66112f,andrew robertson,,,,,,2026-09-30T08:08:47.868049Z
plr_5d4f8b4c,micky van de ven,,,,,,2026-09-30T08:08:47.868049Z
plr_e9e2d3f1,djed spence,,,,,,2026-09-30T08:08:47.868049Z
plr_c7a4181d,destiny udogie,,,,,,2026-09-30T08:08:47.868049Z
plr_73389d61,ashley phillips,,,,,,2026-09-30T08:08:47.868049Z
plr_307f56a6,ben davies,,,,,,2026-09-30T08:08:47.868049Z
plr_53d42d47,junai byfield,,,,,,2026-09-30T08:08:47.868049Z
plr_c648dd46,james rowswell,,,,,,2026-09-30T08:08:47.868049Z
plr_2e348861,joão victor de souza menezes,,,,,,2026-09-30T08:08:47.868049Z
plr_7cb12d47,mohammed kudus,,,,,,2026-09-30T08:08:47.868049Z
plr_5bea3538,xavi simons,,,,,,2026-09-30T08:08:47.868049Z
plr_80c9cd8f,mathys tel,,,,,,2026-09-30T08:08:47.868049Z
plr_3c432561,james maddison,,,,,,2026-09-30T08:08:47.868049Z
plr_01f38b51,rodrigo bentancur,,,,,,2026-09-30T08:08:47.868049Z
plr_9e5e901a,wilson odobert,,,,,,2026-09-30T08:08:47.868049Z
plr_8d030521,pape matar sarr,,,,,,2026-09-30T08:08:47.868049Z
plr_0cee1275,conor gallagher,,,,,,2026-09-30T08:08:47.868049Z
plr_ed897d17,lucas bergvall,,,,,,2026-09-30T08:08:47.868049Z
plr_f71abd0d,dejan kulusevski,,,,,,2026-09-30T08:08:47.868049Z
plr_1b313c5b,archie gray,,,,,,2026-09-30T08:08:47.868049Z
plr_3d726cbd,mikey moore,,,,,,2026-09-30T08:08:47.868049Z
plr_189783ab,callum olusesi,,,,,,2026-09-30T08:08:47.868049Z
plr_9a8d4f3f,mateus fernandes,,,,,,2026-09-30T08:08:47.868049Z
plr_e9d3b2a6,dominic solankemitchell,,,,,,2026-09-30T08:08:47.868049Z
plr_fab427ee,richarlison de andrade,,,,,,2026-09-30T08:08:47.868049Z
plr_719e66b4,dane scarlett,,,,,,2026-09-30T08:08:47.868049Z
plr_5169eaab,mykhailo mudryk,,,,,,2026-09-30T08:08:47.868049Z
plr_655a47ee,luca williamsbarnett,,,,,,2026-09-30T08:08:47.868049Z
plr_634f4e0b,kevin danso,,,,,,2026-09-30T08:08:47.868049Z
plr_66346b3e,robin roefs,,,,,,2026-09-30T08:08:47.868049Z
plr_1cf69d6f,anthony patterson,,,,,,2026-09-30T08:08:47.868049Z
plr_9e02a6dd,melker ellborg,,,,,,2026-09-30T08:08:47.868049Z
plr_f1628e48,daniel ballard,,,,,,2026-09-30T08:08:47.868049Z
plr_8c024b86,nordi mukiele,,,,,,2026-09-30T08:08:47.868049Z
plr_de83edaf,trai hume,,,,,,2026-09-30T08:08:47.868049Z
plr_1b1af16a,omar alderete,,,,,,2026-09-30T08:08:47.868049Z
plr_01132be0,reinildo mandava,,,,,,2026-09-30T08:08:47.868049Z
plr_176bcd15,jenson seelt,,,,,,2026-09-30T08:08:47.868049Z
plr_825d2a46,leo fuhr hjelde,,,,,,2026-09-30T08:08:47.868049Z
plr_e0ea18a4,luke onien,,,,,,2026-09-30T08:08:47.868049Z
plr_6c5a1221,arthur masuaku,,,,,,2026-09-30T08:08:47.868049Z
plr_207d40bd,thomas meunier,,,,,,2026-09-30T08:08:47.868049Z
plr_cb184ed0,enzo le fée,,,,,,2026-09-30T08:08:47.868049Z
plr_c4830c5d,habib diarra,,,,,,2026-09-30T08:08:47.868049Z
plr_bd94b945,granit xhaka,,,,,,2026-09-30T08:08:47.868049Z
plr_ebb4cb1c,noah sadiki,,,,,,2026-09-30T08:08:47.868049Z
plr_d1fb963f,simon adingra,,,,,,2026-09-30T08:08:47.868049Z
plr_eabfb57c,romaine mundle,,,,,,2026-09-30T08:08:47.868049Z
plr_163f61a5,chris rigg,,,,,,2026-09-30T08:08:47.868049Z
plr_98b93fb7,chemsdine talbi,,,,,,2026-09-30T08:08:47.868049Z
plr_f34235e6,djiamgone jocelin ta bi,,,,,,2026-09-30T08:08:47.868049Z
plr_f8bfb762,nilson angulo,,,,,,2026-09-30T08:08:47.868049Z
plr_a19190b0,brian brobbey,,,,,,2026-09-30T08:08:47.868049Z
plr_2410c9c7,wilson isidor,,,,,,2026-09-30T08:08:47.868049Z
plr_23d93b85,dayann méthalie,,,,,,2026-09-30T08:08:47.868049Z
plr_ea8a63be,jules ahoka,,,,,,2026-09-30T08:08:47.868049Z
plr_d1cd0522,malick fofana,,,,,,2026-09-30T08:08:47.868049Z
plr_f18d1155,juan angulo,,,,,,2026-09-30T08:08:47.868049Z
